{"type":"FeatureCollection","features":[{"type":"Feature","properties":{"stage":1,"origin":"Sarria","destination":"Portomarín","source_file":"ES01c28a-Sarria-Portomarin.kml","source":"FEAACS / CNIG-IGN","license":"CC-BY 4.0"},"geometry":{"type":"LineString","coordinates":[[-7.414834387600422,42.77742052450776,0.0],[-7.415008898824454,42.777445670217276,0.0],[-7.415340822190047,42.77745019644499,0.0],[-7.415911462157965,42.777357157319784,0.0],[-7.417577952146531,42.77683597058058,0.0],[-7.417671661823988,42.776855919510126,0.0],[-7.417726647108794,42.77715330943465,0.0],[-7.41787014529109,42.7774304151535,0.0],[-7.418389488011599,42.77766544371843,0.0],[-7.418865077197552,42.777767200022936,0.0],[-7.419317197054625,42.77779519557953,0.0],[-7.419746518135071,42.7778847143054,0.0],[-7.420038208365441,42.77802251279354,0.0],[-7.420597113668919,42.778364662081,0.0],[-7.420849241316319,42.778514698147774,0.0],[-7.420950494706631,42.77841109782457,0.0],[-7.421292308717966,42.77800591662526,0.0],[-7.4220659583807,42.77704669162631,0.0],[-7.42236552760005,42.77665860950947,0.0],[-7.422471977770329,42.77672566473484,0.0],[-7.422549426555634,42.77678584679961,0.0],[-7.42274908348918,42.776972595602274,0.0],[-7.422856204211712,42.77722489088774,0.0],[-7.42346590384841,42.77836298570037,0.0],[-7.42380402982235,42.77836985886097,0.0],[-7.424065880477429,42.77831219136715,0.0],[-7.424377016723156,42.778148744255304,0.0],[-7.425016388297081,42.77800692245364,0.0],[-7.425178829580546,42.77796903625131,0.0],[-7.425252757966519,42.777886390686035,0.0],[-7.425568085163832,42.77750685811043,0.0],[-7.425896655768156,42.777216508984566,0.0],[-7.426606938242913,42.7767707593739,0.0],[-7.426868453621865,42.776605635881424,0.0],[-7.426611967384816,42.77645945549011,0.0],[-7.426543068140746,42.77640514075756,0.0],[-7.426535356789828,42.7763669192791,0.0],[-7.426618169993163,42.77628310024738,0.0],[-7.426868788897992,42.77605528011918,0.0],[-7.427050340920687,42.77582444250584,0.0],[-7.42724983021617,42.77556611225009,0.0],[-7.427540849894286,42.77535220608115,0.0],[-7.427736315876246,42.775254640728235,0.0],[-7.427992634475232,42.775156404823065,0.0],[-7.428151890635491,42.77502531185746,0.0],[-7.428247779607773,42.77488265186548,0.0],[-7.428363952785731,42.774748373776674,0.0],[-7.428675759583712,42.774553913623095,0.0],[-7.428868710994721,42.77447462081909,0.0],[-7.429122515022755,42.77442902326584,0.0],[-7.429598104208708,42.77433531358838,0.0],[-7.429977469146252,42.77424009516835,0.0],[-7.430228758603335,42.77417538687587,0.0],[-7.43031794205308,42.77411302551627,0.0],[-7.430548276752234,42.77371924370527,0.0],[-7.430595383048058,42.773599214851856,0.0],[-7.430864777415991,42.77314893901348,0.0],[-7.431124616414309,42.77269430458546,0.0],[-7.431293763220311,42.77270872145891,0.0],[-7.431706991046667,42.77270620688796,0.0],[-7.432265561074019,42.77264267206192,0.0],[-7.432771157473326,42.77261534705758,0.0],[-7.433401811867953,42.77234109118581,0.0],[-7.433916460722685,42.77229046449065,0.0],[-7.434598580002785,42.77229968458414,0.0],[-7.43541480973363,42.77231980115175,0.0],[-7.435883190482855,42.772365901619196,0.0],[-7.436002381145955,42.77229029685259,0.0],[-7.436006404459477,42.77222592383623,0.0],[-7.435908503830433,42.7721999399364,0.0],[-7.435816135257483,42.77210941538215,0.0],[-7.435755282640458,42.771987710148096,0.0],[-7.435871455818415,42.77156928554177,0.0],[-7.435918226838112,42.77147188782692,0.0],[-7.436113022267819,42.7713243663311,0.0],[-7.436378225684166,42.77122059836984,0.0],[-7.436856999993325,42.77107089757919,0.0],[-7.437476087361575,42.770866714417934,0.0],[-7.437626123428345,42.7708150818944,0.0],[-7.437753528356553,42.7707564085722,0.0],[-7.437982857227326,42.77058457955718,0.0],[-7.438193242996931,42.77043957263231,0.0],[-7.438491638749838,42.770283333957195,0.0],[-7.438727673143149,42.770170513540506,0.0],[-7.43909027427435,42.7700224891305,0.0],[-7.439534682780505,42.76984998956323,0.0],[-7.439605761319399,42.76982802897692,0.0],[-7.439669631421566,42.769813779741526,0.0],[-7.439734842628241,42.76982098817825,0.0],[-7.439825031906367,42.76992358267307,0.0],[-7.439963165670634,42.77010781690478,0.0],[-7.440109848976136,42.77028249576688,0.0],[-7.440228872001172,42.770356591790915,0.0],[-7.44057571515441,42.770433872938156,0.0],[-7.441013250499964,42.770544178783894,0.0],[-7.44139026850462,42.77059530839324,0.0],[-7.441699728369713,42.77060955762863,0.0],[-7.441864516586066,42.770640570670366,0.0],[-7.442196104675532,42.77071885764599,0.0],[-7.442573625594378,42.7708082087338,0.0],[-7.442905716598034,42.77086755260825,0.0],[-7.443078383803368,42.770908791571856,0.0],[-7.443199083209038,42.77092019096017,0.0],[-7.443303521722556,42.770901918411255,0.0],[-7.44340343400836,42.770820278674364,0.0],[-7.443478535860777,42.77060955762863,0.0],[-7.443553637713194,42.77045834809542,0.0],[-7.443758491426707,42.77014737948775,0.0],[-7.443927638232708,42.76998493820429,0.0],[-7.444231398403645,42.769765332341194,0.0],[-7.44440557435155,42.76961479336023,0.0],[-7.444382943212986,42.7692417986691,0.0],[-7.444326784461737,42.76914305984974,0.0],[-7.444171719253064,42.76896972209215,0.0],[-7.444100640714169,42.768876515328884,0.0],[-7.444122433662415,42.76880543678999,0.0],[-7.444194685667754,42.76872279122472,0.0],[-7.444537337869406,42.768578454852104,0.0],[-7.444656863808632,42.76856521144509,0.0],[-7.444765996187926,42.76855934411287,0.0],[-7.444901280105114,42.76858834549785,0.0],[-7.445026673376561,42.768604941666126,0.0],[-7.445160951465369,42.76860058307648,0.0],[-7.445378880947829,42.76851961389184,0.0],[-7.445525564253331,42.76834426447749,0.0],[-7.445918507874012,42.767946626991034,0.0],[-7.446392588317395,42.76754127815366,0.0],[-7.446583863347769,42.767339274287224,0.0],[-7.447115946561098,42.76694867759943,0.0],[-7.447491623461247,42.766791097819805,0.0],[-7.447901498526335,42.766659669578075,0.0],[-7.448286898434163,42.76657937094569,0.0],[-7.448806073516608,42.766572162508965,0.0],[-7.449039593338967,42.76652958244085,0.0],[-7.449350561946631,42.766408044844866,0.0],[-7.449685670435429,42.76628701016307,0.0],[-7.450022622942925,42.766091879457235,0.0],[-7.450214736163617,42.76592390611768,0.0],[-7.450441382825375,42.76594955474138,0.0],[-7.450763247907162,42.76618240401149,0.0],[-7.450882438570261,42.7662836574018,0.0],[-7.450882438570261,42.7662836574018,0.0],[-7.451257109642029,42.76660183444619,0.0],[-7.452018354088068,42.76744890958071,0.0],[-7.452592179179192,42.76812432333827,0.0],[-7.452827375382185,42.76856789365411,0.0],[-7.453153766691685,42.768791019916534,0.0],[-7.453770004212857,42.76915345340967,0.0],[-7.454266045242548,42.76933601126075,0.0],[-7.455377150326968,42.76946660131216,0.0],[-7.455872520804406,42.76958595961332,0.0],[-7.456183657050133,42.769541032612324,0.0],[-7.456446681171656,42.76941832154989,0.0],[-7.456765864044428,42.76910601183772,0.0],[-7.457063756883145,42.768851704895496,0.0],[-7.457401882857085,42.76876939460635,0.0],[-7.457635570317507,42.76869244873524,0.0],[-7.457799687981606,42.76859337463975,0.0],[-7.458056844770909,42.768495474010706,0.0],[-7.458358258008957,42.76835650205612,0.0],[-7.45866134762764,42.768264301121235,0.0],[-7.458840385079384,42.76817210018635,0.0],[-7.459036689251662,42.768016532063484,0.0],[-7.459129057824612,42.768108397722244,0.0],[-7.459362074732781,42.76823680847883,0.0],[-7.45950372889638,42.768366392701864,0.0],[-7.459555864334107,42.7685528062284,0.0],[-7.4596356600523,42.768639642745256,0.0],[-7.459897845983506,42.76879370212555,0.0],[-7.460289113223553,42.76894072070718,0.0],[-7.460699658840895,42.769125290215015,0.0],[-7.461026720702649,42.76920424774289,0.0],[-7.461280021816492,42.76919636875391,0.0],[-7.461529131978751,42.76915496215224,0.0],[-7.462418116629124,42.76932226493955,0.0],[-7.462574020028115,42.76934506371617,0.0],[-7.462947852909565,42.76930868625641,0.0],[-7.463189419358969,42.76927348226309,0.0],[-7.463360745459795,42.769323103129864,0.0],[-7.463609855622054,42.769492752850056,0.0],[-7.463801968842745,42.76959199458361,0.0],[-7.464075889438391,42.769682351499796,0.0],[-7.464428264647723,42.769707161933184,0.0],[-7.464831769466401,42.76967916637659,0.0],[-7.464970573782921,42.76973783969879,0.0],[-7.465196382254362,42.769944202154875,0.0],[-7.465383801609278,42.7700499817729,0.0],[-7.465792335569859,42.77010211721063,0.0],[-7.46620623394847,42.77014771476388,0.0],[-7.466428019106388,42.770214099437,0.0],[-7.466545701026917,42.770361453294754,0.0],[-7.46665382757783,42.77066437527537,0.0],[-7.466727588325739,42.770867720246315,0.0],[-7.466952726244927,42.77087073773146,0.0],[-7.467120531946421,42.771000657230616,0.0],[-7.467174008488655,42.77114029973745,0.0],[-7.467154562473298,42.77122529223561,0.0],[-7.467090524733067,42.77143735438585,0.0],[-7.46709505096078,42.77153290808201,0.0],[-7.467317171394825,42.77173323556781,0.0],[-7.468011025339365,42.77236606925726,0.0],[-7.468426935374737,42.77266647666693,0.0],[-7.468954492360354,42.77308205142617,0.0],[-7.469260767102242,42.77326410636306,0.0],[-7.46968673542142,42.77344934642315,0.0],[-7.469882871955634,42.77355981990695,0.0],[-7.470916192978621,42.774202544242144,0.0],[-7.470996491611004,42.77430262416601,0.0],[-7.471232526004315,42.77462163940072,0.0],[-7.471464704722166,42.774818278849125,0.0],[-7.471775505691767,42.77493378147483,0.0],[-7.472006678581238,42.775012236088514,0.0],[-7.472223602235318,42.774952221661806,0.0],[-7.473473679274321,42.774566654115915,0.0],[-7.475774176418782,42.77387011796236,0.0],[-7.476156391203404,42.77366828173399,0.0],[-7.476406842470169,42.77353886514902,0.0],[-7.476604487746954,42.773510701954365,0.0],[-7.476752176880837,42.7734692953527,0.0],[-7.476885449141264,42.77333216741681,0.0],[-7.47710706666112,42.77318079024553,0.0],[-7.477391883730889,42.77316486462951,0.0],[-7.477761693298817,42.773150112479925,0.0],[-7.478090431541205,42.77312412858009,0.0],[-7.478316072374583,42.77308138087392,0.0],[-7.478496450930834,42.77295967563987,0.0],[-7.478706166148186,42.77284702286124,0.0],[-7.478924933820963,42.77280796319246,0.0],[-7.479178402572871,42.77275750413537,0.0],[-7.479390632361174,42.772691287100315,0.0],[-7.479554414749146,42.77263965457678,0.0],[-7.479663882404566,42.77259958907962,0.0],[-7.479768488556147,42.77258114889264,0.0],[-7.47988248243928,42.77261182665825,0.0],[-7.479937467724085,42.772667817771435,0.0],[-7.47997384518385,42.77279421687126,0.0],[-7.479978874325753,42.77293251827359,0.0],[-7.479869574308396,42.773052379488945,0.0],[-7.479821294546128,42.773237619549036,0.0],[-7.479863036423922,42.77351640164852,0.0],[-7.479928582906723,42.773726619780064,0.0],[-7.480051629245282,42.77421595528722,0.0],[-7.48014634475112,42.77441829442978,0.0],[-7.480352707207203,42.77470897883177,0.0],[-7.480573151260615,42.77493562549353,0.0],[-7.480668537318707,42.774992790073156,0.0],[-7.480727210640908,42.77507459744811,0.0],[-7.480729222297669,42.775150034576654,0.0],[-7.480724193155766,42.7752772718668,0.0],[-7.480818741023541,42.77554716914892,0.0],[-7.4811333976686,42.77624521404505,0.0],[-7.48124185949564,42.77652768418193,0.0],[-7.481393236666918,42.77675734832883,0.0],[-7.481642346829176,42.77702087536454,0.0],[-7.481620218604803,42.77711844071746,0.0],[-7.481875028461218,42.77791656553745,0.0],[-7.482113912701607,42.77835141867399,0.0],[-7.482752446085215,42.77926940470934,0.0],[-7.483193334192038,42.7801158092916,0.0],[-7.48328821733594,42.78041370213032,0.0],[-7.483292073011399,42.780425772070885,0.0],[-7.483298778533936,42.780453599989414,0.0],[-7.483462058007718,42.78074277564883,0.0],[-7.483880985528231,42.78104284778237,0.0],[-7.484258003532887,42.78115063905716,0.0],[-7.484780531376601,42.781146448105574,0.0],[-7.485626097768546,42.78101418167353,0.0],[-7.486208304762841,42.78096741065383,0.0],[-7.486852034926415,42.780961375683546,0.0],[-7.487473636865616,42.780951987951994,0.0],[-7.487731967121363,42.7809913828969,0.0],[-7.488158103078604,42.781104035675526,0.0],[-7.489010039716959,42.78109263628721,0.0],[-7.489902209490538,42.78106464073062,0.0],[-7.490485589951277,42.78102708980441,0.0],[-7.490864451974631,42.7810363098979,0.0],[-7.491405084729195,42.78093857690692,0.0],[-7.491905987262726,42.78078854084015,0.0],[-7.492356933653355,42.780680917203426,0.0],[-7.492786590009928,42.780573293566704,0.0],[-7.493203170597554,42.78053842484951,0.0],[-7.493466697633267,42.78053641319275,0.0],[-7.493685297667981,42.78037900105119,0.0],[-7.493945807218552,42.780262157320976,0.0],[-7.494113277643919,42.78022259473801,0.0],[-7.494394071400166,42.7802106924355,0.0],[-7.494580484926701,42.78027791529894,0.0],[-7.494622226804495,42.78042929247022,0.0],[-7.495052888989449,42.78069382533431,0.0],[-7.495349608361721,42.78085073456168,0.0],[-7.495604418218136,42.7809845097363,0.0],[-7.495809271931649,42.78084369376302,0.0],[-7.495963834226132,42.780671529471874,0.0],[-7.495968528091908,42.78048159554601,0.0],[-7.49589141458273,42.78011664748192,0.0],[-7.495873309671879,42.779973819851875,0.0],[-7.495876830071211,42.77983149513602,0.0],[-7.495923601090908,42.779673747718334,0.0],[-7.496043294668198,42.77954014018178,0.0],[-7.496210429817439,42.77950644493103,0.0],[-7.496477980166674,42.77949672192335,0.0],[-7.496805880218745,42.77948196977377,0.0],[-7.497392613440752,42.77937652543187,0.0],[-7.498298361897469,42.77926169335842,0.0],[-7.499012500047684,42.779065389186144,0.0],[-7.499259933829308,42.778978887945414,0.0],[-7.499389182776213,42.77886925265193,0.0],[-7.499450538307429,42.77876749634743,0.0],[-7.499450370669365,42.77863087132573,0.0],[-7.499705851078034,42.778456192463636,0.0],[-7.500059735029936,42.77817623689771,0.0],[-7.500269617885352,42.777939196676016,0.0],[-7.500480338931084,42.77785252779722,0.0],[-7.500647641718388,42.777829729020596,0.0],[-7.500867079943419,42.77782352641225,0.0],[-7.500991132110358,42.77780022472143,0.0],[-7.501240074634552,42.777746580541134,0.0],[-7.501401342451573,42.77772109955549,0.0],[-7.501980867236853,42.77778211981058,0.0],[-7.502234168350697,42.777472492307425,0.0],[-7.502323016524315,42.77741800993681,0.0],[-7.502899020910263,42.77730451896787,0.0],[-7.503420878201723,42.77732379734516,0.0],[-7.503610644489527,42.7774322591722,0.0],[-7.503779288381339,42.77749193832278,0.0],[-7.504256051033736,42.77753468602896,0.0],[-7.504677828401328,42.77750048786402,0.0],[-7.505090553313494,42.77727384120226,0.0],[-7.505247462540865,42.77725540101528,0.0],[-7.505575865507126,42.777221873402596,0.0],[-7.505928240716458,42.77718750759959,0.0],[-7.50621322542429,42.777238469570875,0.0],[-7.506709434092045,42.77748188003898,0.0],[-7.507642339915038,42.77809342369437,0.0],[-7.508068475872279,42.77835628017783,0.0],[-7.508314903825522,42.77873430401087,0.0],[-7.508512884378434,42.778803538531065,0.0],[-7.508729137480259,42.778744362294674,0.0],[-7.508966680616141,42.778672613203526,0.0],[-7.509208582341671,42.77858443558216,0.0],[-7.509407903999091,42.77842400595546,0.0],[-7.509533129632473,42.77816265821457,0.0],[-7.509757094085217,42.77832593768835,0.0],[-7.509913165122271,42.77837052941322,0.0],[-7.510222624987364,42.77843289077282,0.0],[-7.51056594774127,42.77851385995746,0.0],[-7.510820422321558,42.77858208864927,0.0],[-7.511108759790659,42.77866121381521,0.0],[-7.51132283359766,42.77875408530235,0.0],[-7.511475887149573,42.778785433620214,0.0],[-7.511909734457732,42.77879750356078,0.0],[-7.512365207076073,42.77872575446963,0.0],[-7.512530330568552,42.778688203543425,0.0],[-7.512652538716793,42.778694070875645,0.0],[-7.512819673866034,42.77872759848833,0.0],[-7.513353433459998,42.77890428900719,0.0],[-7.51366725191474,42.77899431064725,0.0],[-7.513820137828589,42.779023479670286,0.0],[-7.513974197208882,42.77901090681553,0.0],[-7.514282818883658,42.77895826846361,0.0],[-7.514460012316704,42.7789312787354,0.0],[-7.51455020159483,42.77896597981453,0.0],[-7.514843903481961,42.77917938306928,0.0],[-7.515017911791802,42.7792283333838,0.0],[-7.515172474086285,42.77922347187996,0.0],[-7.515252772718668,42.779216431081295,0.0],[-7.515687625855208,42.77959210798144,0.0],[-7.516031786799431,42.779649775475264,0.0],[-7.516539730131627,42.77968028560281,0.0],[-7.516805268824101,42.779684979468584,0.0],[-7.517175078392029,42.779842894524336,0.0],[-7.517600376158953,42.780038360506296,0.0],[-7.518006563186646,42.78013860806823,0.0],[-7.519118506461382,42.7803904004395,0.0],[-7.519310452044011,42.78045628219843,0.0],[-7.519519999623299,42.7806805819273,0.0],[-7.519729714840651,42.78090488165617,0.0],[-7.52006683498621,42.78119405731559,0.0],[-7.520579136908055,42.78134325519204,0.0],[-7.52077678218484,42.78148440644145,0.0],[-7.520745266228915,42.781591191887856,0.0],[-7.520711403340102,42.78178146108985,0.0],[-7.520759850740433,42.78188372030854,0.0],[-7.520946431905032,42.78199754655361,0.0],[-7.521139886230231,42.78214858844876,0.0],[-7.521199397742749,42.78229124844074,0.0],[-7.521168552339077,42.7823556214571,0.0],[-7.521084733307362,42.782530300319195,0.0],[-7.521071657538414,42.78272761031985,0.0],[-7.521122787147761,42.78286708518863,0.0],[-7.521209120750428,42.7829359844327,0.0],[-7.521248515695334,42.78299633413553,0.0],[-7.521217670291663,42.783205546438694,0.0],[-7.521321941167117,42.78337586671114,0.0],[-7.521410118788481,42.78353948146105,0.0],[-7.521169222891331,42.7837510406971,0.0],[-7.521014660596848,42.78405178338289,0.0],[-7.521190512925387,42.78430240228772,0.0],[-7.521317750215531,42.78457146137953,0.0],[-7.521522101014853,42.784919645637274,0.0],[-7.52178579568863,42.78507202863693,0.0],[-7.522097937762738,42.78527336195111,0.0],[-7.52220556139946,42.78529582545161,0.0],[-7.522377725690604,42.78527956455946,0.0],[-7.522635217756033,42.7851996012032,0.0],[-7.522930763661862,42.78510170057416,0.0],[-7.523370981216431,42.78491294011474,0.0],[-7.523722853511572,42.784744799137115,0.0],[-7.523972969502211,42.78461538255215,0.0],[-7.524289637804032,42.784514632076025,0.0],[-7.524892631918192,42.78434967622161,0.0],[-7.525094468146563,42.78428949415684,0.0],[-7.525322958827019,42.78419075533748,0.0],[-7.525513898581267,42.78409134596586,0.0],[-7.525683213025332,42.784019596874714,0.0],[-7.525804918259383,42.784011885523796,0.0],[-7.525964006781578,42.7840169146657,0.0],[-7.5261390209198,42.78405010700226,0.0],[-7.526323255151511,42.784061674028635,0.0],[-7.526495587080717,42.78403619304299,0.0],[-7.526643108576537,42.78399797156453,0.0],[-7.526906132698059,42.78386252000928,0.0],[-7.527291364967823,42.78369169682264,0.0],[-7.527447603642941,42.78363822028041,0.0],[-7.527666538953782,42.78359781950712,0.0],[-7.527821268886328,42.78360586613417,0.0],[-7.52807641401887,42.78362765908241,0.0],[-7.528506070375443,42.7837042696774,0.0],[-7.528740093111992,42.78372874483466,0.0],[-7.528944276273251,42.78374483808875,0.0],[-7.529140748083592,42.78378004208207,0.0],[-7.529313918203116,42.78381759300828,0.0],[-7.529610972851515,42.783786077052355,0.0],[-7.529686745256186,42.783925384283066,0.0],[-7.530108522623778,42.78390124440193,0.0],[-7.530618142336607,42.78392085805535,0.0],[-7.530939504504204,42.783797811716795,0.0],[-7.531188614666462,42.783566638827324,0.0],[-7.531534787267447,42.783467061817646,0.0],[-7.531849443912506,42.7834608592093,0.0],[-7.532733399420977,42.78353160247207,0.0],[-7.532908245921135,42.78355859220028,0.0],[-7.532908245921135,42.78355859220028,0.0],[-7.533286269754172,42.78361693024635,0.0],[-7.533396910876036,42.78362648561597,0.0],[-7.533434964716435,42.78350813314319,0.0],[-7.533937208354474,42.78349103406072,0.0],[-7.535173539072276,42.7835956402123,0.0],[-7.535551730543375,42.78363520279527,0.0],[-7.53617886453867,42.783751878887415,0.0],[-7.536716479808093,42.78383368626237,0.0],[-7.537663970142603,42.78394214808941,0.0],[-7.538416162133217,42.78414163738489,0.0],[-7.539113033562899,42.78425261378288,0.0],[-7.539292238652707,42.78427893295884,0.0],[-7.539393994957209,42.78421523049474,0.0],[-7.540477942675352,42.78434397652745,0.0],[-7.540580201894045,42.78437063097954,0.0],[-7.541146483272314,42.78466634452343,0.0],[-7.541368436068297,42.78481353074312,0.0],[-7.541703209280968,42.78495853766799,0.0],[-7.542007975280285,42.78499625623226,0.0],[-7.542343251407147,42.785121984779835,0.0],[-7.542429082095623,42.78494529426098,0.0],[-7.542506530880928,42.784819565713406,0.0],[-7.542634271085263,42.784728705883026,0.0],[-7.542789503932,42.78475385159254,0.0],[-7.543115057051182,42.784747648984194,0.0],[-7.543206587433815,42.78482157737017,0.0],[-7.543409932404757,42.7849080786109,0.0],[-7.543747052550316,42.78494294732809,0.0],[-7.543912176042796,42.784940768033266,0.0],[-7.544659338891507,42.78491176664829,0.0],[-7.544786743819714,42.784893326461315,0.0],[-7.545168623328209,42.78462326154113,0.0],[-7.545482106506825,42.784427125006914,0.0],[-7.545586545020342,42.784392926841974,0.0],[-7.545739933848381,42.78437985107303,0.0],[-7.546006813645363,42.78439795598388,0.0],[-7.546215523034335,42.784748654812574,0.0],[-7.54629448056221,42.78498686850071,0.0],[-7.546366900205613,42.7851221524179,0.0],[-7.546540908515454,42.78507001698017,0.0],[-7.546836789697409,42.78495367616415,0.0],[-7.547093946486712,42.78472702950239,0.0],[-7.54723459482193,42.78455754742026,0.0],[-7.547649331390858,42.78447423130274,0.0],[-7.547839265316725,42.78443852439523,0.0],[-7.548171021044255,42.78422746807337,0.0],[-7.548436559736729,42.78410291299224,0.0],[-7.54900636151433,42.784008868038654,0.0],[-7.549558058381081,42.78395254164934,0.0],[-7.550230622291565,42.783965952694416,0.0],[-7.550573777407408,42.78416208922863,0.0],[-7.550993040204049,42.784290835261345,0.0],[-7.551395371556282,42.78429049998522,0.0],[-7.551761325448752,42.78420215472579,0.0],[-7.552168518304825,42.78422495350242,0.0],[-7.552965637296439,42.784073408693075,0.0],[-7.553396467119456,42.783995289355516,0.0],[-7.553700059652329,42.78393376618624,0.0],[-7.553908936679364,42.78392085805535,0.0],[-7.554243039339781,42.783815916627645,0.0],[-7.554365247488022,42.78374148532748,0.0],[-7.555177621543408,42.78307629749179,0.0],[-7.555411141365767,42.78294252231717,0.0],[-7.555429916828871,42.782835233956575,0.0],[-7.555673494935036,42.782793659716845,0.0],[-7.5558808632195,42.78286188840866,0.0],[-7.556081861257553,42.78294403105974,0.0],[-7.556275650858879,42.782951071858406,0.0],[-7.556463740766049,42.782995495945215,0.0],[-7.55664998665452,42.78312440961599,0.0],[-7.556924745440483,42.78343990445137,0.0],[-7.556961122900248,42.783584240823984,0.0],[-7.557027842849493,42.78367141261697,0.0],[-7.557372841984034,42.784209195524454,0.0],[-7.557768300175667,42.78448613360524,0.0],[-7.558351680636406,42.78465276584029,0.0],[-7.558580171316862,42.78464572504163,0.0],[-7.558978646993637,42.78452418744564,0.0],[-7.559087108820677,42.78453944250941,0.0],[-7.55913270637393,42.78457581996918,0.0],[-7.559191547334195,42.78463415801525,0.0],[-7.559299673885107,42.784768771380186,0.0],[-7.559468820691109,42.7848975174129,0.0],[-7.55976252257824,42.785090301185846,0.0],[-7.55983779206872,42.78515601530671,0.0],[-7.559992354363203,42.78530940413475,0.0],[-7.560464423149825,42.78572045266628,0.0],[-7.560921739786864,42.7860302478075,0.0],[-7.561006899923087,42.78606930747628,0.0],[-7.561412416398526,42.78608288615942,0.0],[-7.561791613698006,42.78614575043321,0.0],[-7.562039382755757,42.78628522530198,0.0],[-7.562244236469269,42.78631221503019,0.0],[-7.562477756291628,42.786527797579765,0.0],[-7.562762573361397,42.78670499101281,0.0],[-7.5628418661654,42.78692761436105,0.0],[-7.563198599964381,42.78699131682515,0.0],[-7.563416529446841,42.78695208951831,0.0],[-7.563759684562683,42.787100952118635,0.0],[-7.56409278139472,42.78731821104884,0.0],[-7.565055526793003,42.78760235756636,0.0],[-7.565520890057087,42.787786927074194,0.0],[-7.565738819539547,42.787949200719595,0.0],[-7.566134277731181,42.78801206499338,0.0],[-7.566572483628989,42.78812471777201,0.0],[-7.566869538277388,42.7883667871356,0.0],[-7.566938102245331,42.78842194005847,0.0],[-7.567007169127465,42.78848513960838,0.0],[-7.567168269306422,42.78850978240371,0.0],[-7.567374464124442,42.788505759090185,0.0],[-7.567541599273682,42.78848145157099,0.0],[-7.567662131041289,42.78852889314294,0.0],[-7.568028084933758,42.788652274757624,0.0],[-7.568342071026564,42.788715809583664,0.0],[-7.568578775972128,42.78869401663542,0.0],[-7.568706683814526,42.788687478750944,0.0],[-7.568956296890974,42.78878269717097,0.0],[-7.56941881030798,42.788845393806696,0.0],[-7.56965333595872,42.78900096192956,0.0],[-7.570236213505268,42.78923163190484,0.0],[-7.570522204041481,42.789378482848406,0.0],[-7.570840045809746,42.789565566927195,0.0],[-7.571171969175339,42.790000420063734,0.0],[-7.571674548089505,42.79042571783066,0.0],[-7.57215952500701,42.790795024484396,0.0],[-7.57230956107378,42.790866773575544,0.0],[-7.572573591023684,42.7909398637712,0.0],[-7.572896126657725,42.79094388708472,0.0],[-7.573474980890751,42.79099116101861,0.0],[-7.573814280331135,42.790971044451,0.0],[-7.574395146220923,42.7909485809505,0.0],[-7.57483184337616,42.790940031409264,0.0],[-7.575115654617548,42.79097154736519,0.0],[-7.575512453913689,42.79104631394148,0.0],[-7.575815040618182,42.79109191149473,0.0],[-7.576708383858204,42.79105452820659,0.0],[-7.57734339684248,42.79096467420459,0.0],[-7.578377891331911,42.790798880159855,0.0],[-7.579007372260094,42.790777925401926,0.0],[-7.57958471775055,42.79081815853715,0.0],[-7.58018720895052,42.79088420793414,0.0],[-7.581079546362162,42.791018318384886,0.0],[-7.582631036639214,42.791219148784876,0.0],[-7.582894060760737,42.79133414849639,0.0],[-7.583024650812149,42.791433557868004,0.0],[-7.583060190081597,42.79149457812309,0.0],[-7.583171501755715,42.79150027781725,0.0],[-7.583407033234835,42.79144428670406,0.0],[-7.583732586354018,42.79171468690038,0.0],[-7.583978176116944,42.7920295111835,0.0],[-7.58399410173297,42.79232690110803,0.0],[-7.584374304860831,42.79273057356477,0.0],[-7.584699522703886,42.79317229986191,0.0],[-7.58627599105239,42.793739922344685,0.0],[-7.586574386805296,42.79390404000878,0.0],[-7.58679885417223,42.79403228312731,0.0],[-7.587086185812951,42.79407620429993,0.0],[-7.587798647582531,42.793921642005444,0.0],[-7.588099390268326,42.793991547077894,0.0],[-7.588314637541771,42.7941295132041,0.0],[-7.588967923074961,42.7942450158298,0.0],[-7.590023875236512,42.7943816408515,0.0],[-7.590623013675213,42.79441265389323,0.0],[-7.591331955045462,42.79430419206619,0.0],[-7.59223435074091,42.79456101357937,0.0],[-7.593114282935858,42.79480945318937,0.0],[-7.593608144670725,42.79489008709788,0.0],[-7.594054397195578,42.79492462053895,0.0],[-7.594308871775866,42.79493836686015,0.0],[-7.595379073172808,42.795200888067484,0.0],[-7.596181724220515,42.795284539461136,0.0],[-7.59685629978776,42.795227374881506,0.0],[-7.597035337239504,42.79519569128752,0.0],[-7.597504891455174,42.79536299407482,0.0],[-7.598274350166321,42.79554236680269,0.0],[-7.598585486412049,42.79557153582573,0.0],[-7.599256709218026,42.79549475759268,0.0],[-7.599821481853724,42.795535661280155,0.0],[-7.60076578706503,42.79564931988716,0.0],[-7.601045072078705,42.79553817585111,0.0],[-7.601261995732785,42.795530296862125,0.0],[-7.60165460407734,42.795488722622395,0.0],[-7.601944282650948,42.79545150697231,0.0],[-7.602198086678982,42.79551504179835,0.0],[-7.602333705872298,42.795689050108194,0.0],[-7.602724973112345,42.795711010694504,0.0],[-7.603217829018832,42.795688044279814,0.0],[-7.6035475730896,42.79561277478933,0.0],[-7.603653017431498,42.795396856963634,0.0],[-7.60390380397439,42.79530482366681,0.0],[-7.604162637144328,42.79510114341974,0.0],[-7.604471258819104,42.795101813971996,0.0],[-7.604787256568671,42.795101311057806,0.0],[-7.605194952338934,42.79521597549319,0.0],[-7.605512626469136,42.79529778286815,0.0],[-7.605604995042086,42.795330472290516,0.0],[-7.605718318372965,42.79539383947849,0.0],[-7.605824768543244,42.79544262215495,0.0],[-7.605988718569279,42.79547883197665,0.0],[-7.606245540082455,42.79549777507782,0.0],[-7.606601268053055,42.79557757079601,0.0],[-7.607253212481738,42.79565166682005,0.0],[-7.607833072543145,42.795701287686825,0.0],[-7.608073465526104,42.79576616361737,0.0],[-7.608425337821246,42.79590396210551,0.0],[-7.608766816556454,42.79596095904708,0.0],[-7.609179876744748,42.796060871332884,0.0],[-7.609303090721369,42.79632657766342,0.0],[-7.609142996370793,42.796452809125185,0.0],[-7.609078623354435,42.79652589932084,0.0],[-7.609059177339077,42.79658256098628,0.0],[-7.609830480068922,42.79656697064638,0.0],[-7.610327862203122,42.796453312039375,0.0],[-7.610533386468888,42.79643604531884,0.0],[-7.610724996775389,42.79650092124939,0.0],[-7.610929347574711,42.79663134366274,0.0],[-7.611316591501236,42.796972654759884,0.0],[-7.611872646957636,42.79752468690276,0.0],[-7.612394504249096,42.79796725139022,0.0],[-7.612485531717539,42.79800647869706,0.0],[-7.612511515617371,42.7980787307024,0.0],[-7.612755093723536,42.7984706684947,0.0],[-7.612983584403992,42.79876654967666,0.0],[-7.613188773393631,42.79896738007665,0.0],[-7.613454982638359,42.799096293747425,0.0],[-7.613783720880747,42.799218501895666,0.0],[-7.614130564033986,42.799291256815195,0.0],[-7.614292167127133,42.799467109143734,0.0],[-7.614598944783211,42.79979266226292,0.0],[-7.614899855107069,42.800033055245876,0.0],[-7.615237981081009,42.80016565695405,0.0],[-7.615452222526074,42.800221145153046,0.0],[-7.615576274693013,42.800225503742695,0.0],[-7.61569194495678,42.8002648986876,0.0],[-7.615883722901345,42.8005413338542,0.0],[-7.616080697625876,42.8006274998188,0.0],[-7.61635797098279,42.800659351050854,0.0],[-7.616542875766755,42.80070561915636,0.0],[-7.616836745291949,42.800731770694256,0.0],[-7.617051992565394,42.80080469325185,0.0],[-7.617160454392434,42.80083956196904,0.0],[-7.617006059736014,42.80093930661678,0.0],[-7.617105972021819,42.80099479481578,0.0],[-7.616133000701666,42.80161153525114,0.0],[-7.615706194192171,42.80194949358702,0.0],[-7.61551508679986,42.80204823240638,0.0],[-7.615249883383513,42.802100367844105,0.0],[-7.615051399916411,42.80222190544009,0.0],[-7.61682216078043,42.80495021492243,0.0],[-7.616854514926672,42.804965637624264,0.0]]}},{"type":"Feature","properties":{"stage":2,"origin":"Portomarín","destination":"Palas de Rei","source_file":"ES01c29a-Portomarin-PalasdeRei.kml","source":"FEAACS / CNIG-IGN","license":"CC-BY 4.0"},"geometry":{"type":"LineString","coordinates":[[-7.616854514926672,42.804965637624264,0.0],[-7.616864070296288,42.80497033149004,0.0],[-7.617191467434168,42.80498810112476,0.0],[-7.617792617529631,42.805124558508396,0.0],[-7.618357725441456,42.805263698101044,0.0],[-7.618599459528923,42.80538825318217,0.0],[-7.618825268000365,42.80558690428734,0.0],[-7.618991062045098,42.80573911964893,0.0],[-7.619944922626019,42.805300410836935,0.0],[-7.619884740561247,42.80523285269737,0.0],[-7.619701344519854,42.80465232208371,0.0],[-7.619509901851416,42.8044456243515,0.0],[-7.619281075894833,42.804214619100094,0.0],[-7.619208656251431,42.804045639932156,0.0],[-7.619228940457106,42.80388806015253,0.0],[-7.61938501149416,42.80372964218259,0.0],[-7.61971089988947,42.80351338908076,0.0],[-7.620169557631016,42.8032299131155,0.0],[-7.62061681598425,42.80294694006443,0.0],[-7.621213104575873,42.802565563470125,0.0],[-7.621417287737132,42.802443858236074,0.0],[-7.621768657118082,42.80208645388484,0.0],[-7.622047606855631,42.80177330598235,0.0],[-7.622313480824232,42.801469545811415,0.0],[-7.622592598199845,42.80136611312628,0.0],[-7.62284740805626,42.801234014332294,0.0],[-7.623012531548739,42.801166120916605,0.0],[-7.623177152127028,42.801103089004755,0.0],[-7.623321656137705,42.80100217089057,0.0],[-7.623652741312981,42.80087208375335,0.0],[-7.623875197023154,42.800774686038494,0.0],[-7.624113745987416,42.80063604936004,0.0],[-7.62441348284483,42.800506465137005,0.0],[-7.624773737043143,42.80023019760847,0.0],[-7.624953947961331,42.799996845424175,0.0],[-7.625132314860821,42.79985535889864,0.0],[-7.62541763484478,42.79989592730999,0.0],[-7.625609580427409,42.799890730530024,0.0],[-7.625930942595005,42.799827698618174,0.0],[-7.626285832375288,42.799772545695305,0.0],[-7.626407034695149,42.79976902529597,0.0],[-7.626551035791636,42.799800373613834,0.0],[-7.6267066039145,42.79992626979947,0.0],[-7.626797463744879,42.80008586123586,0.0],[-7.626897711306811,42.800270430743694,0.0],[-7.626983541995287,42.80034586787224,0.0],[-7.627093680202961,42.800402361899614,0.0],[-7.62729836627841,42.80052674934268,0.0],[-7.627731040120125,42.800724897533655,0.0],[-7.628074027597905,42.800924219191074,0.0],[-7.628459092229605,42.8011198528111,0.0],[-7.628861758857966,42.801167629659176,0.0],[-7.629431895911694,42.80125044286251,0.0],[-7.629892397671938,42.80139243230224,0.0],[-7.630288023501635,42.80151078477502,0.0],[-7.630797140300274,42.80172552913427,0.0],[-7.631389908492566,42.801989894360304,0.0],[-7.631858289241791,42.80217379331589,0.0],[-7.632317282259465,42.802264988422394,0.0],[-7.63284333050251,42.802341766655445,0.0],[-7.633115239441395,42.80238401144743,0.0],[-7.633389830589295,42.802417036145926,0.0],[-7.63370918110013,42.80247671529651,0.0],[-7.634336818009615,42.802646700292826,0.0],[-7.635259162634612,42.80290553346276,0.0],[-7.636257112026215,42.80316889286041,0.0],[-7.636750303208828,42.803321443498135,0.0],[-7.637210302054882,42.803484722971916,0.0],[-7.637665774673224,42.80364850535989,0.0],[-7.638016641139985,42.803835924714804,0.0],[-7.6383594609797,42.804160472005606,0.0],[-7.638924904167653,42.80471719801426,0.0],[-7.639359924942255,42.80516663566232,0.0],[-7.639621105045081,42.80548078939319,0.0],[-7.639758735895157,42.80561305582523,0.0],[-7.639907263219357,42.80571699142456,0.0],[-7.64032619073987,42.805985044687986,0.0],[-7.640731371939183,42.80636843293905,0.0],[-7.641047537326813,42.80668795108795,0.0],[-7.641334533691407,42.80690671876073,0.0],[-7.641526646912098,42.80708055943251,0.0],[-7.6415403932333,42.807180136442184,0.0],[-7.641482893377543,42.80735246837139,0.0],[-7.641724962741137,42.80731240287423,0.0],[-7.64222837984562,42.80729463323951,0.0],[-7.642782256007195,42.80729614198208,0.0],[-7.643383238464594,42.80834974721074,0.0],[-7.643748186528683,42.80897453427315,0.0],[-7.64413258060813,42.80970945954323,0.0],[-7.644451092928648,42.81040968373418,0.0],[-7.644662652164698,42.81094277277589,0.0],[-7.645660769194365,42.81148826703429,0.0],[-7.646013647317887,42.811630591750145,0.0],[-7.646458223462105,42.81172161921859,0.0],[-7.648372817784548,42.81178230419755,0.0],[-7.654615659266711,42.811941895633936,0.0],[-7.656516171991825,42.812025882303715,0.0],[-7.65769986435771,42.81206360086799,0.0],[-7.65840394422412,42.81212428584695,0.0],[-7.658974584192038,42.81207852065563,0.0],[-7.660105805844069,42.8122666105628,0.0],[-7.661350015550852,42.81246677041054,0.0],[-7.661717478185892,42.81252812594175,0.0],[-7.662051413208247,42.81258210539818,0.0],[-7.662550304085017,42.81263088807464,0.0],[-7.663120441138745,42.81273867934942,0.0],[-7.663649674504996,42.812725603580475,0.0],[-7.663860395550728,42.81272007152438,0.0],[-7.664051838219166,42.81289089471102,0.0],[-7.664290890097618,42.81313430517912,0.0],[-7.66456950455904,42.81335910782218,0.0],[-7.664793636649847,42.81347880139947,0.0],[-7.665336951613427,42.813756074756384,0.0],[-7.666086126118899,42.814008202403784,0.0],[-7.666698675602675,42.814302407205105,0.0],[-7.66726965084672,42.81455855816603,0.0],[-7.667555138468743,42.814692836254835,0.0],[-7.668119408190251,42.81486164778471,0.0],[-7.66850732266903,42.81495971605182,0.0],[-7.66883471980691,42.81511327251792,0.0],[-7.669066563248635,42.81517429277301,0.0],[-7.669225484132767,42.815195415169,0.0],[-7.669496051967144,42.81531024724245,0.0],[-7.66978606581688,42.81544033437967,0.0],[-7.670075912028551,42.81555416062474,0.0],[-7.670783512294293,42.815768234431744,0.0],[-7.671452891081572,42.8160329349339,0.0],[-7.671893276274205,42.81619604676962,0.0],[-7.672401890158654,42.81621130183339,0.0],[-7.673053666949273,42.81625622883439,0.0],[-7.673678454011679,42.8163387067616,0.0],[-7.674158569425345,42.816530987620354,0.0],[-7.674642708152533,42.8168860450387,0.0],[-7.674925178289414,42.81715761870146,0.0],[-7.675300016999245,42.817609403282404,0.0],[-7.675759345293045,42.818338461220264,0.0],[-7.676065117120743,42.81870994716883,0.0],[-7.676389664411545,42.81899459660053,0.0],[-7.676598373800517,42.81915284693241,0.0],[-7.676698453724385,42.819242030382156,0.0],[-7.676691915839911,42.81932283192873,0.0],[-7.676652688533068,42.81938435509801,0.0],[-7.676506843417883,42.81957261264324,0.0],[-7.677645105868578,42.8201948851347,0.0],[-7.677768990397454,42.820190861821175,0.0],[-7.677907627075911,42.82021148130298,0.0],[-7.678125891834498,42.82030217349529,0.0],[-7.678552698343993,42.82061917707324,0.0],[-7.678896356374026,42.820841297507286,0.0],[-7.679207492619753,42.82099334523082,0.0],[-7.680113408714533,42.82119954004884,0.0],[-7.680913545191288,42.82131839543581,0.0],[-7.681722398847342,42.821483351290226,0.0],[-7.683826424181462,42.82179147005081,0.0],[-7.685643620789051,42.82206807285547,0.0],[-7.686360273510218,42.82226353883743,0.0],[-7.686864193528891,42.82249387353659,0.0],[-7.687400300055743,42.82279947772622,0.0],[-7.688218038529158,42.82326014712453,0.0],[-7.68905270844698,42.82365443184972,0.0],[-7.68970599398017,42.82402642071247,0.0],[-7.689739186316729,42.82405776903033,0.0],[-7.690408062189818,42.824509385973215,0.0],[-7.69083570688963,42.82467568293214,0.0],[-7.691505923867226,42.82490484416485,0.0],[-7.692919783294201,42.825345899909735,0.0],[-7.69424730911851,42.825743705034256,0.0],[-7.695796452462674,42.82624024897814,0.0],[-7.696163915097714,42.82642062753439,0.0],[-7.696180678904057,42.82642900943756,0.0],[-7.696180678904057,42.82642900943756,0.0],[-7.696295510977507,42.826485335826874,0.0],[-7.69713755697012,42.826965283602476,0.0],[-7.697605602443219,42.82693209126592,0.0],[-7.697927970439196,42.82684424892068,0.0],[-7.698215134441853,42.82674349844456,0.0],[-7.698293589055539,42.82680904492736,0.0],[-7.698762137442828,42.82696411013603,0.0],[-7.699034716933966,42.82715270295739,0.0],[-7.699193134903908,42.82735185697675,0.0],[-7.699272762984038,42.82743651419878,0.0],[-7.69960267469287,42.827607840299606,0.0],[-7.69985044375062,42.82781420275569,0.0],[-7.700107265263796,42.827978655695915,0.0],[-7.700483445078135,42.82827017828822,0.0],[-7.700929362326861,42.828501015901566,0.0],[-7.701178304851056,42.82865943387151,0.0],[-7.701545935124159,42.8289688937366,0.0],[-7.701839804649353,42.829301320016384,0.0],[-7.702140547335148,42.829627711325884,0.0],[-7.702810093760491,42.8297184035182,0.0],[-7.703055515885353,42.82982770353556,0.0],[-7.703368999063969,42.82986592501402,0.0],[-7.70361140370369,42.82994555309415,0.0],[-7.703955732285977,42.83002534881234,0.0],[-7.704229820519686,42.83014219254255,0.0],[-7.704858630895615,42.83041846007109,0.0],[-7.705289795994759,42.83063907176256,0.0],[-7.705543264746666,42.83084359019995,0.0],[-7.705839648842812,42.83091131597757,0.0],[-7.706122789531947,42.830973509699106,0.0],[-7.707508821040392,42.83137081190944,0.0],[-7.708108127117157,42.83150861039758,0.0],[-7.70850894972682,42.8315419703722,0.0],[-7.708688657730818,42.831725869327784,0.0],[-7.709015719592572,42.831739112734795,0.0],[-7.709313444793225,42.831796277314425,0.0],[-7.709690462797881,42.831944804638624,0.0],[-7.709895484149456,42.83211646601558,0.0],[-7.710186168551445,42.832128033041954,0.0],[-7.710914723575116,42.83257747069001,0.0],[-7.712061367928982,42.8332119807601,0.0],[-7.71216630935669,42.83320024609566,0.0],[-7.712711468338967,42.83344516530633,0.0],[-7.713241204619408,42.83359654247761,0.0],[-7.713685110211373,42.833740040659904,0.0],[-7.713961377739907,42.83375646919012,0.0],[-7.714314591139555,42.83369863405824,0.0],[-7.714802082628012,42.83362839370966,0.0],[-7.715105675160885,42.83356636762619,0.0],[-7.71565217524767,42.83349294215441,0.0],[-7.716141007840634,42.83349830657244,0.0],[-7.716817427426577,42.83347349613905,0.0],[-7.717041894793511,42.83349780365825,0.0],[-7.717210035771132,42.83351154997945,0.0],[-7.71755101159215,42.833811957389116,0.0],[-7.718141097575426,42.8339784219861,0.0],[-7.718640826642514,42.83413549885154,0.0],[-7.719292771071196,42.83420205116272,0.0],[-7.720189467072487,42.83423440530896,0.0],[-7.721044085919857,42.83409744501114,0.0],[-7.721386402845383,42.833998035639524,0.0],[-7.72163299843669,42.83418344333768,0.0],[-7.721974812448025,42.83454420045018,0.0],[-7.722406145185233,42.8349837474525,0.0],[-7.722865641117096,42.83523553982377,0.0],[-7.723366040736437,42.83554466441274,0.0],[-7.7235665358603,42.83581405878067,0.0],[-7.723816148936749,42.835893519222736,0.0],[-7.724095433950425,42.83604187890887,0.0],[-7.724421489983797,42.83611614257097,0.0],[-7.724638748914004,42.83638637512922,0.0],[-7.72804331034422,42.83751122653484,0.0],[-7.728843111544848,42.83777626231313,0.0],[-7.729409225285054,42.837994024157524,0.0],[-7.729494385421276,42.83798597753048,0.0],[-7.729656323790551,42.83798346295953,0.0],[-7.729858495295048,42.8380143083632,0.0],[-7.730036191642285,42.838053703308105,0.0],[-7.730430644005537,42.838247660547495,0.0],[-7.730824258178473,42.83846274018288,0.0],[-7.731293141841889,42.838843278586864,0.0],[-7.731651216745377,42.83916497603059,0.0],[-7.732107359915972,42.8396238014102,0.0],[-7.732538357377053,42.8399121388793,0.0],[-7.733186446130276,42.84017449244857,0.0],[-7.73327311500907,42.84022528678179,0.0],[-7.733351904898882,42.84031664952636,0.0],[-7.733491882681847,42.84036710858345,0.0],[-7.733623813837767,42.84045998007059,0.0],[-7.733809389173985,42.840594593435526,0.0],[-7.734018433839083,42.84073339775205,0.0],[-7.734049614518881,42.84078922122717,0.0],[-7.73408129811287,42.84084873273969,0.0],[-7.734414227306843,42.84103397279978,0.0],[-7.734691165387631,42.84143311902881,0.0],[-7.734746485948563,42.841580137610435,0.0],[-7.734648920595646,42.8415853343904,0.0],[-7.734263855963946,42.841655407100916,0.0],[-7.734065372496844,42.84168876707554,0.0],[-7.733959425240755,42.84174827858806,0.0],[-7.733933106064797,42.841809298843145,0.0],[-7.733783405274153,42.84184969961643,0.0],[-7.733696736395359,42.84192396327853,0.0],[-7.733698580414057,42.842008117586374,0.0],[-7.734129577875138,42.842279858887196,0.0],[-7.734353039413691,42.84235144034028,0.0],[-7.734473235905171,42.84237440675497,0.0],[-7.734861318022013,42.84210367128253,0.0],[-7.73549733683467,42.841908540576696,0.0],[-7.736106533557177,42.84207735210657,0.0],[-7.736405264586211,42.842150777578354,0.0],[-7.736885882914067,42.842259239405394,0.0],[-7.737379912286997,42.84247079864144,0.0],[-7.73763656616211,42.842502146959305,0.0],[-7.738994769752026,42.84263860434294,0.0],[-7.7396091632545,42.84267967566848,0.0],[-7.740565873682499,42.84273214638233,0.0],[-7.740829568356276,42.84277891740203,0.0],[-7.741327621042729,42.842927277088165,0.0],[-7.741902451962233,42.843149565160275,0.0],[-7.7425966411829,42.84321075305343,0.0],[-7.745201401412487,42.84340554848313,0.0],[-7.746174708008767,42.84356161952019,0.0],[-7.746779210865498,42.84376563504338,0.0],[-7.747398298233748,42.84402094781399,0.0],[-7.747962065041066,42.84429620951414,0.0],[-7.748211342841387,42.844315487891436,0.0],[-7.748562041670084,42.84421809017658,0.0],[-7.748629096895457,42.84422446042299,0.0],[-7.748629096895457,42.84422446042299,0.0],[-7.748863454908133,42.8442464210093,0.0],[-7.749195042997599,42.84434096887708,0.0],[-7.749649174511433,42.84450374543667,0.0],[-7.750094756484032,42.84468160942197,0.0],[-7.751026321202517,42.844963409006596,0.0],[-7.752052936702967,42.84522291272879,0.0],[-7.752783838659525,42.84545307978988,0.0],[-7.753941044211388,42.84543849527836,0.0],[-7.75455728173256,42.84550806507468,0.0],[-7.755087856203318,42.845648378133774,0.0],[-7.755599487572909,42.8457628749311,0.0],[-7.75623869150877,42.84612497314811,0.0],[-7.75680648162961,42.84654926508665,0.0],[-7.757403105497361,42.847290225327015,0.0],[-7.758159991353751,42.848109472543,0.0],[-7.758811432868243,42.848533261567354,0.0],[-7.759189456701279,42.848869040608406,0.0],[-7.759886160492897,42.84941487014294,0.0],[-7.760363426059485,42.849691305309534,0.0],[-7.761451061815024,42.849949803203344,0.0],[-7.762043327093125,42.850169744342566,0.0],[-7.762784119695425,42.85044467076659,0.0],[-7.76370445266366,42.85078061744571,0.0],[-7.764043081551791,42.850922271609306,0.0],[-7.765365578234196,42.851196862757206,0.0],[-7.76688002049923,42.851628698408604,0.0],[-7.767432387918234,42.85167194902897,0.0],[-7.767918538302184,42.85179717466235,0.0],[-7.769099716097117,42.852229345589876,0.0],[-7.76974244043231,42.85248415544629,0.0],[-7.770026084035635,42.8525354526937,0.0],[-7.770386338233948,42.85259077325463,0.0],[-7.771646641194821,42.852532267570496,0.0],[-7.772202026098967,42.85254014655948,0.0],[-7.772643584758044,42.85267744213343,0.0],[-7.773193940520287,42.853096537292004,0.0],[-7.773729879409075,42.85358922556043,0.0],[-7.774080913513899,42.853857446461916,0.0],[-7.77478700503707,42.85420797765255,0.0],[-7.775175087153912,42.85445138812065,0.0],[-7.775704991072417,42.85472648218274,0.0],[-7.777096722275019,42.85519117489457,0.0],[-7.777418922632933,42.85533802583814,0.0],[-7.777645234018565,42.85558478906751,0.0],[-7.777807172387839,42.855912521481514,0.0],[-7.777870204299689,42.85626724362373,0.0],[-7.77821034193039,42.85671064630151,0.0],[-7.778645027428866,42.85727642476559,0.0],[-7.779022883623839,42.85755503922701,0.0],[-7.779142577201128,42.85784538835287,0.0],[-7.77930099517107,42.858177311718464,0.0],[-7.779400572180748,42.85840982571244,0.0],[-7.779681365936995,42.85870637744665,0.0],[-7.779881861060858,42.85891927778721,0.0],[-7.78012627735734,42.85905908793211,0.0],[-7.780244294553996,42.85918917506933,0.0],[-7.780887018889189,42.859584633260965,0.0],[-7.781269568949938,42.85984279587865,0.0],[-7.781454138457776,42.86003524437547,0.0],[-7.781433686614037,42.860275972634554,0.0],[-7.782452590763569,42.861251290887594,0.0],[-7.782692480832339,42.86137215793133,0.0],[-7.782908901572228,42.8614859841764,0.0],[-7.783071342855692,42.8616757504642,0.0],[-7.783236801624298,42.86193123087287,0.0],[-7.783334702253342,42.86215787753463,0.0],[-7.783454898744822,42.86221940070391,0.0],[-7.784356623888016,42.86248477175832,0.0],[-7.785025499761105,42.8627273440361,0.0],[-7.785098422318697,42.86288660019636,0.0],[-7.785251140594483,42.86339320242405,0.0],[-7.785445433109999,42.863607443869114,0.0],[-7.785937786102295,42.86401329562068,0.0],[-7.786374483257533,42.86435795947909,0.0],[-7.78648478910327,42.864458709955215,0.0],[-7.786857783794403,42.864912673830986,0.0],[-7.78733991086483,42.86538373678923,0.0],[-7.78733991086483,42.86538373678923,0.0],[-7.787348795682192,42.86539228633046,0.0],[-7.787727657705546,42.86554517224431,0.0],[-7.788483873009682,42.86567760631442,0.0],[-7.78931250795722,42.865647096186876,0.0],[-7.789957243949175,42.86555791273713,0.0],[-7.790493685752154,42.86559948697686,0.0],[-7.79131880030036,42.865933924913406,0.0],[-7.79174929484725,42.866051103919744,0.0],[-7.792284060269595,42.86603920161724,0.0],[-7.792836260050536,42.86607272922993,0.0],[-7.793231047689915,42.86612318828702,0.0],[-7.793711666017771,42.86628982052207,0.0],[-7.794692516326905,42.866783514618874,0.0],[-7.796273175626994,42.86756236106157,0.0],[-7.797292917966843,42.86810416728258,0.0],[-7.797818966209889,42.86840407177806,0.0],[-7.799642197787762,42.869892194867134,0.0],[-7.801289074122906,42.871147468686104,0.0],[-7.803313806653023,42.87190988659859,0.0],[-7.803660649806261,42.87204097956419,0.0],[-7.804992534220219,42.87315158173442,0.0],[-7.805678676813841,42.8737361356616,0.0],[-7.805960308760405,42.87379916757345,0.0],[-7.8066979162395,42.87373881787062,0.0],[-7.806970160454512,42.873672265559435,0.0],[-7.807209882885218,42.87352876737714,0.0],[-7.807535100728274,42.87349741905928,0.0],[-7.807971294969321,42.8735688328743,0.0],[-7.808271702378989,42.87370981648564,0.0],[-7.808591052889824,42.87376245483756,0.0],[-7.808949295431376,42.87368768826127,0.0],[-7.809434607625008,42.873533964157104,0.0],[-7.810353599488736,42.873179744929075,0.0],[-7.810706645250321,42.87298360839486,0.0],[-7.8114727512002,42.872506342828274,0.0],[-7.811902575194836,42.87236100062728,0.0],[-7.812676057219506,42.872283551841974,0.0],[-7.813681047409773,42.87220073863864,0.0],[-7.814157642424107,42.87217441946268,0.0],[-7.814166359603405,42.87217391654849,0.0],[-7.814166359603405,42.87217391654849,0.0],[-7.814585119485855,42.872615307569504,0.0],[-7.814977392554284,42.87262436002493,0.0],[-7.815179396420718,42.872696947306395,0.0],[-7.81564811244607,42.873154766857624,0.0],[-7.816159073263407,42.87326591089368,0.0],[-7.81653592363,42.87332944571972,0.0],[-7.81693171709776,42.87334017455578,0.0],[-7.817219216376543,42.873376216739416,0.0],[-7.817431949079037,42.87354385480285,0.0],[-7.817834950983525,42.874132096767426,0.0],[-7.817973922938109,42.874171659350395,0.0],[-7.818167544901371,42.8741835616529,0.0],[-7.818529307842255,42.87407359108329,0.0],[-7.819080669432879,42.873915676027536,0.0],[-7.819690871983767,42.87377938628197,0.0],[-7.820432502776385,42.87359515205026,0.0],[-7.820868026465178,42.87342097610235,0.0],[-7.821412850171328,42.8731750510633,0.0],[-7.821713425219059,42.87312811240554,0.0],[-7.822193205356598,42.8731095045805,0.0],[-7.822677176445723,42.87296315655112,0.0],[-7.822892926633358,42.87297187373042,0.0],[-7.823261562734843,42.872995510697365,0.0],[-7.823630031198264,42.87303239107132,0.0],[-7.824348025023938,42.872941698879,0.0],[-7.824672069400549,42.87294505164027,0.0],[-7.82547052949667,42.87308569997549,0.0],[-7.826320957392455,42.8733391687274,0.0],[-7.826677020639182,42.87355458363891,0.0],[-7.827076334506274,42.873856499791145,0.0],[-7.827575393021107,42.87412639707327,0.0],[-7.82899109646678,42.87473291158676,0.0],[-7.829164601862431,42.87487842142582,0.0],[-7.829382866621018,42.8751434572041,0.0],[-7.829567436128855,42.87521034479141,0.0],[-7.830065824091435,42.8753680922091,0.0],[-7.830546274781227,42.87549700587988,0.0],[-7.831329982727766,42.875644862651825,0.0],[-7.832057029008866,42.87575516849756,0.0],[-7.832750212401152,42.8758604452014,0.0],[-7.833234015852213,42.875915095210075,0.0],[-7.833837512880564,42.87595599889755,0.0],[-7.834444530308247,42.875985503196716,0.0],[-7.834901008754969,42.875994220376015,0.0],[-7.83530903980136,42.87597578018904,0.0],[-7.83570483326912,42.87593822926283,0.0],[-7.835960313677788,42.87591107189655,0.0],[-7.836061734706164,42.87583949044347,0.0],[-7.836298104375601,42.87581132724881,0.0],[-7.836687192320824,42.87582306191325,0.0],[-7.836940325796605,42.87577511742711,0.0],[-7.837275601923466,42.87568308413029,0.0],[-7.837524041533471,42.875594571232796,0.0],[-7.837870046496392,42.87538988515735,0.0],[-7.838687617331744,42.874952014535666,0.0],[-7.83907100558281,42.87478035315871,0.0],[-7.839687746018172,42.87442261353135,0.0],[-7.840116899460555,42.87444910034537,0.0],[-7.841455657035113,42.874368634074926,0.0],[-7.841856647282839,42.874287497252226,0.0],[-7.842199131846428,42.874298729002476,0.0],[-7.842749152332545,42.874377351254225,0.0],[-7.843546606600285,42.87447927519679,0.0],[-7.843753304332495,42.8744563087821,0.0],[-7.844638600945473,42.87442680448294,0.0],[-7.845153752714396,42.87440216168761,0.0],[-7.84571634605527,42.874379865825176,0.0],[-7.846901379525662,42.874295208603144,0.0],[-7.847277559340001,42.874316833913326,0.0],[-7.84807987511158,42.87428615614772,0.0],[-7.848715391010046,42.87429856136441,0.0],[-7.849313020706177,42.87439092993736,0.0],[-7.850176692008973,42.87466702982783,0.0],[-7.850980013608933,42.87489602342248,0.0],[-7.851308584213257,42.87486366927624,0.0],[-7.851784676313401,42.87473442032933,0.0],[-7.851986680179835,42.87457466125488,0.0],[-7.852298486977816,42.87447290495038,0.0],[-7.852565199136734,42.874383218586445,0.0],[-7.853146735578776,42.87424558773637,0.0],[-7.853906638920308,42.874195128679276,0.0],[-7.854818757623434,42.874023132026196,0.0],[-7.855330724269152,42.873985916376114,0.0],[-7.855767086148262,42.87397066131234,0.0],[-7.856242004781962,42.87394450977445,0.0],[-7.856753803789616,42.87390746176243,0.0],[-7.857496943324805,42.87392707541585,0.0],[-7.85778645426035,42.873911652714014,0.0],[-7.857985608279705,42.8738590143621,0.0],[-7.858176715672017,42.873806208372116,0.0],[-7.858840227127076,42.87374082952738,0.0],[-7.85958118736744,42.87366069853306,0.0],[-7.860422898083926,42.87359682843089,0.0],[-7.86136519163847,42.87356363609433,0.0],[-7.861663419753313,42.87351803854108,0.0],[-7.862369008362294,42.87333682179451,0.0],[-7.862716689705849,42.87329776212573,0.0],[-7.863334603607655,42.87338292226195,0.0],[-7.863730061799288,42.87344142794609,0.0],[-7.864053267985583,42.873383928090334,0.0],[-7.864269856363535,42.87328887730837,0.0],[-7.864686269313097,42.87310481071472,0.0],[-7.865044847130776,42.87292007356882,0.0],[-7.865344081074,42.87282586097717,0.0],[-7.865752279758454,42.87276400253177,0.0],[-7.86601010710001,42.87275964394212,0.0],[-7.866407744586468,42.87269711494446,0.0],[-7.866474967449904,42.87278713658452,0.0],[-7.866667248308659,42.872896268963814,0.0],[-7.866890542209149,42.87286860868335,0.0],[-7.867158930748701,42.8728087618947,0.0],[-7.867435701191426,42.87275293841958,0.0],[-7.867664359509945,42.872698456048965,0.0],[-7.867885977029801,42.87264531478286,0.0],[-7.868101391941309,42.87256736308336,0.0],[-7.868198286741972,42.87258546799421,0.0],[-7.8682797588408,42.87269493564963,0.0],[-7.868368104100228,42.87282921373844,0.0],[-7.868504896759987,42.872846983373165,0.0],[-7.868463322520256,42.87306742742658,0.0],[-7.86868778988719,42.87313347682357,0.0],[-7.868968080729247,42.87321712821722,0.0]]}},{"type":"Feature","properties":{"stage":3,"origin":"Palas de Rei","destination":"Arzúa","source_file":"ES01c30a-PalasdeRei-Melide.kml","source":"FEAACS / CNIG-IGN","license":"CC-BY 4.0"},"geometry":{"type":"LineString","coordinates":[[-7.868968080729247,42.87321712821722,0.0],[-7.868981156498194,42.87322098389268,0.0],[-7.869273349642754,42.87325635552406,0.0],[-7.870093267410994,42.87319768220186,0.0],[-7.870254535228014,42.87335157394409,0.0],[-7.870400045067072,42.87328653037548,0.0],[-7.87057874724269,42.87343891337514,0.0],[-7.870793659240008,42.87342080846429,0.0],[-7.871200349181891,42.87332911044359,0.0],[-7.872039880603552,42.873264234513044,0.0],[-7.872585374861956,42.87332743406296,0.0],[-7.872655279934407,42.87344327196479,0.0],[-7.87281520664692,42.873828168958426,0.0],[-7.872882261872292,42.873948868364096,0.0],[-7.873015366494656,42.87416344508529,0.0],[-7.873119302093983,42.87418255582452,0.0],[-7.873379308730364,42.87416864186525,0.0],[-7.873633783310652,42.874188255518675,0.0],[-7.873942740261555,42.874238044023514,0.0],[-7.874488905072213,42.8742853179574,0.0],[-7.874621003866196,42.87422530353069,0.0],[-7.874897941946984,42.87411382421851,0.0],[-7.875065915286541,42.87400720641017,0.0],[-7.875143699347973,42.8738690726459,0.0],[-7.875421475619078,42.87376681342721,0.0],[-7.875653486698866,42.873694729059935,0.0],[-7.875670082867146,42.873594649136066,0.0],[-7.87570495158434,42.87341024726629,0.0],[-7.876222617924214,42.87331519648433,0.0],[-7.877057455480099,42.873126436024904,0.0],[-7.877954654395581,42.87297958508134,0.0],[-7.878987472504378,42.87276417016983,0.0],[-7.879810743033886,42.872652523219585,0.0],[-7.880607191473246,42.87259770557284,0.0],[-7.881220579147339,42.872549425810575,0.0],[-7.881375309079886,42.8725859709084,0.0],[-7.881768755614758,42.87270164117217,0.0],[-7.882069498300553,42.872668113559484,0.0],[-7.882228922098875,42.87256199866533,0.0],[-7.882359009236098,42.87237944081426,0.0],[-7.882593367248774,42.87198230624199,0.0],[-7.88302855566144,42.871683575212955,0.0],[-7.884103115648032,42.87158064544201,0.0],[-7.88447828963399,42.87149565294385,0.0],[-7.884762939065695,42.87137646228075,0.0],[-7.884955555200577,42.871326841413975,0.0],[-7.885336596518755,42.87132281810045,0.0],[-7.885566931217909,42.87134611979127,0.0],[-7.885908242315054,42.87138182669878,0.0],[-7.886328510940075,42.87135919556022,0.0],[-7.886554654687643,42.87143865600228,0.0],[-7.887118086218834,42.871540915220976,0.0],[-7.888206224888564,42.87157041952014,0.0],[-7.889040224254132,42.87164535373449,0.0],[-7.889553364366293,42.87168608978391,0.0],[-7.889884617179633,42.87179455161095,0.0],[-7.890186700969935,42.87189329043031,0.0],[-7.890266496688128,42.871725149452686,0.0],[-7.890178319066763,42.8715724311769,0.0],[-7.889986876398325,42.871440667659044,0.0],[-7.889762409031392,42.87120899185538,0.0],[-7.889486812055111,42.87091512233019,0.0],[-7.889482621103526,42.87018304690719,0.0],[-7.890730351209641,42.87024490535259,0.0],[-7.890944425016642,42.87024876102805,0.0],[-7.891249023377896,42.87029402330518,0.0],[-7.891533002257347,42.870392594486475,0.0],[-7.891723271459341,42.870401814579964,0.0],[-7.891871631145478,42.870389241725206,0.0],[-7.892426010221243,42.87052670493722,0.0],[-7.89321156218648,42.8706469014287,0.0],[-7.893754877150059,42.870786879211664,0.0],[-7.894127201288939,42.87082191556692,0.0],[-7.89466766640544,42.870878744870424,0.0],[-7.895191367715598,42.870947141200304,0.0],[-7.895372584462166,42.8710026293993,0.0],[-7.895973902195692,42.87120312452316,0.0],[-7.896272297948599,42.87131292745471,0.0],[-7.896583266556263,42.87137931212783,0.0],[-7.896696925163269,42.87135483697057,0.0],[-7.897009402513504,42.87141300737858,0.0],[-7.89724761620164,42.87149330601096,0.0],[-7.897633016109467,42.87161534652114,0.0],[-7.897803839296103,42.87174040451646,0.0],[-7.897896878421307,42.871781811118126,0.0],[-7.898003496229649,42.87187736481428,0.0],[-7.898130733519793,42.87196470424533,0.0],[-7.898245230317116,42.872065622359514,0.0],[-7.898307926952839,42.872113063931465,0.0],[-7.898408342152834,42.87221213802695,0.0],[-7.898558881133795,42.872366700321436,0.0],[-7.898765411227942,42.872502487152815,0.0],[-7.898918800055981,42.872749753296375,0.0],[-7.899317611008883,42.87315493449569,0.0],[-7.89989160373807,42.873572520911694,0.0],[-7.90028790012002,42.87377754226327,0.0],[-7.900850996375084,42.873987928032875,0.0],[-7.901260703802109,42.874202001839876,0.0],[-7.901441920548678,42.87434550002217,0.0],[-7.901587095111609,42.87447273731232,0.0],[-7.901699580252171,42.87454867735505,0.0],[-7.901855148375035,42.87453543394804,0.0],[-7.902088835835457,42.87448765709996,0.0],[-7.902336940169335,42.87453006953001,0.0],[-7.902532741427422,42.87455337122083,0.0],[-7.902670539915562,42.87456762045622,0.0],[-7.902942448854447,42.874468713998795,0.0],[-7.903143614530564,42.87441339343786,0.0],[-7.903316114097834,42.87444792687893,0.0],[-7.903493475168944,42.874528393149376,0.0],[-7.903570923954249,42.87454331293702,0.0],[-7.903648875653744,42.87453543394804,0.0],[-7.903648875653744,42.87453543394804,0.0],[-7.903736717998982,42.874506264925,0.0],[-7.903853226453066,42.87445044144988,0.0],[-7.903988845646382,42.8743751719594,0.0],[-7.904225382953883,42.874440383166075,0.0],[-7.904362510889769,42.87451280280948,0.0],[-7.904449347406626,42.874696869403124,0.0],[-7.904564179480076,42.87485562264919,0.0],[-7.904694434255362,42.87492820993066,0.0],[-7.90502317249775,42.87504069507122,0.0],[-7.90534419938922,42.87513054907322,0.0],[-7.905678469687701,42.87516675889492,0.0],[-7.90626285597682,42.87521721795201,0.0],[-7.906632833182812,42.875283770263195,0.0],[-7.907036505639553,42.87537848576903,0.0],[-7.907702699303627,42.875465489923954,0.0],[-7.908370569348336,42.87566749379039,0.0],[-7.908667288720608,42.87577796727419,0.0],[-7.908772565424443,42.875845693051815,0.0],[-7.909009605646134,42.875958010554314,0.0],[-7.909328620880843,42.87627920508385,0.0],[-7.909655179828406,42.87654457613826,0.0],[-7.91000135242939,42.876767702400684,0.0],[-7.91096393018961,42.877062410116196,0.0],[-7.911464329808951,42.87720758467913,0.0],[-7.911942433565855,42.87739634513855,0.0],[-7.912210486829281,42.87759717553854,0.0],[-7.912451718002558,42.87777939811349,0.0],[-7.912661265581847,42.877823654562235,0.0],[-7.912906687706709,42.87792457267642,0.0],[-7.913052532821894,42.87794167175889,0.0],[-7.913183122873307,42.8779099881649,0.0],[-7.913287729024887,42.87786556407809,0.0],[-7.913447823375464,42.87788836285472,0.0],[-7.913681343197823,42.877998165786266,0.0],[-7.913839258253575,42.87807460874319,0.0],[-7.914100103080273,42.87808181717992,0.0],[-7.914201021194458,42.87814350798726,0.0],[-7.914287019520998,42.87832221016288,0.0],[-7.91437067091465,42.87845615297556,0.0],[-7.914558257907629,42.87870643660426,0.0],[-7.915026638656855,42.87898454815149,0.0],[-7.915330398827792,42.879081945866346,0.0],[-7.91593573987484,42.879058476537466,0.0],[-7.916145958006382,42.87906249985099,0.0],[-7.916561868041754,42.87917582318187,0.0],[-7.917252033948899,42.87941152229905,0.0],[-7.917730640619994,42.879582680761814,0.0],[-7.917962819337845,42.87967337295413,0.0],[-7.918531782925129,42.87982743233442,0.0],[-7.919019274413586,42.87988979369402,0.0],[-7.919660322368145,42.879938408732414,0.0],[-7.920772600919009,42.879968751221895,0.0],[-7.921320945024491,42.879979982972145,0.0],[-7.921722773462534,42.87996573373675,0.0],[-7.922233231365681,42.879834808409214,0.0],[-7.922728601843119,42.879678066819906,0.0],[-7.923250794410706,42.879532389342785,0.0],[-7.923929728567601,42.87936257198453,0.0],[-7.924697678536177,42.87923935800791,0.0],[-7.925225403159857,42.87921069189906,0.0],[-7.925790175795556,42.87916710600257,0.0],[-7.926061246544123,42.8791293874383,0.0],[-7.926537673920393,42.87891548126936,0.0],[-7.927180398255587,42.878748681396246,0.0],[-7.927579712122679,42.87873409688473,0.0],[-7.927939631044865,42.878745663911104,0.0],[-7.928260993212462,42.878765277564526,0.0],[-7.928748317062855,42.87875873968005,0.0],[-7.929094322025776,42.87883618846536,0.0],[-7.92960461229086,42.87897063419223,0.0],[-7.929996717721224,42.879058476537466,0.0],[-7.930420674383641,42.87914548069239,0.0],[-7.930548582226038,42.87911664694548,0.0],[-7.930792327970267,42.87913240492344,0.0],[-7.930996846407652,42.87915721535683,0.0],[-7.931228019297123,42.879326697438955,0.0],[-7.931560445576907,42.879635989665985,0.0],[-7.931704446673394,42.87977395579219,0.0],[-7.931800670921803,42.87992114201188,0.0],[-7.931894548237324,42.8799444437027,0.0],[-7.932027149945498,42.880052737891674,0.0],[-7.932601645588875,42.88022490218282,0.0],[-7.933156527578831,42.88036186248064,0.0],[-7.93388357385993,42.88061147555709,0.0],[-7.934355475008488,42.88071021437645,0.0],[-7.934850007295609,42.880736365914345,0.0],[-7.93520824983716,42.88073234260082,0.0],[-7.935606893151999,42.88070686161518,0.0],[-7.936238888651133,42.88062036037445,0.0],[-7.936763931065798,42.88047770038247,0.0],[-7.936976831406355,42.880426235497,0.0],[-7.937222421169281,42.88050603121519,0.0],[-7.937632966786623,42.8807351924479,0.0],[-7.938089780509472,42.88101950660348,0.0],[-7.938340064138174,42.88115696981549,0.0],[-7.938537206500769,42.88120407611132,0.0],[-7.938860077410937,42.881180103868246,0.0],[-7.939994987100363,42.88100726902485,0.0],[-7.940659504383803,42.880876678973436,0.0],[-7.94118169695139,42.88073854520917,0.0],[-7.94160682708025,42.88063980638981,0.0],[-7.941941767930985,42.880565375089645,0.0],[-7.94223714619875,42.88048172369599,0.0],[-7.942631095647812,42.88026748225093,0.0],[-7.942845672369004,42.88021484389901,0.0],[-7.943359818309546,42.88033889606595,0.0],[-7.943814285099507,42.88050418719649,0.0],[-7.944222483783961,42.88063025102019,0.0],[-7.944389116019011,42.88062371313572,0.0],[-7.944644931703806,42.880577109754086,0.0],[-7.944828663021326,42.88054207339883,0.0],[-7.944994121789933,42.88059655576944,0.0],[-7.945086993277073,42.880683057010174,0.0],[-7.945196460932494,42.88076972588897,0.0],[-7.945389077067376,42.88085304200649,0.0],[-7.945570293813944,42.8809648565948,0.0],[-7.945721838623286,42.88108488544822,0.0],[-7.945879250764847,42.881286051124334,0.0],[-7.946060467511416,42.88139384239912,0.0],[-7.946258280426264,42.88150565698743,0.0],[-7.946416698396206,42.88159718737006,0.0],[-7.946566734462977,42.881650663912296,0.0],[-7.946781981736422,42.88169810548425,0.0],[-7.947014328092337,42.8817368298769,0.0],[-7.947279866784811,42.88177186623216,0.0],[-7.947562839835883,42.88177454844117,0.0],[-7.947773393243552,42.881780583411455,0.0],[-7.947900462895632,42.88181846961379,0.0],[-7.948082853108645,42.881856858730316,0.0],[-7.94833229854703,42.88186322897673,0.0],[-7.948535475879908,42.881856858730316,0.0],[-7.948749382048846,42.88183808326721,0.0],[-7.948947865515948,42.88175342604518,0.0],[-7.949222624301911,42.88169592618942,0.0],[-7.94932421296835,42.88166357204318,0.0],[-7.949445750564337,42.88162065669894,0.0],[-7.949601821601391,42.88158528506756,0.0],[-7.949740961194039,42.8815539367497,0.0],[-7.94985244050622,42.881518229842186,0.0],[-7.949940115213395,42.881478164345026,0.0],[-7.950111608952284,42.88146240636706,0.0],[-7.951018530875445,42.8815314732492,0.0],[-7.95158414170146,42.88152912631631,0.0],[-7.952244803309441,42.88154253736138,0.0],[-7.95271385461092,42.88154136389494,0.0],[-7.952978890389204,42.881509345024824,0.0],[-7.953909449279309,42.88219951093197,0.0],[-7.954111956059933,42.88232959806919,0.0],[-7.955313920974732,42.88278289139271,0.0],[-7.955510895699263,42.882877606898546,0.0],[-7.955986317247153,42.88324037566781,0.0],[-7.956553269177676,42.88370154798031,0.0],[-7.956894580274821,42.88393456488848,0.0],[-7.957064062356949,42.884048726409674,0.0],[-7.95748382806778,42.8842631354928,0.0],[-7.958122864365578,42.88451844826341,0.0],[-7.958423607051373,42.88468139246106,0.0],[-7.958695013076067,42.88472279906273,0.0],[-7.958990056067706,42.884803768247366,0.0],[-7.959380988031626,42.88497107103467,0.0],[-7.959829587489367,42.88501348346472,0.0],[-7.960367873311043,42.885278183966875,0.0],[-7.960994169116021,42.88561061024666,0.0],[-7.961517367511988,42.88579601794481,0.0],[-7.962215580046177,42.88601730018854,0.0],[-7.962686307728291,42.88621176034212,0.0],[-7.96317832544446,42.886402532458305,0.0],[-7.963461801409722,42.88658056408167,0.0],[-7.96416437253356,42.886683493852615,0.0],[-7.964589335024357,42.88696814328432,0.0],[-7.964736521244049,42.88709672167897,0.0],[-7.964925616979599,42.88716545328498,0.0],[-7.964976746588946,42.887204848229885,0.0],[-7.965066265314818,42.88736728951335,0.0],[-7.965354099869728,42.887560576200485,0.0],[-7.965466249734164,42.88763551041484,0.0],[-7.965466249734164,42.88763551041484,0.0],[-7.965719215571881,42.88780499249697,0.0],[-7.965957596898079,42.88797028362751,0.0],[-7.966337967664004,42.888217717409134,0.0],[-7.966467887163163,42.88842240348458,0.0],[-7.966666370630265,42.888823729008436,0.0],[-7.966834511607886,42.88918700069189,0.0],[-7.966994103044272,42.88945974782109,0.0],[-7.967120837420226,42.88963308557868,0.0],[-7.967424262315035,42.88980357348919,0.0],[-7.967741265892983,42.889904491603374,0.0],[-7.968127671629191,42.889956794679165,0.0],[-7.968423049896956,42.889997363090515,0.0],[-7.968732342123986,42.890004739165306,0.0],[-7.969014141708613,42.89016533643007,0.0],[-7.969247661530972,42.89038125425577,0.0],[-7.969468943774701,42.890569008886814,0.0],[-7.969587296247483,42.89078073576093,0.0],[-7.969741690903902,42.890910655260086,0.0],[-7.971077430993319,42.891913801431656,0.0],[-7.971387226134539,42.892197109758854,0.0],[-7.971783187240363,42.89257379248738,0.0],[-7.97233572229743,42.892965227365494,0.0],[-7.972815670073033,42.89323562756181,0.0],[-7.973325792700053,42.89359202608466,0.0],[-7.973372228443623,42.89383979514241,0.0],[-7.973944880068303,42.8941323235631,0.0],[-7.974105644971133,42.89418864995241,0.0],[-7.974314521998167,42.89424128830433,0.0],[-7.974497079849244,42.894256208091974,0.0],[-7.974838893860579,42.894038781523705,0.0],[-7.975256647914648,42.8938059322536,0.0],[-7.975948322564364,42.89357693865895,0.0],[-7.976062148809433,42.89355078712106,0.0],[-7.976179160177708,42.8935606777668,0.0],[-7.976390551775694,42.893748600035906,0.0],[-7.976931352168322,42.89419535547495,0.0],[-7.97754155471921,42.89468318223953,0.0],[-7.977965846657753,42.89508383721113,0.0],[-7.978580743074418,42.895662020891905,0.0],[-7.978901267051697,42.89598975330591,0.0],[-7.979356739670039,42.89634682238102,0.0],[-7.979764267802239,42.896630465984344,0.0],[-7.980129551142455,42.89696691557765,0.0],[-7.980555016547442,42.89741752669215,0.0],[-7.980718463659287,42.897605281323195,0.0],[-7.981648519635201,42.89809562265873,0.0],[-7.981979604810477,42.89825286716223,0.0],[-7.982507161796093,42.89845922961831,0.0],[-7.982978895306588,42.89869291707873,0.0],[-7.984971608966589,42.89972875267267,0.0],[-7.986050862818957,42.90031984448433,0.0],[-7.986154295504094,42.90042880922556,0.0],[-7.986328303813935,42.900623101741076,0.0],[-7.986827529966832,42.9008929990232,0.0],[-7.987668234854937,42.90132433176041,0.0],[-7.989304549992085,42.90215715765953,0.0],[-7.989842165261507,42.90243744850159,0.0],[-7.990137375891209,42.90261212736368,0.0],[-7.9903001524508,42.90268739685416,0.0],[-7.990751937031746,42.90276534855366,0.0],[-7.990916892886162,42.90280792862177,0.0],[-7.991055697202683,42.9026991315186,0.0],[-7.991189304739237,42.90268773213029,0.0],[-7.991495579481125,42.90280105546117,0.0],[-7.991838902235032,42.90293684229255,0.0],[-7.992252297699452,42.90310783311725,0.0],[-7.992371991276741,42.90321495383978,0.0],[-7.992394119501114,42.90324579924345,0.0],[-7.992427982389927,42.9032794944942,0.0],[-7.992465365678072,42.90331721305847,0.0],[-7.992513310164214,42.90335409343243,0.0],[-7.992628645151854,42.90343506261706,0.0],[-7.992808185517788,42.90354335680604,0.0],[-7.993046063929797,42.90365802124143,0.0],[-7.993417549878359,42.903794813901186,0.0],[-7.993844356387854,42.903924733400345,0.0],[-7.994306534528733,42.904105111956596,0.0],[-7.994654886424542,42.904108967632055,0.0],[-7.994903158396483,42.90428465232253,0.0],[-7.995287384837866,42.90468530729413,0.0],[-7.995740007609129,42.90516894310713,0.0],[-7.996138986200095,42.90565978735685,0.0],[-7.996491361409426,42.906209137290716,0.0],[-7.996871396899224,42.90677357465029,0.0],[-7.996911462396384,42.907034419476986,0.0],[-7.997274566441775,42.90761411190033,0.0],[-7.997553683817387,42.90806204080582,0.0],[-7.997717130929232,42.90809020400047,0.0],[-7.997797932475806,42.90817687287927,0.0],[-7.99876805394888,42.90815759450197,0.0],[-7.998771909624339,42.908483147621155,0.0],[-7.998764198273421,42.90876427665353,0.0],[-7.998973410576582,42.908868212252855,0.0],[-7.99910081550479,42.908908277750015,0.0],[-7.999200727790594,42.90890106931329,0.0],[-7.999196872115136,42.90906535461545,0.0],[-7.999467607587576,42.90914246812463,0.0],[-7.9997150413692,42.90924020111561,0.0],[-8.000020813196898,42.90927305817604,0.0],[-8.000337313860655,42.909242548048496,0.0],[-8.000587932765484,42.90923114866018,0.0],[-8.00082229077816,42.90920918807387,0.0],[-8.000959418714046,42.90922997519374,0.0],[-8.001078609377146,42.90927590802312,0.0],[-8.001345153898,42.909269370138645,0.0],[-8.001919649541378,42.90905697271228,0.0],[-8.002204298973083,42.90905077010393,0.0],[-8.00235316157341,42.90910055860877,0.0],[-8.00261551514268,42.909215558320284,0.0],[-8.00281634554267,42.909436505287886,0.0],[-8.003144580870867,42.90969600901008,0.0],[-8.003431074321268,42.90989264845848,0.0],[-8.00386156886816,42.91015299037099,0.0],[-8.004572354257107,42.910465970635414,0.0],[-8.005233015865088,42.91071591898799,0.0],[-8.006058130413294,42.91105857118964,0.0],[-8.006614185869694,42.91124565526843,0.0],[-8.00687737762928,42.91132226586342,0.0],[-8.008280508220196,42.911790143698454,0.0],[-8.00845904275775,42.91188267990947,0.0],[-8.008674122393131,42.911944538354874,0.0],[-8.009461183100939,42.91201829910278,0.0],[-8.009676095098257,42.91210597380996,0.0],[-8.01110789179802,42.91268818080425,0.0],[-8.011175785213709,42.91278189048171,0.0],[-8.01148222759366,42.91326116770506,0.0],[-8.012457881122828,42.91342344135046,0.0],[-8.012426868081093,42.913558054715395,0.0],[-8.012853842228651,42.91364036500454,0.0],[-8.013209905475378,42.91371177881956,0.0],[-8.013443257659674,42.91375603526831,0.0],[-8.014496024698019,42.91391948238015,0.0],[-8.014839179813862,42.914024256169796,0.0]]}},{"type":"Feature","properties":{"stage":3,"origin":"Palas de Rei","destination":"Arzúa","source_file":"ES01c31a-Melide-Arzua.kml","source":"FEAACS / CNIG-IGN","license":"CC-BY 4.0"},"geometry":{"type":"LineString","coordinates":[[-8.014839179813862,42.914024256169796,455.0],[-8.014844879508018,42.91402593255043,455.0],[-8.01488310098648,42.914032470434904,456.0],[-8.015079740434885,42.914382833987474,456.0],[-8.016130831092596,42.91426045820117,456.0],[-8.016638942062855,42.9141934029758,456.0],[-8.017221987247467,42.914098519831896,454.0],[-8.017559107393026,42.914061807096004,453.0],[-8.018091358244419,42.9139618948102,453.0],[-8.01836360245943,42.9139100946486,453.0],[-8.019437491893768,42.91367791593075,451.0],[-8.019975610077381,42.91339812800288,449.0],[-8.020589835941792,42.913120184093714,445.0],[-8.021239265799522,42.91283821687102,440.0],[-8.021758776158094,42.912629172205925,436.0],[-8.022091202437878,42.91250444948673,433.0],[-8.022176194936037,42.91250864043832,433.0],[-8.02221005782485,42.91241828352213,432.0],[-8.022411223500967,42.91240252554417,430.0],[-8.024387005716562,42.911150101572275,424.0],[-8.024584986269474,42.91116736829281,423.0],[-8.024852871894836,42.911227717995644,422.0],[-8.025310356169939,42.91139770299196,420.0],[-8.025719560682774,42.91152510792017,419.0],[-8.026132620871067,42.91161647066474,418.0],[-8.026463873684406,42.911643125116825,417.0],[-8.02689604461193,42.91184110566974,417.0],[-8.027310613542795,42.91202114894986,417.0],[-8.027920816093683,42.91200991719961,418.0],[-8.02853973582387,42.91207730770111,419.0],[-8.029127977788448,42.91218711063266,421.0],[-8.030051998794079,42.91218711063266,423.0],[-8.030647281557322,42.912177219986916,423.0],[-8.031079955399036,42.91212676092982,422.0],[-8.031353875994682,42.91207730770111,422.0],[-8.031676579266787,42.9120209813118,421.0],[-8.031929042190313,42.91201243177056,421.0],[-8.032204806804655,42.91203187778592,423.0],[-8.032390717417002,42.91207378730178,424.0],[-8.032710067927837,42.91201192885637,425.0],[-8.032962530851364,42.91200589388609,428.0],[-8.033872805535793,42.912054006010294,433.0],[-8.034280836582184,42.91213799268007,434.0],[-8.034784421324728,42.912255842238665,435.0],[-8.035992588847876,42.91257569566369,430.0],[-8.03641403093934,42.9125577583909,428.0],[-8.036956675350666,42.91259530931711,427.0],[-8.037159517407417,42.91267091408372,427.0],[-8.037523627281187,42.91277216747403,428.0],[-8.037616666406393,42.91284743696451,429.0],[-8.03905751556158,42.913428638130426,436.0],[-8.0393829010427,42.913673389703035,435.0],[-8.03942397236824,42.913829293102026,435.0],[-8.04042711853981,42.9145990870893,424.0],[-8.041371926665306,42.91532713919878,420.0],[-8.041990008205175,42.91543040424585,424.0],[-8.042237777262926,42.915839944034815,428.0],[-8.042347580194473,42.91642466560006,426.0],[-8.042753599584103,42.916377894580364,429.0],[-8.043022826313972,42.91635224595666,431.0],[-8.044174164533615,42.916403878480196,438.0],[-8.04489266127348,42.91641930118203,442.0],[-8.0452524125576,42.91630212217569,444.0],[-8.045960012823343,42.916050497442484,444.0],[-8.04639084264636,42.91591739282012,445.0],[-8.046417161822319,42.91595879942179,446.0],[-8.046480193734169,42.915996350347996,446.0],[-8.046808764338493,42.916131634265184,448.0],[-8.04706759750843,42.9163433611393,450.0],[-8.047312181442974,42.9164813272655,451.0],[-8.047863710671663,42.91671250015497,454.0],[-8.04811768233776,42.91674301028252,455.0],[-8.048393446952105,42.91673630475998,456.0],[-8.048778008669615,42.9165711812675,455.0],[-8.048891834914684,42.91659414768219,455.0],[-8.049013707786798,42.916750218719244,456.0],[-8.049205988645554,42.91692841798067,456.0],[-8.04959423840046,42.91721088811755,456.0],[-8.04993337020278,42.91740484535694,456.0],[-8.051675464957952,42.91762528941035,465.0],[-8.05172810330987,42.917573656886816,465.0],[-8.051794990897179,42.91725464165211,464.0],[-8.051987271755934,42.917053643614054,464.0],[-8.052237220108509,42.916905116289854,463.0],[-8.052425980567932,42.916844096034765,463.0],[-8.052605856209993,42.91681174188852,464.0],[-8.052931241691113,42.91673295199871,466.0],[-8.053119666874409,42.91667612269521,467.0],[-8.053266182541847,42.916593477129936,468.0],[-8.053440023213623,42.91649255901575,468.0],[-8.053631130605936,42.91639465838671,468.0],[-8.053935058414936,42.916272450238466,468.0],[-8.054414503276348,42.91606491431594,467.0],[-8.054779451340435,42.91593650355935,466.0],[-8.055225871503353,42.91577707976103,465.0],[-8.055709674954414,42.91566576808691,463.0],[-8.056105971336365,42.91560139507055,461.0],[-8.056452814489603,42.915588319301605,460.0],[-8.056662194430828,42.9155420511961,460.0],[-8.056693878024817,42.9155351780355,459.0],[-8.057403657585382,42.91538245975971,456.0],[-8.057903554290533,42.915388494729996,456.0],[-8.058860264718533,42.9154521971941,457.0],[-8.059406764805315,42.91542151942849,459.0],[-8.05977389216423,42.91544381529093,460.0],[-8.060337491333485,42.91556669399142,459.0],[-8.060834538191555,42.91570767760277,457.0],[-8.061410039663315,42.915963996201754,452.0],[-8.06182611733675,42.91612224653363,449.0],[-8.062082435935736,42.916195169091225,447.0],[-8.062255270779133,42.916233725845814,446.0],[-8.063558656722307,42.91649540886283,434.0],[-8.063944559544325,42.91663069278002,427.0],[-8.064071293920279,42.91680000722408,424.0],[-8.06409677490592,42.91690830141306,423.0],[-8.06414321064949,42.91701911017299,422.0],[-8.064414784312248,42.917043417692184,420.0],[-8.06488836184144,42.91692020371556,418.0],[-8.065235037356615,42.91681610047817,418.0],[-8.065561261028051,42.91667327284813,419.0],[-8.065998461097479,42.91658442467451,419.0],[-8.066277746111155,42.916504461318254,419.0],[-8.066575303673744,42.916449308395386,419.0],[-8.066977970302103,42.91640404611826,420.0],[-8.067259769886732,42.91628737002611,421.0],[-8.068193849176168,42.91617589071393,422.0],[-8.068922236561775,42.91605385020375,424.0],[-8.069386929273605,42.915894258767366,426.0],[-8.069833014160395,42.915784791111946,426.0],[-8.070280440151691,42.915747072547674,426.0],[-8.07060381397605,42.91579099372029,426.0],[-8.07105626910925,42.91582502424717,426.0],[-8.07150101289153,42.91578311473131,424.0],[-8.071740064769983,42.91580306366086,423.0],[-8.071992360055447,42.915916219353676,422.0],[-8.072252701967955,42.91600573807955,420.0],[-8.072525281459093,42.915937174111605,419.0],[-8.07280423119664,42.915830723941326,418.0],[-8.073028028011322,42.91572142392397,416.0],[-8.073273617774248,42.915597539395094,415.0],[-8.073495402932167,42.915520928800106,414.0],[-8.073706794530153,42.91557725518942,413.0],[-8.07388599961996,42.91566727682948,412.0],[-8.074110634624958,42.91584128513932,410.0],[-8.074296042323112,42.91592929512262,408.0],[-8.074515480548143,42.91596919298172,407.0],[-8.074797112494707,42.916000206023455,405.0],[-8.075275383889675,42.91600238531828,403.0],[-8.075774442404509,42.916007079184055,400.0],[-8.076228071004152,42.91605770587921,398.0],[-8.076598551124334,42.91610565036535,395.0],[-8.077182099223135,42.91610799729824,394.0],[-8.07729508727789,42.91610665619373,394.0],[-8.07729508727789,42.91610665619373,394.0],[-8.07742852717638,42.91610514745116,394.0],[-8.077960778027771,42.91605468839407,394.0],[-8.07802028954029,42.91618041694164,393.0],[-8.078037220984697,42.91635962203145,392.0],[-8.078103940933943,42.91644209995866,391.0],[-8.078402001410723,42.91657319292426,390.0],[-8.07879913598299,42.91672071442008,388.0],[-8.078864347189665,42.91674921289086,387.0],[-8.078982699662445,42.91686253622174,385.0],[-8.079024273902178,42.91700318455696,382.0],[-8.07904539629817,42.91741222143173,375.0],[-8.079049251973627,42.91752453893423,373.0],[-8.079123683273792,42.91764942929149,370.0],[-8.079371452331541,42.917879931628704,366.0],[-8.079522494226694,42.91795218363404,365.0],[-8.079904038459063,42.918024603277445,363.0],[-8.080547433346508,42.918163407593966,359.0],[-8.080721274018288,42.91822090744972,357.0],[-8.080954626202583,42.918310929089785,355.0],[-8.081172555685043,42.91833674535155,353.0],[-8.081423677504063,42.91833071038127,352.0],[-8.081561140716074,42.91832668706775,352.0],[-8.081686198711395,42.918316293507814,352.0],[-8.081819470971823,42.91831310838461,352.0],[-8.081805557012556,42.91844638064504,350.0],[-8.081886023283005,42.91842341423035,350.0],[-8.08209540322423,42.91832501068711,351.0],[-8.082270920276642,42.91831646114588,351.0],[-8.082811888307331,42.918442357331514,349.0],[-8.083067536354063,42.91844855993986,349.0],[-8.08325495570898,42.91842710226774,349.0],[-8.083888962864876,42.91810171678662,346.0],[-8.084000777453184,42.91806282475591,345.0],[-8.084083087742329,42.91804639622569,344.0],[-8.084184508770704,42.91803549975157,343.0],[-8.084271177649496,42.91803751140833,343.0],[-8.084630090743303,42.9180752299726,341.0],[-8.084922786802053,42.918092496693134,339.0],[-8.085141386836767,42.91812585666776,339.0],[-8.085350599139929,42.91817681863904,339.0],[-8.085644468665121,42.918284609913826,340.0],[-8.08584328740835,42.91838552802801,342.0],[-8.086035903543234,42.918470688164234,344.0],[-8.08619314804673,42.91852517053485,345.0],[-8.086436558514833,42.918551322072744,346.0],[-8.086725566536188,42.918602116405964,348.0],[-8.087048102170227,42.918619215488434,350.0],[-8.087317496538162,42.91865995153785,352.0],[-8.08760667219758,42.91871074587107,355.0],[-8.08783885091543,42.91868392378092,356.0],[-8.0882946588099,42.91851779446006,358.0],[-8.088715597987173,42.91855987161398,361.0],[-8.088973090052605,42.91851343587041,362.0],[-8.089177440851927,42.918510250747204,363.0],[-8.089271821081638,42.918585017323494,365.0],[-8.08922069147229,42.91870420798659,367.0],[-8.089106697589159,42.91884368285537,368.0],[-8.088961020112038,42.918890956789255,368.0],[-8.088854067027569,42.91899170726538,369.0],[-8.088891617953777,42.919127494096756,371.0],[-8.089088089764118,42.91920645162463,374.0],[-8.089455552399158,42.91931105777621,380.0],[-8.089754953980446,42.91937308385968,384.0],[-8.090253174304962,42.91946494951844,389.0],[-8.09062834829092,42.91949210688472,391.0],[-8.090963624417782,42.919528651982546,392.0],[-8.091150373220444,42.91960895061493,393.0],[-8.091329243034124,42.91971540078521,394.0],[-8.091707602143288,42.92000876739621,396.0],[-8.091948665678501,42.92018964886665,397.0],[-8.092249073088169,42.920375894755125,398.0],[-8.092469684779644,42.920534145087004,398.0],[-8.092565070837736,42.92071586474776,399.0],[-8.092689123004673,42.920925579965115,401.0],[-8.092768918722866,42.92111350223422,401.0],[-8.092889618128538,42.92136596515775,403.0],[-8.092993889003992,42.92160836979747,403.0],[-8.093080557882786,42.92179226875305,404.0],[-8.093245849013329,42.92208144441247,405.0],[-8.093298319727182,42.922273725271225,406.0],[-8.093446344137192,42.92250791564584,406.0],[-8.093680199235678,42.92272115126252,407.0],[-8.093847166746855,42.92292734608054,407.0],[-8.094090577214956,42.92322440072894,408.0],[-8.094350416213274,42.923557832837105,410.0],[-8.094516713172197,42.923735696822405,412.0],[-8.094847965985537,42.92397340759635,413.0],[-8.095148708671331,42.92415160685778,414.0],[-8.095554392784832,42.92430181056261,417.0],[-8.096010871231554,42.924416474998,418.0],[-8.096330557018518,42.92453180998564,419.0],[-8.096631299704313,42.92462619021535,420.0],[-8.0970274284482,42.924734484404325,420.0],[-8.097322974354029,42.92476935312152,419.0],[-8.097866456955671,42.92458662763238,418.0],[-8.09828856959939,42.92454807087779,417.0],[-8.09864480048418,42.92458662763238,415.0],[-8.098821491003036,42.92465737089515,414.0],[-8.099126257002354,42.92472677305341,412.0],[-8.099789265543222,42.924656700342894,406.0],[-8.100514970719814,42.92461747303605,401.0],[-8.101235646754503,42.92463490739465,397.0],[-8.101656083017588,42.92467111721635,396.0],[-8.101979289203882,42.92474839836359,394.0],[-8.102228064090014,42.92482567951083,393.0],[-8.10268135741353,42.924996837973595,391.0],[-8.10317287221551,42.92514016851783,390.0],[-8.103272952139378,42.92515827342868,390.0],[-8.103389628231525,42.92518995702267,389.0],[-8.103553242981434,42.92525550350547,387.0],[-8.103836216032505,42.92547142133117,384.0],[-8.104035705327988,42.925741989165545,382.0],[-8.104135282337666,42.92589973658323,381.0],[-8.104203175753355,42.92613208293915,382.0],[-8.104248438030481,42.92652100324631,384.0],[-8.104417752474546,42.926683109253645,384.0],[-8.107430376112461,42.92754041031003,392.0],[-8.109072893857954,42.928000409156084,399.0],[-8.109529875218868,42.92813133448362,402.0],[-8.109762053936718,42.92815430089831,404.0],[-8.110077045857906,42.9281584918499,406.0],[-8.110308051109312,42.92814373970032,410.0],[-8.11060493811965,42.928136363625526,414.0],[-8.110926635563374,42.928098142147064,418.0],[-8.111291583627462,42.9279375448823,423.0],[-8.111667428165674,42.92770905420184,427.0],[-8.111905809491873,42.92754074558616,428.0],[-8.112203869968653,42.92734561488032,429.0],[-8.11257116496563,42.92708896100521,431.0],[-8.112644422799349,42.92708728462458,431.0],[-8.11273142695427,42.9272379912436,432.0],[-8.112840726971626,42.92733723297715,432.0],[-8.1130182556808,42.92750269174576,433.0],[-8.112999983131886,42.92785104364157,433.0],[-8.113134261220694,42.92793368920684,432.0],[-8.113436009734869,42.92827349156141,430.0],[-8.11360901221633,42.92844280600548,428.0],[-8.113904390484095,42.92858513072133,424.0],[-8.114102371037006,42.9286558739841,422.0],[-8.114771246910095,42.92877120897174,415.0],[-8.115258235484362,42.92885335162282,410.0],[-8.115714211016893,42.92896332219243,405.0],[-8.117877412587404,42.929354924708605,398.0],[-8.118909895420074,42.9295089840889,394.0],[-8.119237963110209,42.92950579896569,393.0],[-8.11951708048582,42.929491717368364,393.0],[-8.119766525924206,42.92951753363013,393.0],[-8.120264410972595,42.92938308790326,393.0],[-8.120515868067741,42.92958760634065,395.0],[-8.120736982673407,42.92966790497303,396.0],[-8.12092138454318,42.92970025911927,396.0],[-8.12125414609909,42.929783910512924,394.0],[-8.121665865182877,42.92990796267986,393.0],[-8.122063670307398,42.929965294897556,391.0],[-8.122536074370146,42.93002815917134,389.0],[-8.122800774872303,42.930150367319584,385.0],[-8.122969083487988,42.93015154078603,383.0],[-8.123580794781446,42.93012170121074,375.0],[-8.124057557433844,42.93013025075197,370.0],[-8.124331310391426,42.9301512055099,367.0],[-8.124764654785395,42.930226642638445,360.0],[-8.125092219561338,42.93028028681874,355.0],[-8.125460520386696,42.93042428791523,350.0],[-8.125872407108545,42.93066719546914,346.0],[-8.126181196421385,42.930810023099184,343.0],[-8.126453272998331,42.9309007152915,340.0],[-8.126834817230701,42.931019235402346,335.0],[-8.1274875998497,42.93108997866511,325.0],[-8.128640111535788,42.93096676468849,315.0],[-8.129182923585176,42.93096341192722,310.0],[-8.129472099244595,42.93105510994792,310.0],[-8.129683826118708,42.93103449046612,309.0],[-8.129970990121365,42.93095167726278,307.0],[-8.130142483860254,42.930870708078146,307.0],[-8.130367621779442,42.93076526373625,306.0],[-8.130412548780441,42.93074632063508,306.0],[-8.130412548780441,42.93074632063508,306.0],[-8.13065143302083,42.930645905435085,306.0],[-8.131108917295933,42.93053425848484,307.0],[-8.131400272250175,42.930470891296864,308.0],[-8.131856583058834,42.93048832565546,310.0],[-8.132429737597702,42.930581867694855,314.0],[-8.133692219853401,42.93083097785711,316.0],[-8.13440652564168,42.93095150962472,319.0],[-8.134638704359531,42.93096944689751,321.0],[-8.134925533086061,42.930721174925566,328.0],[-8.135200794786215,42.93058153241873,332.0],[-8.135211858898401,42.930431328713894,334.0],[-8.13526265323162,42.930031176656485,338.0],[-8.135270364582539,42.929775193333626,338.0],[-8.135454095900059,42.92939767241478,341.0],[-8.135596420615911,42.92918913066387,343.0],[-8.135721310973167,42.92922232300043,344.0],[-8.135927841067314,42.92929172515869,346.0],[-8.136073015630245,42.92911268770695,347.0],[-8.136310055851936,42.92886206880212,347.0],[-8.136392030864952,42.92885536327958,348.0],[-8.136427570134401,42.92896432802081,349.0],[-8.136244844645262,42.92947696521878,348.0],[-8.136171251535416,42.92998105287552,347.0],[-8.136170748621225,42.93021557852626,345.0],[-8.136240988969803,42.93045345693827,343.0],[-8.136453554034233,42.93068362399936,342.0],[-8.13695177435875,42.93084170669317,343.0],[-8.137624002993107,42.93092384934425,346.0],[-8.138065729290245,42.93094212189317,347.0],[-8.138523548841476,42.9308956861496,349.0],[-8.139191083610058,42.93083164840937,353.0],[-8.139852918684483,42.93075319379568,355.0],[-8.140206634998322,42.93066954240203,357.0],[-8.140504360198975,42.93053476139903,359.0],[-8.140720780938864,42.93042026460171,360.0],[-8.14110467210412,42.93020870536566,364.0],[-8.141507674008608,42.930036038160324,368.0],[-8.141800370067358,42.92997568845749,370.0],[-8.14227931201458,42.929922714829445,375.0],[-8.142656497657299,42.92991064488888,379.0],[-8.143559899181128,42.92992925271392,384.0],[-8.144557010382414,42.92992774397135,385.0],[-8.146129958331583,42.929957415908575,387.0],[-8.147361427545547,42.92995993047953,389.0],[-8.148280922323465,42.929988261312246,389.0],[-8.149753622710705,42.93002799153328,389.0],[-8.150976710021496,42.930065877735615,389.0],[-8.151995781809092,42.930020950734615,395.0],[-8.152285292744637,42.92999530211091,396.0],[-8.152713440358639,42.929933946579695,397.0],[-8.153201099485157,42.929824981838465,398.0],[-8.154044318944216,42.92957704514265,399.0],[-8.1550882011652,42.929192651063204,400.0],[-8.156767264008522,42.928571216762066,398.0],[-8.159003052860498,42.92775649577379,399.0],[-8.160311300307512,42.9272710159421,396.0],[-8.160340134054422,42.92724033817649,396.0],[-8.160538785159588,42.92718669399619,395.0],[-8.160542640835047,42.927113603800535,395.0],[-8.16182792186737,42.92660666629672,392.0],[-8.162289261817932,42.92644891887903,392.0],[-8.162615820765495,42.926361579447985,391.0],[-8.162795193493366,42.92633207514882,391.0]]}},{"type":"Feature","properties":{"stage":4,"origin":"Arzúa","destination":"O Pedrouzo","source_file":"ES01c32a-Arzua-ArcaOPino.kml","source":"FEAACS / CNIG-IGN","license":"CC-BY 4.0"},"geometry":{"type":"LineString","coordinates":[[-8.162795193493366,42.92633207514882,0.0],[-8.16307732835412,42.92624557390809,0.0],[-8.163489717990158,42.92622897773981,0.0],[-8.16393194720149,42.92625127360225,0.0],[-8.164318352937698,42.92624641209841,0.0],[-8.164708949625492,42.926254626363516,0.0],[-8.164938446134329,42.92633878067136,0.0],[-8.165162075310946,42.92630508542061,0.0],[-8.165445886552334,42.9263019002974,0.0],[-8.165857940912247,42.926438357681036,0.0],[-8.16619774326682,42.92656810954213,0.0],[-8.166663441807032,42.926750499755144,0.0],[-8.166959658265114,42.92679039761424,0.0],[-8.16730935126543,42.92679291218519,0.0],[-8.167855851352215,42.926780842244625,0.0],[-8.168183080852032,42.92682325467467,0.0],[-8.168826140463352,42.92694026604295,0.0],[-8.169501889497042,42.92707370594144,0.0],[-8.169929198920727,42.92714646086097,0.0],[-8.170156683772802,42.927134558558464,0.0],[-8.170491121709347,42.92706264182925,0.0],[-8.170944415032864,42.92702006176114,0.0],[-8.17131120711565,42.927022743970156,0.0],[-8.17169040441513,42.927060797810555,0.0],[-8.172190636396408,42.927178144454956,0.0],[-8.172601349651814,42.92729230597615,0.0],[-8.173087500035763,42.927424404770136,0.0],[-8.173469547182322,42.92751358821988,0.0],[-8.17369770258665,42.92740764096379,0.0],[-8.173947483301163,42.927272859960794,0.0],[-8.174049742519855,42.927129194140434,0.0],[-8.174132890999317,42.92681319639087,0.0],[-8.17422827705741,42.9265540279448,0.0],[-8.1742649897933,42.926447074860334,0.0],[-8.174427431076765,42.92634850367904,0.0],[-8.174654245376585,42.926255632191896,0.0],[-8.174921460449696,42.92615907266736,0.0],[-8.175283893942831,42.9260085336864,0.0],[-8.17554758861661,42.92589973658323,0.0],[-8.175813127309082,42.92581222951412,0.0],[-8.17631520330906,42.92566705495119,0.0],[-8.176872096955776,42.92549405246973,0.0],[-8.177324552088974,42.92533362284303,0.0],[-8.17784808576107,42.9252695851028,0.0],[-8.178640678524971,42.92524058371782,0.0],[-8.179158009588718,42.92528349906206,0.0],[-8.17953821271658,42.92537670582533,0.0],[-8.179850187152624,42.92550092563033,0.0],[-8.180107176303864,42.92559748515487,0.0],[-8.180266935378313,42.92561676353216,0.0],[-8.18037187680602,42.92558139190078,0.0],[-8.18044412881136,42.92553562670946,0.0],[-8.180459551513195,42.92529623955488,0.0],[-8.180482685565948,42.925107814371586,0.0],[-8.18050917237997,42.92496347799897,0.0],[-8.180569857358932,42.924872785806656,0.0],[-8.18071000277996,42.92480941861868,0.0],[-8.181009069085121,42.924747224897146,0.0],[-8.181280139833689,42.924720402807,0.0],[-8.181716334074736,42.92463691905141,0.0],[-8.182065859436989,42.92458511888981,0.0],[-8.182449415326118,42.92453180998564,0.0],[-8.182627279311419,42.92454672977328,0.0],[-8.182763904333115,42.9245356656611,0.0],[-8.182912599295378,42.92448252439499,0.0],[-8.183132205158472,42.924352772533894,0.0],[-8.183476030826569,42.92423810809851,0.0],[-8.18379320204258,42.924216985702515,0.0],[-8.184237275272608,42.924204748123884,0.0],[-8.184385802596807,42.92415915057063,0.0],[-8.184641283005474,42.9240089468658,0.0],[-8.184757959097624,42.923851534724236,0.0],[-8.18483842536807,42.92360493913293,0.0],[-8.184945210814476,42.92324451729655,0.0],[-8.1850079074502,42.92303346097469,0.0],[-8.185191974043846,42.92278300970793,0.0],[-8.185365814715624,42.92268879711628,0.0],[-8.185608219355345,42.92259760200977,0.0],[-8.185742665082216,42.92260833084583,0.0],[-8.186128232628107,42.92268896475434,0.0],[-8.186334930360317,42.922679744660854,0.0],[-8.186732232570648,42.922605480998755,0.0],[-8.186971116811037,42.92257798835635,0.0],[-8.187048565596342,42.922621071338654,0.0],[-8.18712417036295,42.922710590064526,0.0],[-8.187403287738562,42.922766245901585,0.0],[-8.187821879982948,42.922795582562685,0.0],[-8.188062105327845,42.92307687923312,0.0],[-8.188129495829344,42.92314661666751,0.0],[-8.188325632363558,42.923177629709244,0.0],[-8.188427053391933,42.923086266964674,0.0],[-8.188587483018637,42.923008147627115,0.0],[-8.188614808022974,42.92304066941142,0.0],[-8.189657684415579,42.92535977438092,0.0],[-8.189937137067316,42.925987243652344,0.0],[-8.19002129137516,42.92606519535184,0.0],[-8.190189432352781,42.92613158002496,0.0],[-8.190374840050936,42.926142644137144,0.0],[-8.192080724984407,42.92614113539457,0.0],[-8.192841298878191,42.926148511469364,0.0],[-8.193070124834774,42.92617969214916,0.0],[-8.193249329924583,42.92619997635484,0.0],[-8.193653337657452,42.926317658275366,0.0],[-8.194014597684143,42.92643617838621,0.0],[-8.194472920149565,42.92653592303395,0.0],[-8.19479662925005,42.92657749727368,0.0],[-8.194941636174917,42.92663466185331,0.0],[-8.195007350295782,42.92668327689171,0.0],[-8.195208180695772,42.92667422443628,0.0],[-8.195553850382566,42.92661018669605,0.0],[-8.195789884775875,42.92660415172577,0.0],[-8.19591511040926,42.92660415172577,0.0],[-8.19609649479389,42.92655184864998,0.0],[-8.196216188371181,42.92648596689105,0.0],[-8.196408469229937,42.92637046426535,0.0],[-8.19662807509303,42.9262450709939,0.0],[-8.196908198297024,42.92610106989741,0.0],[-8.197260573506355,42.925970479846,0.0],[-8.19755595177412,42.92587710544467,0.0],[-8.19778410717845,42.92584424838424,0.0],[-8.197963312268257,42.92584290727973,0.0],[-8.198213260620832,42.926082126796246,0.0],[-8.198635373264551,42.92650641873479,0.0],[-8.19965947419405,42.92723212391138,0.0],[-8.20099739357829,42.92768374085426,0.0],[-8.201314229518175,42.92765524238348,0.0],[-8.201567865908144,42.927710227668285,0.0],[-8.201830890029669,42.92779807001352,0.0],[-8.20213045924902,42.92783696204424,0.0],[-8.202562294900417,42.92779605835676,0.0],[-8.202969823032618,42.92771274223924,0.0],[-8.203347846865652,42.92762657627463,0.0],[-8.20369753986597,42.92756924405694,0.0],[-8.20407958701253,42.92753806337714,0.0],[-8.204489462077618,42.927475702017546,0.0],[-8.204856924712656,42.927443347871304,0.0],[-8.205181136727333,42.92743815109134,0.0],[-8.20553569123149,42.92746027931571,0.0],[-8.20644160732627,42.92750922963023,0.0],[-8.207713477313519,42.92760914191604,0.0],[-8.20787189528346,42.92759941890836,0.0],[-8.208121508359909,42.92766496539116,0.0],[-8.208581171929836,42.92787350714207,0.0],[-8.209098000079393,42.928112894296646,0.0],[-8.209691438823938,42.92835295200348,0.0],[-8.210384622216225,42.928559985011816,0.0],[-8.210842441767454,42.92863039299846,0.0],[-8.211096078157423,42.92863927781582,0.0],[-8.21144225075841,42.92866241186857,0.0],[-8.21217181161046,42.928718235343695,0.0],[-8.212959207594395,42.928734831511974,0.0],[-8.213578127324581,42.92877288535237,0.0],[-8.21374962106347,42.92878143489361,0.0],[-8.214134350419044,42.92870867997408,0.0],[-8.21440927684307,42.92859083041549,0.0],[-8.21490079164505,42.92833719402552,0.0],[-8.215201366692781,42.92823577299714,0.0],[-8.215527758002281,42.928095292299986,0.0],[-8.21605296805501,42.92785070836544,0.0],[-8.216217253357172,42.927790861576796,0.0],[-8.216634169220924,42.927641328424215,0.0],[-8.217277899384499,42.92739590629935,0.0],[-8.217611834406853,42.92723631486297,0.0],[-8.217937722802162,42.92711645364761,0.0],[-8.217976782470942,42.92705342173576,0.0],[-8.218057919293642,42.926993910223246,0.0],[-8.219718877226114,42.926524858921766,0.0],[-8.220756221562622,42.92626032605767,0.0],[-8.221498187631369,42.92604424059391,0.0],[-8.222239650785923,42.92586252093315,0.0],[-8.222649525851011,42.92589386925101,0.0],[-8.222913052886724,42.92590627446771,0.0],[-8.223417475819588,42.92574031278491,0.0],[-8.223893232643604,42.925568986684084,0.0],[-8.2241041213274,42.92549204081297,0.0],[-8.224478457123041,42.92530193924904,0.0],[-8.224800154566765,42.92516179382801,0.0],[-8.225222937762737,42.92500555515289,0.0],[-8.225808329880238,42.92479885742068,0.0],[-8.22614561766386,42.92463893070817,0.0],[-8.22647787630558,42.924450840801,0.0],[-8.226920273154972,42.92400190606713,0.0],[-8.227753434330223,42.92357861995697,0.0],[-8.228212092071772,42.92339790612459,0.0],[-8.228258360177279,42.92327770963311,0.0],[-8.228574022650719,42.92308710515499,0.0],[-8.228775523602962,42.9229848459363,0.0],[-8.229097221046686,42.922778986394405,0.0],[-8.229352701455355,42.92269852012396,0.0],[-8.230107072740793,42.92244454845786,0.0],[-8.230402953922749,42.922342624515295,0.0],[-8.230759017169476,42.92220516130328,0.0],[-8.231094628572462,42.92211581021547,0.0],[-8.231553453952074,42.92199628427625,0.0],[-8.231803569942713,42.92188245803118,0.0],[-8.231918569654226,42.921826634556055,0.0],[-8.23246406391263,42.92156629264355,0.0],[-8.232898749411106,42.92137501761317,0.0],[-8.233350533992052,42.92116530239582,0.0],[-8.23373844847083,42.92095860466361,0.0],[-8.234106749296188,42.92085316032171,0.0],[-8.234506901353598,42.92082583531737,0.0],[-8.234817869961262,42.92074402794242,0.0],[-8.23535917326808,42.920501958578825,0.0],[-8.235740382224321,42.920383773744106,0.0],[-8.235978092998266,42.92037891224027,0.0],[-8.236217983067036,42.92040020227432,0.0],[-8.236548732966185,42.92039701715112,0.0],[-8.236967492848635,42.920398861169815,0.0],[-8.237196654081345,42.92034035548568,0.0],[-8.237320538610218,42.92021546512842,0.0],[-8.237478286027908,42.91999468579888,0.0],[-8.237702585756779,42.91978815570474,0.0],[-8.239237815141678,42.91915347799659,0.0],[-8.239812310785055,42.918869499117136,0.0],[-8.23998212814331,42.91869264096022,0.0],[-8.24019217863679,42.91848912835121,0.0],[-8.240323103964329,42.91837848722935,0.0],[-8.240377753973007,42.918264493346214,0.0],[-8.240557964891195,42.918127197772264,0.0],[-8.240942694246767,42.91801253333688,0.0],[-8.241295237094162,42.91786501184106,0.0],[-8.241605535149574,42.917715311050415,0.0],[-8.241714835166931,42.917739786207676,0.0],[-8.241770658642054,42.91771614924073,0.0],[-8.241841569542885,42.91774246841669,0.0],[-8.241956736892462,42.91779460385442,0.0],[-8.242035191506147,42.917829137295485,0.0],[-8.242153208702803,42.91785730049014,0.0],[-8.242232836782932,42.91786199435592,0.0],[-8.242586385458708,42.91796961799264,0.0],[-8.24288109317422,42.9180665127933,0.0],[-8.243000283837318,42.918135076761246,0.0],[-8.243141938000917,42.91822224855423,0.0],[-8.243267498910427,42.91822895407677,0.0],[-8.243358694016933,42.918169777840376,0.0],[-8.243406135588884,42.91806450113654,0.0],[-8.243434969335794,42.91797950863838,0.0],[-8.243491631001234,42.917903903871775,0.0],[-8.243597745895386,42.9179216735065,0.0],[-8.243694975972176,42.91794816032052,0.0],[-8.24408607557416,42.917966935783625,0.0],[-8.2442532107234,42.9179666005075,0.0],[-8.24435530230403,42.91794866323471,0.0],[-8.244428727775812,42.91791915893555,0.0],[-8.244526628404856,42.917887810617685,0.0],[-8.244626875966787,42.91785713285208,0.0],[-8.244766183197498,42.91780650615692,0.0],[-8.245039768517017,42.917809356004,0.0],[-8.245392311364412,42.9177781753242,0.0],[-8.245759773999453,42.9177506826818,0.0],[-8.24590779840946,42.91779225692153,0.0],[-8.245996981859207,42.91784841567278,0.0],[-8.246311638504267,42.91793391108513,0.0],[-8.246957212686539,42.91802862659097,0.0],[-8.247738741338253,42.91815955191851,0.0],[-8.248026743531227,42.918189726769924,0.0],[-8.248612135648727,42.91833942756057,0.0],[-8.24905151501298,42.91843229904771,0.0],[-8.249450493603945,42.918488793075085,0.0],[-8.250085674226284,42.91858283802867,0.0],[-8.250891342759132,42.918743938207626,0.0],[-8.251923155039549,42.919238805770874,0.0],[-8.25280711054802,42.919676173478365,0.0],[-8.253159988671541,42.92017573490739,0.0],[-8.253409434109926,42.92060673236847,0.0],[-8.253545556217432,42.920709159225225,0.0],[-8.253908660262823,42.921007722616196,0.0],[-8.25408685952425,42.92110478505492,0.0],[-8.254345189779997,42.9212093912065,0.0],[-8.255850076675415,42.92177751660347,0.0],[-8.256234973669052,42.9219520278275,0.0],[-8.25696000829339,42.922280598431826,0.0],[-8.257714882493019,42.922371458262205,0.0],[-8.25838040560484,42.92242208495736,0.0],[-8.25883923098445,42.92243164032698,0.0],[-8.258871249854565,42.92232267558575,0.0],[-8.259596787393093,42.92230423539877,0.0],[-8.260154854506254,42.922294680029154,0.0],[-8.260370437055826,42.922335751354694,0.0],[-8.260792549699543,42.92239794507623,0.0],[-8.2614216953516,42.92247472330928,0.0],[-8.261741381138563,42.92249735444784,0.0],[-8.261883705854414,42.92263699695468,0.0],[-8.262008763849735,42.92272383347154,0.0],[-8.263094052672386,42.923034969717264,0.0],[-8.264422081410885,42.92337393388152,0.0],[-8.264827094972134,42.923461105674505,0.0],[-8.265226408839226,42.923548612743616,0.0],[-8.265592195093632,42.92356051504612,0.0],[-8.26610466465354,42.92351558804512,0.0],[-8.266545552760363,42.923455238342285,0.0],[-8.26696464791894,42.9235165938735,0.0],[-8.267303444445133,42.923572082072496,0.0],[-8.267919681966305,42.92397927492857,0.0],[-8.268357049673796,42.92428622022271,0.0],[-8.268515970557928,42.92455159127712,0.0],[-8.268756195902824,42.924791146069765,0.0],[-8.269006647169588,42.92491838335991,0.0],[-8.269455917179585,42.924980744719505,0.0],[-8.270282540470362,42.925098426640034,0.0],[-8.271045964211226,42.925206050276756,0.0],[-8.272050451487303,42.92541157454252,0.0],[-8.27281353995204,42.92555859312415,0.0],[-8.273567073047161,42.92569153010845,0.0],[-8.273863960057497,42.92579362168908,0.0],[-8.274111896753311,42.92588263750076,0.0],[-8.274224549531937,42.92600551620126,0.0],[-8.274282049387693,42.926084473729134,0.0],[-8.274824190884829,42.92624657973647,0.0],[-8.27535493299365,42.926402147859335,0.0],[-8.275632709264755,42.926415894180536,0.0],[-8.276077788323162,42.926432993263006,0.0],[-8.276834841817617,42.926465179771185,0.0],[-8.277547303587198,42.92633442208171,0.0],[-8.277624417096376,42.926253117620945,0.0],[-8.277681414037943,42.92622998356819,0.0],[-8.278312906622887,42.926291171461344,0.0],[-8.279031906276941,42.92635990306735,0.0],[-8.279250003397465,42.92638622224331,0.0],[-8.279250003397465,42.92638622224331,0.0],[-8.279468938708305,42.92641270905733,0.0],[-8.279660046100616,42.92643064633012,0.0],[-8.279915861785412,42.92645126581192,0.0],[-8.280443083494902,42.92640667408705,0.0],[-8.280912805348635,42.92632168158889,0.0],[-8.281290493905544,42.92620215564966,0.0],[-8.282028269022703,42.925922870635986,0.0],[-8.282655235379934,42.92565565556288,0.0],[-8.283428717404602,42.92547510936856,0.0],[-8.283786289393902,42.9254057072103,0.0],[-8.284291215240955,42.92546857148409,0.0],[-8.284465055912733,42.92549019679427,0.0],[-8.285515643656254,42.92529037222266,0.0],[-8.285938259214163,42.925197668373585,0.0],[-8.286252580583096,42.92515777051449,0.0],[-8.286943584680557,42.92517771944404,0.0],[-8.287148270756006,42.92514972388744,0.0],[-8.287495784461498,42.92506389319897,0.0],[-8.287905827164648,42.924945540726185,0.0],[-8.28849809244275,42.924800869077444,0.0],[-8.28913327306509,42.92451890185475,0.0],[-8.289724700152872,42.924357298761606,0.0],[-8.29029818996787,42.924191839993,0.0],[-8.290516287088394,42.924121767282486,0.0],[-8.290478233247995,42.92399687692523,0.0],[-8.290589544922113,42.92388053610921,0.0],[-8.291154988110065,42.92354576289654,0.0],[-8.291501831263304,42.923317439854145,0.0],[-8.291853871196508,42.92314762249589,0.0],[-8.292245976626873,42.923042848706245,0.0],[-8.292577732354403,42.922934889793396,0.0],[-8.293006047606468,42.92272416874766,0.0],[-8.293317016214132,42.92262660339475,0.0],[-8.293681629002094,42.92251110076904,0.0],[-8.2942702062428,42.92224137112498,0.0],[-8.294555358588696,42.92209066450596,0.0],[-8.294984512031078,42.92181607335806,0.0],[-8.295383658260107,42.92161222547293,0.0],[-8.295773416757584,42.92146420106292,0.0],[-8.296113219112158,42.921303771436214,0.0],[-8.296601716428995,42.92091568931937,0.0],[-8.296904638409615,42.920668590813875,0.0],[-8.297364301979542,42.920390982180834,0.0],[-8.297827150672674,42.92032677680254,0.0],[-8.298207521438599,42.920236084610224,0.0],[-8.29859308898449,42.92024631053209,0.0],[-8.299021068960428,42.920181937515736,0.0],[-8.299476709216833,42.9197071865201,0.0],[-8.299575448036194,42.919544242322445,0.0],[-8.299750965088606,42.91942438110709,0.0],[-8.300052881240845,42.91926981881261,0.0],[-8.300305511802433,42.919178791344166,0.0],[-8.30053886398673,42.919131852686405,0.0],[-8.30071035772562,42.91910955682397,0.0],[-8.30080021172762,42.91905239224434,0.0],[-8.30111788585782,42.91882574558258,0.0],[-8.301283847540615,42.91893957182765,0.0],[-8.301365319639444,42.91896438226104,0.0],[-8.301419634371994,42.91897762566805,0.0],[-8.30150244757533,42.91904669255018,0.0],[-8.302439041435719,42.91917510330677,0.0],[-8.302802480757236,42.91923679411411,0.0],[-8.303240854293106,42.91928926482797,0.0],[-8.303644694387913,42.919297479093075,0.0],[-8.303988184779882,42.919230591505766,0.0],[-8.304958306252956,42.9190906137228,0.0],[-8.30516617745161,42.919053733348846,0.0],[-8.305230885744095,42.91890352964401,0.0],[-8.30531319603324,42.91881015524268,0.0],[-8.305570185184479,42.91882574558258,0.0],[-8.305664230138063,42.91893772780895,0.0],[-8.305755257606506,42.918972596526146,0.0],[-8.305844273418188,42.918970081955194,0.0],[-8.306697886437178,42.919010147452354,0.0],[-8.306900728493927,42.91896589100361,0.0],[-8.30719644203782,42.91882859542966,0.0],[-8.307691141963005,42.91854612529278,0.0],[-8.307895828038454,42.91845275089145,0.0],[-8.308141753077507,42.91842106729746,0.0],[-8.308609295636415,42.918396424502134,0.0],[-8.30882890149951,42.91847672313452,0.0],[-8.308922778815031,42.91845576837659,0.0],[-8.30917775630951,42.91835451498628,0.0],[-8.309866916388273,42.91835870593786,0.0],[-8.310048803687096,42.918401286005974,0.0],[-8.310373518615961,42.918365243822336,0.0],[-8.310671411454678,42.91831377893686,0.0],[-8.310460690408945,42.91751381009817,0.0],[-8.31085765734315,42.91745111346245,0.0],[-8.312383331358433,42.917269729077816,0.0],[-8.315414227545261,42.916978038847446,0.0],[-8.315559234470129,42.91682381182909,0.0],[-8.315778672695158,42.9167715087533,0.0],[-8.317853026092052,42.91642650961876,0.0],[-8.318539503961802,42.9162846878171,0.0],[-8.319304268807173,42.91600925847888,0.0],[-8.32015486434102,42.91566576808691,0.0],[-8.32109749317169,42.91543308645487,0.0],[-8.322237934917212,42.915273159742355,0.0],[-8.323149383068085,42.91529931128025,0.0],[-8.323801159858704,42.915353793650866,0.0],[-8.323684986680746,42.91555613279343,0.0],[-8.323406539857388,42.91598092764616,0.0],[-8.32343503832817,42.91655207052827,0.0],[-8.324176333844662,42.9164313711226,0.0],[-8.324782848358154,42.91635727509856,0.0],[-8.325238823890686,42.916372027248144,0.0],[-8.325925804674625,42.91645048186183,0.0],[-8.326336350291967,42.916517201811075,0.0],[-8.326969351619482,42.916610073298216,0.0],[-8.327642250806093,42.91681408882141,0.0],[-8.328383043408394,42.917017098516226,0.0],[-8.328544311225414,42.91701391339302,0.0],[-8.328851256519556,42.91709907352924,0.0],[-8.329222574830055,42.91723284870386,0.0],[-8.330109044909477,42.9174467548728,0.0],[-8.33046443760395,42.917514480650425,0.0],[-8.330540377646685,42.917228657752275,0.0],[-8.330672308802605,42.917142156511545,0.0],[-8.33083676174283,42.91704744100571,0.0],[-8.330843802541494,42.91693026199937,0.0],[-8.330867774784563,42.9168732650578,0.0],[-8.331008590757847,42.91680537164211,0.0],[-8.331063073128462,42.91676413267851,0.0],[-8.33159850910306,42.9167939722538,0.0],[-8.332381881773472,42.91714450344443,0.0],[-8.33278639242053,42.91736461222172,0.0],[-8.3332334831357,42.91763635352254,0.0],[-8.333508409559727,42.91769754141569,0.0],[-8.333530370146036,42.91784221306443,0.0],[-8.334022723138332,42.91804036125541,0.0],[-8.334545250982046,42.918144799768925,0.0],[-8.33489092066884,42.91818318888545,0.0],[-8.335646633058786,42.91827002540231,0.0],[-8.335747048258781,42.91826566681266,0.0],[-8.335747048258781,42.91826566681266,0.0],[-8.33578811958432,42.91826382279396,0.0],[-8.336146026849747,42.918312940746546,0.0],[-8.337432481348515,42.91843632236123,0.0],[-8.338322639465332,42.9184914752841,0.0],[-8.338805604726076,42.9184328019619,0.0],[-8.33926996216178,42.91830254718661,0.0],[-8.339498117566109,42.918248064816,0.0],[-8.34048517048359,42.91798638179898,0.0],[-8.343137539923191,42.9171253927052,0.0],[-8.343236278742552,42.91700016707182,0.0],[-8.343299981206656,42.916839234530926,0.0],[-8.343280032277107,42.9167215526104,0.0],[-8.343185987323523,42.91660672053695,0.0],[-8.343295119702816,42.91652558371425,0.0],[-8.343474827706814,42.91650831699371,0.0],[-8.343820665031672,42.91654033586383,0.0],[-8.343856204301119,42.91650043800473,0.0],[-8.343916218727827,42.91634202003479,0.0],[-8.344019651412964,42.91630983352661,0.0],[-8.34423003718257,42.91627814993262,0.0],[-8.344317208975554,42.91630011051893,0.0],[-8.34464879706502,42.9162136092782,0.0],[-8.345429152250288,42.915985621511936,0.0],[-8.345976658165455,42.91567297652364,0.0],[-8.34607070311904,42.91566291823983,0.0],[-8.346209172159433,42.915614638477564,0.0],[-8.34683546796441,42.91524650529027,0.0],[-8.347340058535337,42.91489211842418,0.0],[-8.34771590307355,42.91469430550933,0.0],[-8.347915727645159,42.914619371294975,0.0],[-8.34816886112094,42.91457813233137,0.0],[-8.348510842770338,42.91444133967161,0.0],[-8.348780069500206,42.914361376315355,0.0],[-8.348988611251116,42.914328183978796,0.0],[-8.349097240716217,42.9143643938005,0.0],[-8.34951851516962,42.91441585868597,0.0],[-8.350065685808659,42.91465021669865,0.0],[-8.350477907806633,42.91452532634139,0.0],[-8.351194057613611,42.91429851204157,0.0],[-8.352517057210205,42.91381638497114,0.0],[-8.352826852351427,42.9136822745204,0.0],[-8.352997172623873,42.913579009473324,0.0],[-8.353225495666265,42.91336476802826,0.0],[-8.353529758751392,42.91309705004096,0.0],[-8.353692200034857,42.91295388713479,0.0],[-8.353828322142363,42.91293041780591,0.0],[-8.354519661515951,42.91272271424532,0.0],[-8.355445694178343,42.91245348751545,0.0],[-8.356601390987635,42.912430856376886,0.0],[-8.357312679290771,42.91230143979192,0.0]]}},{"type":"Feature","properties":{"stage":5,"origin":"O Pedrouzo","destination":"Santiago de Compostela","source_file":"ES01c33a-Arca-SantiagodeCompostela.kml","source":"FEAACS / CNIG-IGN","license":"CC-BY 4.0"},"geometry":{"type":"LineString","coordinates":[[-8.357312679290771,42.91230143979192,0.0],[-8.357519041746855,42.912271935492754,0.0],[-8.357713501900434,42.91198309510946,0.0],[-8.358972296118736,42.91121480986476,0.0],[-8.359387200325727,42.911017667502165,0.0],[-8.360214829444885,42.91056605055928,0.0],[-8.361099790781736,42.91013019159436,0.0],[-8.36172977462411,42.909929025918245,0.0],[-8.362078629434109,42.909829281270504,0.0],[-8.362611718475819,42.909637670964,0.0],[-8.36317716166377,42.90939023718238,0.0],[-8.363398611545563,42.90920650586486,0.0],[-8.363698180764914,42.90905965492129,0.0],[-8.36357781663537,42.90884926915169,0.0],[-8.363384865224361,42.90875421836972,0.0],[-8.36322644725442,42.90870325639844,0.0],[-8.36323382332921,42.908617593348026,0.0],[-8.363336753100157,42.90839530527592,0.0],[-8.36356172338128,42.90770463645458,0.0],[-8.36401954293251,42.90728956460953,0.0],[-8.364241663366556,42.9073391854763,0.0],[-8.365385960787535,42.90820084512234,0.0],[-8.365610092878342,42.908405028283596,0.0],[-8.36575124412775,42.90832858532667,0.0],[-8.366452306509016,42.908066902309656,0.0],[-8.367604650557041,42.90761260315776,0.0],[-8.368022572249174,42.9074377566576,0.0],[-8.36821736767888,42.90736936032772,0.0],[-8.368468657135963,42.907297778874636,0.0],[-8.368644174188375,42.90725352242589,0.0],[-8.368852883577347,42.907192166894674,0.0],[-8.369123451411724,42.90711371228099,0.0],[-8.36940424516797,42.90699603036046,0.0],[-8.369640614837408,42.90701815858483,0.0],[-8.369924928992987,42.906957138329744,0.0],[-8.370148725807667,42.906815987080336,0.0],[-8.370211757719517,42.90677508339286,0.0],[-8.37022366002202,42.90670853108168,0.0],[-8.370381910353899,42.90668874979019,0.0],[-8.370365146547554,42.90647668763995,0.0],[-8.370418287813663,42.90635883808136,0.0],[-8.370546195656061,42.906269654631615,0.0],[-8.370919190347195,42.906454391777515,0.0],[-8.371044751256704,42.906470987945795,0.0],[-8.371421936899424,42.90616001933813,0.0],[-8.371558394283056,42.90607921779156,0.0],[-8.371867686510086,42.905740421265364,0.0],[-8.372102212160826,42.90585424751043,0.0],[-8.372438997030258,42.90612146258354,0.0],[-8.372900169342756,42.906058095395565,0.0],[-8.373174425214529,42.90602657943964,0.0],[-8.373391348868608,42.90593270212412,0.0],[-8.37357709184289,42.90587553754449,0.0],[-8.373737689107656,42.905822061002254,0.0],[-8.373926784843206,42.9056934826076,0.0],[-8.373996019363403,42.90559524670243,0.0],[-8.374361470341682,42.905393075197935,0.0],[-8.374737985432146,42.905243542045355,0.0],[-8.375094719231129,42.90500968694687,0.0],[-8.375201504677534,42.90472587570548,0.0],[-8.375382721424103,42.90451414883137,0.0],[-8.37649567052722,42.90408683940768,0.0],[-8.376783840358257,42.90392121300101,0.0],[-8.377124145627022,42.90384192019701,0.0],[-8.377522286027668,42.90382247418165,0.0],[-8.378187473863363,42.903717029839754,0.0],[-8.378576058894396,42.90366757661104,0.0],[-8.378986101597548,42.903621811419725,0.0],[-8.37929304689169,42.90361527353525,0.0],[-8.379899561405182,42.90367377921939,0.0],[-8.380351513624191,42.903717532753944,0.0],[-8.380800783634186,42.90377268567681,0.0],[-8.381215520203114,42.903781067579985,0.0],[-8.381508216261864,42.903758101165295,0.0],[-8.381608799099922,42.903528437018394,0.0],[-8.38202839717269,42.90365483611822,0.0],[-8.382587805390356,42.90380587801337,0.0],[-8.383768144994974,42.90413495153189,0.0],[-8.384434338659048,42.90433494374156,0.0],[-8.384738937020302,42.9044346883893,0.0],[-8.385822884738445,42.90484741330147,0.0],[-8.386109210550785,42.90486300364137,0.0],[-8.38635865598917,42.90473794564605,0.0],[-8.386526964604855,42.90446335449815,0.0],[-8.387106154114006,42.90324714034796,0.0],[-8.388619422912598,42.90364444255829,0.0],[-8.389153182506561,42.90384041145444,0.0],[-8.389491476118565,42.90411416441202,0.0],[-8.389800768345594,42.9043448343873,0.0],[-8.390199579298496,42.904411386698484,0.0],[-8.390725627541542,42.90439998731017,0.0],[-8.390978258103132,42.90445849299431,0.0],[-8.391186967492104,42.90460802614689,0.0],[-8.391159810125828,42.904817406088114,0.0],[-8.39158896356821,42.90530975908041,0.0],[-8.393423594534397,42.90595483034849,0.0],[-8.39354831725359,42.90591727942228,0.0],[-8.393916618078947,42.90583781898022,0.0],[-8.39408727362752,42.90590018033981,0.0],[-8.394273687154055,42.90594544261694,0.0],[-8.394943736493587,42.90580429136753,0.0],[-8.39745495468378,42.90547773241997,0.0],[-8.397850412875412,42.90548728778958,0.0],[-8.398109581321476,42.90547354146838,0.0],[-8.398176468908787,42.905698008835316,0.0],[-8.39817563071847,42.90586078539491,0.0],[-8.399032428860664,42.9062463529408,0.0],[-8.399377930909395,42.90637660771608,0.0],[-8.399703819304705,42.90641700848937,0.0],[-8.400121238082647,42.906316090375185,0.0],[-8.400387447327375,42.906242329627275,0.0],[-8.400748204439878,42.90621567517519,0.0],[-8.401315994560719,42.90603294968605,0.0],[-8.402231466025114,42.9061271622777,0.0],[-8.402329701930285,42.906147949397564,0.0],[-8.402404300868511,42.90613638237119,0.0],[-8.402690961956978,42.90598064661026,0.0],[-8.403107374906538,42.905776128172874,0.0],[-8.403935506939888,42.905759029090405,0.0],[-8.404504805803297,42.90592364966869,0.0],[-8.406028803437948,42.90586296468973,0.0],[-8.40664017945528,42.90585692971945,0.0],[-8.40693673118949,42.9058232344687,0.0],[-8.407577108591793,42.90589950978756,0.0],[-8.408289570361376,42.90576020255685,0.0],[-8.408689219504595,42.90574075654149,0.0],[-8.40948449447751,42.90610268712044,0.0],[-8.409692365676165,42.906170915812254,0.0],[-8.409833516925573,42.906159181147814,0.0],[-8.410174828022718,42.90622791275382,0.0],[-8.410290330648422,42.90636453777552,0.0],[-8.410561736673117,42.906509041786194,0.0],[-8.410781845450401,42.906918078660965,0.0],[-8.41096406802535,42.90721965953708,0.0],[-8.41136774048209,42.90745686739683,0.0],[-8.414842374622822,42.90836161002517,0.0],[-8.414830639958382,42.90852840989828,0.0],[-8.414820078760386,42.90881674736738,0.0],[-8.41473776847124,42.90921723470092,0.0],[-8.414660152047873,42.909534238278866,0.0],[-8.414575662463903,42.90975585579872,0.0],[-8.414530400186777,42.90995869785547,0.0],[-8.4145119599998,42.910250052809715,0.0],[-8.414442054927349,42.91082354262471,0.0],[-8.41439813375473,42.91108740493655,0.0],[-8.414340130984783,42.91140725836158,0.0],[-8.414274584501982,42.91173180565238,0.0],[-8.414245583117008,42.911893241107464,0.0],[-8.414166625589132,42.9123542457819,0.0],[-8.414116669446228,42.912648282945156,0.0],[-8.414112143218517,42.912961933761835,0.0],[-8.414092194288969,42.913287319242954,0.0],[-8.414086494594812,42.91362578049302,0.0],[-8.414195962250233,42.913638185709715,0.0],[-8.414520174264908,42.91362946853042,0.0],[-8.414805326610804,42.91364137083292,0.0],[-8.415194414556026,42.913633827120066,0.0],[-8.41801492497325,42.9136529378593,0.0],[-8.41813176870346,42.913640700280666,0.0],[-8.418390434235334,42.91357968002558,0.0],[-8.418544493615627,42.913592755794525,0.0],[-8.418760411441326,42.91358806192875,0.0],[-8.41907523572445,42.91361823678017,0.0],[-8.419459965080023,42.91366031393409,0.0],[-8.419841676950455,42.91365494951606,0.0],[-8.419962208718061,42.913611363619566,0.0],[-8.420151136815546,42.91349317878485,0.0],[-8.420216515660284,42.91344925761223,0.0],[-8.4203383885324,42.91343450546265,0.0],[-8.420558664947748,42.91345126926899,0.0],[-8.420776259154081,42.91349284350872,0.0],[-8.42115243896842,42.913477420806885,0.0],[-8.421382773667572,42.91346484795213,0.0],[-8.421768173575401,42.913459818810225,0.0],[-8.421965315937994,42.91348161175847,0.0],[-8.422290366142988,42.91340030729771,0.0],[-8.422512151300907,42.91330827400088,0.0],[-8.422960583120584,42.913082633167505,0.0],[-8.423376828432083,42.91279815137386,0.0],[-8.423533234745264,42.91265398263931,0.0],[-8.423885609954596,42.912165485322475,0.0],[-8.424057271331549,42.91189005598426,0.0],[-8.424199093133211,42.91164077818394,0.0],[-8.424172271043062,42.91141748428345,0.0],[-8.42416388913989,42.91122118011117,0.0],[-8.424173444509506,42.91110349819064,0.0],[-8.424406461417675,42.911005932837725,0.0],[-8.424238320440052,42.91047167032957,0.0],[-8.423670027405024,42.90901171043515,0.0],[-8.423649910837412,42.90887391194701,0.0],[-8.42366348952055,42.908789590001106,0.0],[-8.423703722655773,42.90871113538742,0.0],[-8.424078561365604,42.90875103324652,0.0],[-8.424947261810303,42.908845748752356,0.0],[-8.425450678914785,42.90899511426687,0.0],[-8.425709512084723,42.908992264419794,0.0],[-8.426154255867004,42.9088625125587,0.0],[-8.426221814006567,42.908783722668886,0.0],[-8.426237739622591,42.90854634717107,0.0],[-8.426343519240618,42.90845397859812,0.0],[-8.426524233072996,42.90839396417141,0.0],[-8.42705363407731,42.90815306827426,0.0],[-8.427460324019194,42.90769021958113,0.0],[-8.427722007036209,42.90733767673373,0.0],[-8.42790775001049,42.90717087686062,0.0],[-8.42839339748025,42.90692562237382,0.0],[-8.428919780999422,42.9067281447351,0.0],[-8.42967465519905,42.9063705727458,0.0],[-8.42988034710288,42.90621433407068,0.0],[-8.430004231631756,42.90605776011944,0.0],[-8.430085200816391,42.90591895580292,0.0],[-8.430244792252779,42.905779145658016,0.0],[-8.430581577122211,42.90557647123933,0.0],[-8.430949877947567,42.90544169023633,0.0],[-8.431202005594969,42.90540849789977,0.0],[-8.431616574525833,42.90539810433984,0.0],[-8.432011026889086,42.90523147210479,0.0],[-8.432268686592579,42.90514849126339,0.0],[-8.432537242770195,42.90495369583368,0.0],[-8.432847708463669,42.9047454893589,0.0],[-8.433119617402554,42.90461020544171,0.0],[-8.433398734778166,42.904503252357244,0.0],[-8.433672487735748,42.90437517687678,0.0],[-8.434036597609518,42.90429772809148,0.0],[-8.434429038316011,42.90422463789582,0.0],[-8.43462249264121,42.90417551994324,0.0],[-8.434947039932013,42.90420804172754,0.0],[-8.435081988573074,42.904211059212685,0.0],[-8.436273895204067,42.90337169542909,0.0],[-8.437785655260086,42.90234072133899,0.0],[-8.43846945092082,42.9019514657557,0.0],[-8.43959430232644,42.901896480470896,0.0],[-8.4409243427217,42.901713754981756,0.0],[-8.44199638813734,42.901583667844534,0.0],[-8.44263156875968,42.90148090571165,0.0],[-8.442926947027445,42.901323325932026,0.0],[-8.443187288939953,42.90119491517544,0.0],[-8.443595822900534,42.901029121130705,0.0],[-8.444032687693834,42.9008998721838,0.0],[-8.444708436727524,42.90071429684758,0.0],[-8.444731906056404,42.90070306509733,0.0],[-8.44488462433219,42.90071899071336,0.0],[-8.445431794971228,42.90063751861453,0.0],[-8.445835802704096,42.90056778118014,0.0],[-8.446155320852993,42.900502402335405,0.0],[-8.44672730192542,42.90033861994743,0.0],[-8.446808438748121,42.900247257202864,0.0],[-8.446894437074661,42.90009470656514,0.0],[-8.446856886148453,42.899922374635935,0.0],[-8.446798045188189,42.89981424808502,0.0],[-8.44662906602025,42.899830508977175,0.0],[-8.44662906602025,42.899830508977175,0.0],[-8.44660459086299,42.899748869240284,0.0],[-8.446487411856651,42.89954401552677,0.0],[-8.446256574243307,42.89948433637619,0.0],[-8.44588190317154,42.8994095697999,0.0],[-8.445598930120468,42.89940940216184,0.0],[-8.445241190493107,42.89937889203429,0.0],[-8.445072378963232,42.89933497086167,0.0],[-8.444967605173588,42.89924645796418,0.0],[-8.444633837789297,42.89920823648572,0.0],[-8.44466032460332,42.89913581684232,0.0],[-8.444641381502151,42.89879919961095,0.0],[-8.44451431185007,42.898583114147186,0.0],[-8.444293029606342,42.89843559265137,0.0],[-8.444213904440401,42.89835060015321,0.0],[-8.444530069828033,42.89834523573518,0.0],[-8.444506097584963,42.89827549830079,0.0],[-8.444568123668432,42.89813669398427,0.0],[-8.444741796702147,42.89818178862333,0.0],[-8.444965928792953,42.89814641699195,0.0],[-8.445107750594614,42.898095455020666,0.0],[-8.445307407528162,42.89795245975256,0.0],[-8.445509243756533,42.897823713719845,0.0],[-8.445788193494081,42.89770217612386,0.0],[-8.446309715509415,42.89749028161168,0.0],[-8.446834590286016,42.89735399186611,0.0],[-8.447352927178144,42.897205632179976,0.0],[-8.447548393160105,42.897101026028395,0.0],[-8.447579070925713,42.89706179872155,0.0],[-8.447626680135725,42.89695484563708,0.0],[-8.447669260203838,42.89673339575529,0.0],[-8.447637911885977,42.89645478129387,0.0],[-8.447572533041239,42.89619594812393,0.0],[-8.447560463100672,42.896026968955994,0.0],[-8.447581585496664,42.89591113105416,0.0],[-8.447720389813185,42.89573661983013,0.0],[-8.447830528020859,42.89554065093398,0.0],[-8.447874784469604,42.89543470367789,0.0],[-8.447833545506,42.89520084857941,0.0],[-8.447697423398495,42.895078137516975,0.0],[-8.447431549429893,42.89491217583418,0.0],[-8.447266090661287,42.89484243839979,0.0],[-8.447144385427237,42.894703801721334,0.0],[-8.44714606180787,42.89452325552702,0.0],[-8.447190653532743,42.89439082145691,0.0],[-8.447325937449932,42.894244473427534,0.0],[-8.447699099779129,42.894085217267275,0.0],[-8.447823319584131,42.893981616944075,0.0],[-8.447911497205496,42.893817499279976,0.0],[-8.448014426976442,42.893616165965796,0.0],[-8.448219280689955,42.89333587512374,0.0],[-8.448503259569407,42.89308240637183,0.0],[-8.448772486299276,42.89287118241191,0.0],[-8.449383024126291,42.89243884384632,0.0],[-8.449659124016762,42.892259638756514,0.0],[-8.44989851117134,42.8921652585268,0.0],[-8.449870850890875,42.892016395926476,0.0],[-8.449778985232115,42.891782373189926,0.0],[-8.449686113744974,42.89166519418359,0.0],[-8.44962190836668,42.89158523082733,0.0],[-8.450033962726593,42.89153929799795,0.0],[-8.450309056788681,42.891476936638355,0.0],[-8.450699653476477,42.89142580702901,0.0],[-8.451211955398321,42.891486659646034,0.0],[-8.451578579843044,42.89141105487943,0.0],[-8.452120553702116,42.891397811472416,0.0],[-8.452460188418627,42.891378197818995,0.0],[-8.452655654400587,42.891331259161234,0.0],[-8.452946674078701,42.89109371602535,0.0],[-8.453106433153152,42.89100956171751,0.0],[-8.45355486497283,42.89094803854823,0.0],[-8.454154673963785,42.89091367274523,0.0],[-8.45463177189231,42.890884168446064,0.0],[-8.454821705818176,42.89085986092687,0.0],[-8.45500074326992,42.89075944572687,0.0],[-8.455424364656208,42.890511341392994,0.0],[-8.45579031854868,42.89035812020302,0.0],[-8.456342853605747,42.89019400253892,0.0],[-8.45691081136465,42.89011336863041,0.0],[-8.457316663116217,42.89005570113659,0.0],[-8.457494527101517,42.8900863789022,0.0],[-8.458140939474106,42.890321742743254,0.0],[-8.458359204232693,42.89037035778165,0.0],[-8.458942249417303,42.89042668417096,0.0],[-8.459435943514109,42.89050044491887,0.0],[-8.459711205214262,42.89053162559867,0.0],[-8.460227865725756,42.89050983265042,0.0],[-8.460763301700354,42.89045266807079,0.0],[-8.461160939186811,42.89039500057697,0.0],[-8.46197934821248,42.89039298892021,0.0],[-8.46256272867322,42.89040170609951,0.0],[-8.46313001587987,42.89039835333824,0.0],[-8.463931661099195,42.89047362282872,0.0],[-8.464757278561592,42.890590634197,0.0],[-8.4655668027699,42.89070161059499,0.0],[-8.465603180229664,42.89070714265108,0.0],[-8.46711678430438,42.890935968607664,0.0],[-8.468468617647886,42.89111500605941,0.0],[-8.46960972994566,42.891299072653055,0.0],[-8.47054062411189,42.89144039154053,0.0],[-8.47222438082099,42.89165647700429,0.0],[-8.474018443375826,42.89188044145703,0.0],[-8.474779520183802,42.891973312944174,0.0],[-8.475823905318975,42.89209719747305,0.0],[-8.476204108446836,42.89217045530677,0.0],[-8.476313911378384,42.89222711697221,0.0],[-8.47644869238138,42.89224220439792,0.0],[-8.476557992398739,42.89223466068506,0.0],[-8.47659369930625,42.89219979196787,0.0],[-8.476422205567358,42.89151096716523,0.0],[-8.476261775940657,42.890901770442724,0.0],[-8.476155828684568,42.89052626118064,0.0],[-8.476242162287235,42.89048619568348,0.0],[-8.476569391787052,42.89048535749316,0.0],[-8.479358553886414,42.89057672023773,0.0],[-8.482147883623838,42.89064176380634,0.0],[-8.484308738261461,42.89070161059499,0.0],[-8.48586056381464,42.89074670523405,0.0],[-8.485957961529493,42.89070898666978,0.0],[-8.48600724712014,42.8906424343586,0.0],[-8.486101627349854,42.89059046655893,0.0],[-8.486312180757523,42.89058677852154,0.0],[-8.486723229289055,42.89065048098564,0.0],[-8.487370312213898,42.89077017456293,0.0],[-8.487439882010221,42.891117352992296,0.0],[-8.48751850426197,42.89129739627242,0.0],[-8.487643897533417,42.891418766230345,0.0],[-8.487795274704695,42.8914987295866,0.0],[-8.488654922693968,42.89138590916991,0.0],[-8.489120285958052,42.89131650701165,0.0],[-8.489384483546019,42.8912085480988,0.0],[-8.489716239273548,42.89110578596592,0.0],[-8.490067943930624,42.891018111258745,0.0],[-8.490838911384344,42.89085768163204,0.0],[-8.491163291037083,42.89081946015358,0.0],[-8.491379879415035,42.8907460346818,0.0],[-8.491740971803665,42.890612594783306,0.0],[-8.492276072502136,42.890386786311865,0.0],[-8.49283179268241,42.89014119654894,0.0],[-8.493258096277714,42.890013959258795,0.0],[-8.493589852005243,42.88989644497633,0.0],[-8.494105339050291,42.8897219337523,0.0],[-8.494445644319057,42.88965202867985,0.0],[-8.494867589324713,42.88943309336901,0.0],[-8.495633024722338,42.88915414363146,0.0],[-8.496179189532995,42.888935040682554,0.0],[-8.496306259185076,42.88883898407221,0.0],[-8.496306259185076,42.88883898407221,0.0],[-8.497856240719557,42.8882990218699,0.0],[-8.498913031071424,42.88803918287158,0.0],[-8.499010261148214,42.8880432061851,0.0],[-8.499282840639353,42.88798000663519,0.0],[-8.499701768159866,42.887874729931355,0.0],[-8.499926403164864,42.88774346932769,0.0],[-8.500271737575531,42.88771631196141,0.0],[-8.500626292079687,42.88774648681283,0.0],[-8.501247558742762,42.887842040508986,0.0],[-8.501694314181805,42.88789400830865,0.0],[-8.502020705491304,42.88780616596341,0.0],[-8.503169696778059,42.88747223094106,0.0],[-8.503203894942999,42.88753258064389,0.0],[-8.503499943763018,42.887506429106,0.0],[-8.503867574036121,42.887389585375786,0.0],[-8.50419832393527,42.88733895868063,0.0],[-8.50438591092825,42.887314315885305,0.0],[-8.504590261727571,42.88708398118615,0.0],[-8.504550196230412,42.88682296872139,0.0],[-8.504584394395351,42.886815927922726,0.0],[-8.504790589213371,42.8869622759521,0.0],[-8.505279589444399,42.88678089156747,0.0],[-8.50556692108512,42.886724062263966,0.0],[-8.506487924605606,42.88661811500788,0.0],[-8.506854381412268,42.88657670840621,0.0],[-8.507909998297691,42.88652641698718,0.0],[-8.508682139217854,42.886509988456964,0.0],[-8.509910926222801,42.886485513299704,0.0],[-8.510112762451172,42.88642717525363,0.0],[-8.510294649749994,42.886368837207556,0.0],[-8.510443177074192,42.8862558491528,0.0],[-8.510457091033459,42.88619181141257,0.0],[-8.510920610278845,42.88616415113211,0.0],[-8.51090082898736,42.88591805845499,0.0],[-8.511980082839727,42.88587614893913,0.0],[-8.512310665100811,42.88585267961025,0.0],[-8.513060845434666,42.885648496448994,0.0],[-8.513192608952522,42.8855668567121,0.0],[-8.513276763260365,42.88537776097655,0.0],[-8.513578847050667,42.885282542556524,0.0],[-8.513802979141474,42.88520844653249,0.0],[-8.513992577791212,42.885209284722805,0.0],[-8.514332715421915,42.88520358502865,0.0],[-8.515252377837896,42.885068133473396,0.0],[-8.515683207660913,42.88466613739729,0.0],[-8.516029547899961,42.8845102339983,0.0],[-8.51777348667383,42.88523593917489,0.0],[-8.51825712248683,42.885538190603256,0.0],[-8.518653083592653,42.88586877286434,0.0],[-8.519166558980942,42.88607815280557,0.0],[-8.519670143723488,42.88633396849036,0.0],[-8.520216476172209,42.88669019937515,0.0],[-8.5205571167171,42.886791955679655,0.0],[-8.521397486329079,42.886954732239246,0.0],[-8.522484954446554,42.88717299699783,0.0],[-8.52352263405919,42.8872350230813,0.0],[-8.523932509124279,42.88723887875676,0.0],[-8.524852339178324,42.887217588722706,0.0],[-8.525403868407011,42.8871800377965,0.0],[-8.526052627712488,42.88698172196746,0.0],[-8.52682527154684,42.886656671762466,0.0],[-8.52758165448904,42.88626205176115,0.0],[-8.527850210666656,42.886185105890036,0.0],[-8.528408613055944,42.88611771538854,0.0],[-8.529073130339384,42.88607530295849,0.0],[-8.529941830784082,42.88595359772444,0.0],[-8.530507106333971,42.88575494661927,0.0],[-8.530854955315588,42.88549393415451,0.0],[-8.531174473464487,42.8853147290647,0.0],[-8.531722985208035,42.88508724421263,0.0],[-8.532002437859774,42.88504734635353,0.0],[-8.53275429457426,42.885247338563204,0.0],[-8.532932829111814,42.88523577153683,0.0],[-8.53326927870512,42.884916588664055,0.0],[-8.533415123820305,42.88498280569911,0.0],[-8.533654678612947,42.88491826504469,0.0],[-8.533695079386234,42.88469698280096,0.0],[-8.533695079386234,42.88469698280096,0.0],[-8.533705472946165,42.884640991687775,0.0],[-8.53384679183364,42.88433471694589,0.0],[-8.533993642777205,42.88412198424339,0.0],[-8.534126412123442,42.88353189826012,0.0],[-8.534230347722769,42.883052453398705,0.0],[-8.53426119312644,42.88265464827418,0.0],[-8.534448612481356,42.88230814039707,0.0],[-8.53487005457282,42.881912011653185,0.0],[-8.535232990980148,42.88176566362381,0.0],[-8.535232990980148,42.88176566362381,0.0],[-8.535273056477308,42.88174957036972,0.0],[-8.536211661994457,42.8816057369113,0.0],[-8.537206258624792,42.881408762186766,0.0],[-8.538016453385353,42.881280686706305,0.0],[-8.538289703428745,42.881298288702965,0.0],[-8.539122696965933,42.88162602111697,0.0],[-8.539573475718498,42.88177538663149,0.0],[-8.539952170103788,42.88190145045519,0.0],[-8.540082089602947,42.88186624646187,0.0],[-8.540278393775225,42.881876807659864,0.0],[-8.540575448423624,42.88185518234968,0.0],[-8.54100527241826,42.88182232528925,0.0],[-8.54121683165431,42.8817542642355,0.0],[-8.541600555181503,42.88161227479577,0.0],[-8.54166341945529,42.88156667724252,0.0],[-8.541914373636246,42.881452683359385,0.0],[-8.542203716933727,42.88139082491398,0.0],[-8.54229776188731,42.88135662674904,0.0],[-8.54238510131836,42.881173230707645,0.0],[-8.54286940768361,42.88118094205856,0.0],[-8.54303302243352,42.8812275454402,0.0],[-8.543432168662548,42.88123391568661,0.0],[-8.543916642665863,42.88121849298477,0.0],[-8.544385861605406,42.881140038371086,0.0],[-8.544509075582027,42.881124280393124,0.0],[-8.544469512999058,42.88092764094472,0.0]]}}]}
