{"type": "FeatureCollection", "metadata": {"title": "Trazado oficial Camino del Norte + Fisterra-Muxia (dataset temporal de validacion)", "source": "CNIG/IGN - Instituto Geografico Nacional, dataset 'Rutas de Caminos de Santiago 2020-2026'", "producer": "FEAACS (Federacion Espanola de Asociaciones de Amigos del Camino de Santiago) y asociaciones jacobeas colaboradoras", "license": "CC-BY 4.0", "attribution": "Obra derivada de Rutas de Caminos de Santiago 2020-2026 CC-BY 4.0 FEAACS", "crs": "EPSG:4326 (WGS84 -- fuente original en ETRS89, diferencia despreciable a esta escala)", "status": "BORRADOR DE VALIDACION -- NO integrado en Companion. No simplificado. No cortado por etapas de Osyris.", "generated_note": "Generado fuera de /companion/, en almacenamiento temporal, para revision humana antes de cualquier integracion."}, "features": [{"type": "Feature", "properties": {"order": 0, "group": "camino-del-norte-irun-arzua", "source_file": "01a-irun-sansebastian.gpx", "reversed_from_source": false, "point_count": 2989, "source": "CNIG/IGN - Rutas de Caminos de Santiago 2020-2026 (datos FEAACS)", "license": "CC-BY 4.0", "attribution": "Obra derivada de Rutas de Caminos de Santiago 2020-2026 CC-BY 4.0 FEAACS"}, "geometry": {"type": "LineString", "coordinates": [[-1.785468, 43.349948, 0.0], [-1.785901, 43.349607, 1.7], [-1.786216, 43.349377, 8.6], [-1.786262, 43.349324, 8.3], [-1.7863, 43.349253, 8.0], [-1.786356, 43.349123, 7.1], [-1.78636, 43.34903, 7.0], [-1.786561, 43.348532, 5.0], [-1.786657, 43.348299, 5.0], [-1.786432, 43.348252, 6.0], [-1.786197, 43.348071, 6.0], [-1.785907, 43.34747, 3.0], [-1.785858, 43.347477, 3.0], [-1.785809, 43.347477, 3.0], [-1.78576, 43.347471, 3.0], [-1.785713, 43.347459, 3.0], [-1.78567, 43.347442, 3.0], [-1.785658, 43.347394, 3.0], [-1.78565, 43.347346, 2.9], [-1.785514, 43.346834, 3.0], [-1.785357, 43.346172, 3.0], [-1.78519, 43.345737, 2.9], [-1.785051, 43.345394, 3.0], [-1.784937, 43.345092, 3.0], [-1.784915, 43.345023, 3.0], [-1.784896, 43.344953, 3.0], [-1.784873, 43.344864, 3.0], [-1.784867, 43.344778, 3.0], [-1.784865, 43.344704, 3.0], [-1.784892, 43.344606, 3.0], [-1.78493, 43.344523, 3.0], [-1.784973, 43.344444, 3.0], [-1.785007, 43.344387, 3.0], [-1.785163, 43.344161, 2.9], [-1.785367, 43.34396, 3.0], [-1.785458, 43.34388, 3.0], [-1.785533, 43.34379, 3.0], [-1.785597, 43.34369, 3.0], [-1.785657, 43.343571, 3.0], [-1.785688, 43.343498, 3.1], [-1.785888, 43.343119, 3.5], [-1.785931, 43.343031, 3.0], [-1.785968, 43.342956, 3.1], [-1.786, 43.342881, 3.0], [-1.786027, 43.342804, 3.4], [-1.786035, 43.342731, 2.3], [-1.786037, 43.342657, 2.2], [-1.786033, 43.342584, 2.1], [-1.786074, 43.342581, 3.2], [-1.786113, 43.342573, 3.8], [-1.78615, 43.342561, 3.8], [-1.786183, 43.342544, 3.1], [-1.786212, 43.342523, 3.0], [-1.786235, 43.342499, 3.0], [-1.786247, 43.342475, 3.0], [-1.786405, 43.342095, 3.0], [-1.786631, 43.341537, 3.0], [-1.786872, 43.340915, 3.0], [-1.786881, 43.340895, 3.0], [-1.786883, 43.34087, 3.0], [-1.786881, 43.340844, 3.0], [-1.786874, 43.34082, 3.0], [-1.786862, 43.340796, 3.0], [-1.786846, 43.340773, 3.0], [-1.786518, 43.340278, 3.0], [-1.786517, 43.340275, 3.0], [-1.786513, 43.340267, 3.0], [-1.78651, 43.340258, 3.0], [-1.786507, 43.340249, 3.0], [-1.786506, 43.34024, 3.0], [-1.786507, 43.34023, 3.0], [-1.786508, 43.340221, 3.0], [-1.78651, 43.340212, 3.0], [-1.786513, 43.340203, 3.0], [-1.786518, 43.340195, 3.0], [-1.786523, 43.340187, 3.0], [-1.78653, 43.340179, 3.0], [-1.786537, 43.340171, 3.0], [-1.786545, 43.340164, 3.0], [-1.786554, 43.340158, 3.2], [-1.786564, 43.340152, 3.3], [-1.786574, 43.340147, 3.5], [-1.786585, 43.340142, 3.7], [-1.786597, 43.340138, 3.9], [-1.786627, 43.34013, 4.0], [-1.786773, 43.340094, 5.0], [-1.786924, 43.340068, 6.0], [-1.787076, 43.340051, 6.0], [-1.787103, 43.340049, 6.0], [-1.78713, 43.340045, 6.0], [-1.787155, 43.34004, 6.0], [-1.78718, 43.340033, 6.3], [-1.787204, 43.340024, 6.9], [-1.787227, 43.340014, 7.5], [-1.787249, 43.340002, 8.5], [-1.787269, 43.339989, 9.4], [-1.787288, 43.339975, 10.0], [-1.787304, 43.339959, 10.0], [-1.787307, 43.339957, 10.0], [-1.78731, 43.339954, 10.0], [-1.787344, 43.339925, 10.4], [-1.787381, 43.339897, 11.0], [-1.787422, 43.339873, 11.6], [-1.787465, 43.339851, 12.0], [-1.787511, 43.339832, 12.6], [-1.787558, 43.339815, 13.0], [-1.787608, 43.339802, 13.0], [-1.787948, 43.339694, 15.9], [-1.787961, 43.33969, 16.0], [-1.787973, 43.339686, 16.0], [-1.787985, 43.33968, 16.2], [-1.787996, 43.339674, 16.4], [-1.788007, 43.339667, 16.6], [-1.788016, 43.33966, 16.7], [-1.788025, 43.339652, 16.9], [-1.788032, 43.339644, 17.0], [-1.788039, 43.339635, 17.0], [-1.788044, 43.339626, 17.0], [-1.788048, 43.339616, 17.0], [-1.788049, 43.339615, 17.0], [-1.788129, 43.339415, 18.0], [-1.788158, 43.339355, 18.0], [-1.788211, 43.33927, 18.8], [-1.788229, 43.339247, 19.0], [-1.788292, 43.339177, 19.0], [-1.788364, 43.339112, 19.7], [-1.788738, 43.338751, 21.0], [-1.788764, 43.338712, 21.0], [-1.788783, 43.33867, 21.0], [-1.788793, 43.338627, 21.0], [-1.788796, 43.338583, 21.0], [-1.788794, 43.338526, 21.0], [-1.788781, 43.338471, 21.0], [-1.78876, 43.338417, 21.0], [-1.78873, 43.338365, 21.0], [-1.788731, 43.338355, 21.0], [-1.788741, 43.338351, 21.0], [-1.788773, 43.338345, 21.0], [-1.789051, 43.338308, 22.0], [-1.789328, 43.338273, 22.0], [-1.789937, 43.338228, 24.0], [-1.78993, 43.338239, 24.0], [-1.789989, 43.338316, 24.0], [-1.790037, 43.338418, 23.0], [-1.790053, 43.33852, 23.0], [-1.790033, 43.338623, 22.0], [-1.790006, 43.3387, 21.8], [-1.789749, 43.339383, 19.0], [-1.789754, 43.339398, 19.0], [-1.789772, 43.339413, 19.0], [-1.790627, 43.3396, 19.0], [-1.791462, 43.339772, 20.0], [-1.792675, 43.340005, 20.0], [-1.79378, 43.340214, 20.0], [-1.795369, 43.340561, 20.0], [-1.796978, 43.340894, 20.0], [-1.797185, 43.340938, 20.0], [-1.797351, 43.340974, 20.5], [-1.797489, 43.341006, 15.4], [-1.797673, 43.341079, 14.0], [-1.797851, 43.341192, 17.8], [-1.79797, 43.341226, 20.0], [-1.798036, 43.341244, 19.2], [-1.798071, 43.341298, 19.0], [-1.798071, 43.341307, 19.0], [-1.798032, 43.341348, 19.0], [-1.798034, 43.341365, 19.0], [-1.798044, 43.341385, 19.0], [-1.798346, 43.341629, 18.0], [-1.798682, 43.341933, 16.8], [-1.799053, 43.342249, 15.5], [-1.799072, 43.342263, 15.2], [-1.799075, 43.34227, 15.1], [-1.799075, 43.342275, 15.0], [-1.799005, 43.342337, 15.0], [-1.799002, 43.342342, 15.0], [-1.799002, 43.342346, 15.0], [-1.799003, 43.342352, 15.0], [-1.799132, 43.342505, 15.0], [-1.799215, 43.342719, 14.0], [-1.799683, 43.343274, 11.0], [-1.799946, 43.343583, 10.0], [-1.800066, 43.343723, 9.6], [-1.800413, 43.344171, 8.0], [-1.800872, 43.344753, 5.3], [-1.800918, 43.344826, 5.0], [-1.800943, 43.344883, 5.0], [-1.800948, 43.344911, 5.1], [-1.800949, 43.34493, 5.5], [-1.80095, 43.344954, 5.8], [-1.800941, 43.344971, 5.5], [-1.800934, 43.344984, 5.3], [-1.800924, 43.344993, 5.3], [-1.800909, 43.345001, 5.5], [-1.800894, 43.345005, 5.6], [-1.800783, 43.345014, 5.8], [-1.800772, 43.345015, 5.9], [-1.800768, 43.34502, 5.9], [-1.800767, 43.345062, 5.8], [-1.800774, 43.34507, 5.7], [-1.800797, 43.345079, 5.3], [-1.800816, 43.345088, 5.0], [-1.800829, 43.345095, 5.0], [-1.800837, 43.345105, 5.0], [-1.800837, 43.345115, 5.0], [-1.800824, 43.345167, 5.0], [-1.800834, 43.345227, 5.0], [-1.800854, 43.345286, 5.2], [-1.800887, 43.34534, 5.0], [-1.800938, 43.345385, 5.0], [-1.801006, 43.345418, 4.0], [-1.801072, 43.345436, 4.0], [-1.801137, 43.34545, 4.0], [-1.801223, 43.345463, 4.0], [-1.801344, 43.345478, 4.0], [-1.801407, 43.345494, 4.0], [-1.80147, 43.345517, 4.0], [-1.801516, 43.345548, 4.0], [-1.801563, 43.345582, 4.0], [-1.801609, 43.345632, 4.0], [-1.801663, 43.345688, 4.0], [-1.801714, 43.345764, 3.1], [-1.801771, 43.345847, 3.2], [-1.801829, 43.345947, 3.3], [-1.801847, 43.346031, 3.1], [-1.801839, 43.346182, 3.0], [-1.801742, 43.34638, 2.8], [-1.801537, 43.34673, 3.0], [-1.801287, 43.347157, 3.0], [-1.801188, 43.347303, 3.0], [-1.80109, 43.347447, 2.5], [-1.800852, 43.347843, 3.0], [-1.800657, 43.348163, 2.3], [-1.8005, 43.348412, 2.0], [-1.800372, 43.348632, 2.0], [-1.800267, 43.34882, 2.0], [-1.80025, 43.348829, 2.0], [-1.800359, 43.348866, 3.0], [-1.799654, 43.350093, 3.0], [-1.799816, 43.350187, 4.0], [-1.799909, 43.350307, 2.7], [-1.799832, 43.35042, 1.0], [-1.799677, 43.350476, 2.0], [-1.799592, 43.35047, 3.0], [-1.799483, 43.350457, 3.0], [-1.799406, 43.350439, 3.0], [-1.799034, 43.350816, 3.0], [-1.799452, 43.351017, 3.0], [-1.799462, 43.351008, 2.9], [-1.799507, 43.351033, 2.7], [-1.799584, 43.351063, 3.0], [-1.799727, 43.351114, 2.6], [-1.799843, 43.351154, 2.9], [-1.800021, 43.351189, 2.6], [-1.80019, 43.351221, 2.1], [-1.800407, 43.351239, 2.7], [-1.80055, 43.351248, 3.0], [-1.80058, 43.351258, 3.0], [-1.800909, 43.351155, 1.0], [-1.801629, 43.351111, 1.0], [-1.802117, 43.351074, 1.0], [-1.802512, 43.35125, 2.8], [-1.802485, 43.351251, 3.0], [-1.802561, 43.351242, 2.6], [-1.802636, 43.351228, 2.9], [-1.802741, 43.351211, 3.3], [-1.802843, 43.351188, 3.1], [-1.802914, 43.35117, 3.0], [-1.802983, 43.351148, 3.6], [-1.803045, 43.351131, 2.8], [-1.803108, 43.351118, 3.0], [-1.803173, 43.351107, 3.5], [-1.803229, 43.351095, 3.9], [-1.803286, 43.351086, 3.5], [-1.803344, 43.35108, 3.4], [-1.803404, 43.351074, 3.1], [-1.803465, 43.351075, 3.0], [-1.803524, 43.351083, 3.0], [-1.80362, 43.351105, 2.9], [-1.803712, 43.351133, 2.8], [-1.803814, 43.35116, 2.9], [-1.803915, 43.351189, 3.0], [-1.804002, 43.351214, 3.0], [-1.804088, 43.351241, 3.9], [-1.804097, 43.351245, 3.8], [-1.804104, 43.35125, 3.7], [-1.804111, 43.351256, 3.5], [-1.804116, 43.351262, 3.5], [-1.804119, 43.351269, 3.5], [-1.804121, 43.351276, 3.5], [-1.804121, 43.351283, 3.5], [-1.804119, 43.35129, 3.4], [-1.804116, 43.351297, 3.3], [-1.804112, 43.351303, 3.2], [-1.804098, 43.351328, 3.0], [-1.804081, 43.351351, 3.3], [-1.804044, 43.3514, 2.8], [-1.803999, 43.351468, 3.6], [-1.803973, 43.351508, 3.8], [-1.803942, 43.351547, 3.7], [-1.803916, 43.351574, 3.5], [-1.803888, 43.3516, 3.8], [-1.803863, 43.351612, 3.3], [-1.80384, 43.351627, 3.0], [-1.803837, 43.35163, 3.0], [-1.803835, 43.351633, 3.0], [-1.803833, 43.351637, 3.0], [-1.803833, 43.351641, 3.0], [-1.803833, 43.351644, 3.0], [-1.803834, 43.351648, 2.9], [-1.803836, 43.351652, 2.8], [-1.803838, 43.351655, 2.7], [-1.80386, 43.351667, 2.2], [-1.803885, 43.351676, 1.7], [-1.80399, 43.351708, 3.4], [-1.804116, 43.351744, 5.9], [-1.804196, 43.351767, 7.0], [-1.804342, 43.351823, 9.1], [-1.804483, 43.351884, 11.2], [-1.804929, 43.352106, 17.9], [-1.805102, 43.352197, 20.0], [-1.80527, 43.352292, 22.0], [-1.805538, 43.352453, 24.9], [-1.805637, 43.352524, 25.4], [-1.80574, 43.352593, 26.0], [-1.805904, 43.352675, 27.0], [-1.805999, 43.352734, 27.4], [-1.806088, 43.352797, 28.0], [-1.806173, 43.352864, 28.0], [-1.806257, 43.352919, 28.0], [-1.806345, 43.35297, 28.0], [-1.806437, 43.353018, 28.0], [-1.806505, 43.353041, 28.0], [-1.80657, 43.353067, 28.0], [-1.806633, 43.353098, 28.0], [-1.806692, 43.353131, 28.0], [-1.806772, 43.353187, 28.0], [-1.806846, 43.353247, 28.0], [-1.806913, 43.353312, 28.7], [-1.806968, 43.353372, 28.9], [-1.807018, 43.353435, 28.9], [-1.807062, 43.353499, 29.0], [-1.807102, 43.353566, 29.4], [-1.807123, 43.353605, 29.8], [-1.807212, 43.353769, 31.7], [-1.807301, 43.353895, 33.0], [-1.807438, 43.354073, 35.2], [-1.807508, 43.354146, 35.8], [-1.807558, 43.354191, 36.3], [-1.807674, 43.354292, 36.0], [-1.8078, 43.354414, 36.0], [-1.80792, 43.354535, 36.4], [-1.807977, 43.354598, 37.0], [-1.808085, 43.354722, 38.0], [-1.808165, 43.354815, 38.0], [-1.808235, 43.354913, 37.8], [-1.808253, 43.354941, 37.3], [-1.808339, 43.355141, 36.0], [-1.80838, 43.35522, 35.1], [-1.808428, 43.355294, 35.0], [-1.808444, 43.355319, 35.0], [-1.808457, 43.355345, 35.0], [-1.808476, 43.355383, 35.0], [-1.808486, 43.355413, 35.0], [-1.808488, 43.355447, 34.7], [-1.808484, 43.35549, 34.4], [-1.808478, 43.355532, 34.5], [-1.808468, 43.355582, 34.7], [-1.808414, 43.355764, 35.0], [-1.808358, 43.35597, 35.0], [-1.80831, 43.356107, 35.0], [-1.808271, 43.356266, 36.0], [-1.80821, 43.356475, 37.0], [-1.80817, 43.356656, 37.0], [-1.808149, 43.35676, 37.8], [-1.808133, 43.356904, 38.0], [-1.808131, 43.357004, 38.0], [-1.808147, 43.357131, 39.0], [-1.808161, 43.357321, 39.0], [-1.808182, 43.357484, 39.3], [-1.808204, 43.357701, 40.0], [-1.80822, 43.357843, 41.0], [-1.808254, 43.358023, 42.9], [-1.808175, 43.358108, 43.2], [-1.80841, 43.358078, 44.0], [-1.808254, 43.358023, 42.9], [-1.808221, 43.358089, 43.3], [-1.808346, 43.358073, 43.8], [-1.808352, 43.358073, 43.8], [-1.808367, 43.358073, 43.9], [-1.808381, 43.358074, 43.9], [-1.808396, 43.358076, 44.0], [-1.80841, 43.358078, 44.0], [-1.808646, 43.358159, 43.0], [-1.808767, 43.358213, 42.8], [-1.809008, 43.358319, 41.2], [-1.809178, 43.358431, 40.7], [-1.80931, 43.358522, 41.0], [-1.809534, 43.358656, 41.7], [-1.809656, 43.35872, 41.7], [-1.809712, 43.358758, 41.8], [-1.809756, 43.358787, 42.3], [-1.809851, 43.358786, 42.3], [-1.810062, 43.358791, 43.3], [-1.810198, 43.358801, 44.0], [-1.810351, 43.358823, 44.9], [-1.810503, 43.358853, 46.4], [-1.810651, 43.358892, 48.4], [-1.810768, 43.358934, 49.5], [-1.810826, 43.358962, 50.6], [-1.810941, 43.359038, 51.9], [-1.811153, 43.35918, 55.3], [-1.811291, 43.359281, 56.3], [-1.811319, 43.359316, 56.9], [-1.811335, 43.359349, 57.0], [-1.811343, 43.35939, 57.0], [-1.811344, 43.359435, 57.0], [-1.811356, 43.359487, 57.0], [-1.811392, 43.359554, 57.0], [-1.811423, 43.359601, 56.5], [-1.811438, 43.359617, 56.5], [-1.811461, 43.359632, 56.3], [-1.811485, 43.359643, 56.0], [-1.811525, 43.359654, 55.8], [-1.811562, 43.359653, 55.2], [-1.811646, 43.359641, 54.2], [-1.811832, 43.359598, 53.1], [-1.811958, 43.359572, 52.6], [-1.812057, 43.359567, 52.0], [-1.812122, 43.359568, 52.0], [-1.81221, 43.35958, 52.0], [-1.81227, 43.359585, 52.0], [-1.81239, 43.359607, 52.0], [-1.812499, 43.359631, 52.0], [-1.812568, 43.359657, 52.0], [-1.81269, 43.359702, 52.0], [-1.812822, 43.359762, 52.0], [-1.812922, 43.359812, 52.0], [-1.81302, 43.359871, 53.0], [-1.813101, 43.359919, 53.0], [-1.813201, 43.359981, 52.6], [-1.813261, 43.360015, 52.8], [-1.813404, 43.360092, 53.0], [-1.813482, 43.360149, 53.0], [-1.813529, 43.360198, 53.1], [-1.813568, 43.36026, 53.1], [-1.813612, 43.360347, 53.0], [-1.813637, 43.360382, 53.0], [-1.813658, 43.360399, 53.2], [-1.813673, 43.36042, 53.7], [-1.813677, 43.360456, 54.0], [-1.813667, 43.360502, 54.2], [-1.813664, 43.360553, 54.7], [-1.813682, 43.36061, 55.9], [-1.813731, 43.360744, 57.1], [-1.813793, 43.360885, 58.0], [-1.813812, 43.360932, 58.0], [-1.81382, 43.360962, 58.0], [-1.813832, 43.361097, 58.0], [-1.81379, 43.361386, 62.0], [-1.813763, 43.36146, 62.1], [-1.813631, 43.361795, 70.0], [-1.813631, 43.361807, 70.0], [-1.813649, 43.361858, 69.9], [-1.813769, 43.362101, 73.6], [-1.814963, 43.362239, 79.8], [-1.81623, 43.362386, 92.3], [-1.816922, 43.362499, 97.7], [-1.816941, 43.36252, 97.9], [-1.816877, 43.362762, 103.2], [-1.816513, 43.363098, 114.4], [-1.816683, 43.363292, 121.6], [-1.817135, 43.363279, 123.2], [-1.816962, 43.363501, 129.9], [-1.816908, 43.363736, 134.1], [-1.817079, 43.363764, 135.0], [-1.817111, 43.363772, 135.0], [-1.81718, 43.363772, 136.0], [-1.817374, 43.363771, 136.0], [-1.817554, 43.363775, 136.7], [-1.817736, 43.363782, 137.0], [-1.817918, 43.363799, 137.0], [-1.818038, 43.363812, 137.1], [-1.818211, 43.363846, 138.0], [-1.818271, 43.363858, 138.0], [-1.818387, 43.363915, 138.6], [-1.818466, 43.363974, 139.0], [-1.818543, 43.364043, 139.6], [-1.818605, 43.36412, 141.6], [-1.818658, 43.364203, 143.0], [-1.818702, 43.364271, 143.9], [-1.81874, 43.364308, 144.6], [-1.81882, 43.36438, 145.9], [-1.818901, 43.364451, 147.5], [-1.818988, 43.364522, 149.7], [-1.819011, 43.364541, 150.1], [-1.819055, 43.364559, 151.1], [-1.819164, 43.364594, 152.9], [-1.819337, 43.364636, 155.3], [-1.819457, 43.364665, 157.4], [-1.819504, 43.364679, 158.1], [-1.819552, 43.364694, 158.6], [-1.819598, 43.364709, 159.0], [-1.819836, 43.364803, 161.6], [-1.820001, 43.364862, 163.5], [-1.8204, 43.365009, 169.7], [-1.820443, 43.36503, 170.6], [-1.820477, 43.365058, 171.0], [-1.820512, 43.365089, 171.5], [-1.8206, 43.36518, 173.0], [-1.820651, 43.365235, 174.0], [-1.820693, 43.36526, 175.0], [-1.82074, 43.365288, 175.6], [-1.820788, 43.365315, 176.3], [-1.820821, 43.36534, 176.7], [-1.820855, 43.36537, 177.3], [-1.820876, 43.365395, 178.0], [-1.820927, 43.365451, 179.3], [-1.820988, 43.365523, 180.2], [-1.82107, 43.365626, 182.0], [-1.821138, 43.365727, 184.0], [-1.821157, 43.365765, 185.3], [-1.821195, 43.36584, 187.2], [-1.82122, 43.365925, 188.8], [-1.821238, 43.366035, 190.0], [-1.821259, 43.366172, 190.3], [-1.821268, 43.366241, 190.4], [-1.821281, 43.366359, 190.4], [-1.821298, 43.366409, 191.0], [-1.821341, 43.366576, 192.3], [-1.8214, 43.366764, 194.4], [-1.821484, 43.366748, 195.0], [-1.821639, 43.366707, 197.0], [-1.821931, 43.366635, 200.0], [-1.82198, 43.366595, 200.8], [-1.822028, 43.366568, 201.0], [-1.822195, 43.366517, 202.0], [-1.822459, 43.366443, 204.3], [-1.822677, 43.366394, 206.7], [-1.822982, 43.366334, 207.2], [-1.8236, 43.366078, 208.9], [-1.823915, 43.365949, 209.0], [-1.824089, 43.365875, 210.1], [-1.824244, 43.365866, 210.8], [-1.824382, 43.365898, 210.6], [-1.82441, 43.365898, 211.1], [-1.824565, 43.365898, 212.6], [-1.824581, 43.365898, 212.9], [-1.824687, 43.365898, 214.2], [-1.824709, 43.365884, 214.5], [-1.824808, 43.365844, 216.6], [-1.824864, 43.365794, 217.6], [-1.824858, 43.365695, 222.2], [-1.824825, 43.365628, 223.9], [-1.824698, 43.365529, 223.9], [-1.824659, 43.365493, 224.3], [-1.824646, 43.365483, 224.6], [-1.824784, 43.365364, 228.9], [-1.825179, 43.3651, 240.3], [-1.825692, 43.364819, 260.5], [-1.825834, 43.364749, 267.9], [-1.825906, 43.364719, 271.3], [-1.825975, 43.364689, 274.5], [-1.826355, 43.364488, 291.8], [-1.826389, 43.364474, 292.9], [-1.826471, 43.364435, 296.0], [-1.826527, 43.364412, 299.6], [-1.826563, 43.3644, 301.5], [-1.826604, 43.364394, 303.1], [-1.826638, 43.364389, 303.8], [-1.826662, 43.364387, 304.3], [-1.826687, 43.364383, 304.9], [-1.82671, 43.364378, 305.5], [-1.826733, 43.364371, 306.3], [-1.826744, 43.364367, 306.7], [-1.826796, 43.364355, 307.9], [-1.826864, 43.364321, 308.7], [-1.826932, 43.364263, 310.0], [-1.826988, 43.364231, 310.7], [-1.827025, 43.364208, 311.2], [-1.82705, 43.364195, 311.4], [-1.827111, 43.364172, 311.8], [-1.827166, 43.364152, 311.5], [-1.827228, 43.364132, 312.0], [-1.827284, 43.364107, 312.0], [-1.827324, 43.364088, 312.6], [-1.82736, 43.364067, 312.9], [-1.82739, 43.364053, 312.8], [-1.827421, 43.364035, 313.2], [-1.827463, 43.363997, 314.0], [-1.827474, 43.363977, 314.5], [-1.827501, 43.363934, 315.9], [-1.827519, 43.363906, 317.1], [-1.827537, 43.363876, 317.7], [-1.827584, 43.363803, 319.4], [-1.827652, 43.363715, 321.3], [-1.827704, 43.363663, 321.9], [-1.827748, 43.363619, 321.8], [-1.827777, 43.363596, 322.0], [-1.82781, 43.363569, 322.3], [-1.82784, 43.363544, 322.3], [-1.827877, 43.363511, 322.6], [-1.827903, 43.363488, 322.6], [-1.827934, 43.363464, 323.0], [-1.827966, 43.363436, 323.6], [-1.827999, 43.36341, 324.2], [-1.828027, 43.363391, 324.6], [-1.828062, 43.363365, 325.2], [-1.828105, 43.363339, 325.8], [-1.828149, 43.363293, 326.8], [-1.828172, 43.363265, 327.4], [-1.82818, 43.363238, 328.0], [-1.828189, 43.363214, 328.6], [-1.828198, 43.363183, 329.3], [-1.828207, 43.363148, 330.1], [-1.828216, 43.363112, 330.9], [-1.828225, 43.363091, 331.3], [-1.828256, 43.363062, 332.0], [-1.82831, 43.363009, 333.2], [-1.828326, 43.362978, 333.9], [-1.828342, 43.362942, 334.7], [-1.828351, 43.36292, 335.1], [-1.828374, 43.362881, 336.2], [-1.828393, 43.362851, 336.5], [-1.828414, 43.362816, 337.3], [-1.828452, 43.362768, 339.0], [-1.828485, 43.362735, 340.3], [-1.828513, 43.362713, 341.2], [-1.828536, 43.362696, 342.0], [-1.828553, 43.362679, 342.6], [-1.82858, 43.362659, 343.5], [-1.8286, 43.362638, 344.3], [-1.82862, 43.362618, 344.9], [-1.828641, 43.362593, 345.5], [-1.828661, 43.362571, 346.0], [-1.828681, 43.362544, 346.6], [-1.828708, 43.36251, 347.3], [-1.828743, 43.362464, 348.0], [-1.828771, 43.362421, 348.3], [-1.828799, 43.362368, 349.0], [-1.828829, 43.362313, 349.9], [-1.828857, 43.362277, 350.5], [-1.82888, 43.362249, 351.2], [-1.828912, 43.362183, 352.5], [-1.828963, 43.362118, 354.1], [-1.829, 43.362069, 355.2], [-1.829023, 43.362048, 355.7], [-1.82907, 43.362016, 356.6], [-1.829122, 43.361983, 358.0], [-1.829228, 43.36195, 359.7], [-1.829254, 43.36193, 360.3], [-1.829275, 43.361912, 360.7], [-1.829302, 43.361893, 361.2], [-1.829324, 43.361873, 361.8], [-1.829368, 43.361833, 363.5], [-1.829413, 43.361796, 364.2], [-1.829537, 43.361747, 366.6], [-1.829609, 43.361715, 368.8], [-1.829716, 43.361673, 370.8], [-1.829771, 43.361651, 371.8], [-1.829811, 43.361641, 372.1], [-1.829856, 43.36163, 373.0], [-1.829878, 43.361624, 373.5], [-1.829914, 43.361615, 374.3], [-1.829982, 43.361595, 374.9], [-1.830033, 43.36158, 375.9], [-1.830081, 43.361566, 376.7], [-1.830121, 43.361553, 376.9], [-1.830152, 43.361542, 377.2], [-1.830184, 43.36153, 377.4], [-1.830219, 43.361514, 377.7], [-1.830287, 43.361472, 377.9], [-1.830361, 43.361425, 378.8], [-1.830456, 43.361372, 379.5], [-1.830677, 43.361283, 380.1], [-1.830755, 43.361249, 380.5], [-1.830875, 43.361187, 380.8], [-1.831092, 43.361031, 379.0], [-1.831172, 43.360964, 378.0], [-1.831271, 43.360872, 377.7], [-1.8313, 43.360843, 377.9], [-1.831322, 43.360827, 377.8], [-1.831363, 43.360799, 377.0], [-1.831414, 43.360752, 377.2], [-1.831444, 43.360723, 376.7], [-1.831476, 43.360637, 376.6], [-1.831557, 43.360565, 376.1], [-1.831599, 43.360531, 376.2], [-1.831729, 43.360433, 375.0], [-1.831795, 43.360385, 375.0], [-1.831851, 43.360336, 374.2], [-1.831917, 43.360286, 374.1], [-1.831975, 43.36024, 374.0], [-1.832017, 43.360209, 373.6], [-1.832097, 43.360164, 373.4], [-1.832279, 43.360079, 372.4], [-1.832415, 43.360009, 372.1], [-1.832449, 43.359989, 372.1], [-1.832497, 43.359971, 371.9], [-1.832561, 43.359953, 371.8], [-1.832584, 43.359944, 371.7], [-1.832726, 43.359878, 370.9], [-1.832755, 43.359866, 370.7], [-1.832775, 43.359856, 370.6], [-1.832803, 43.359841, 370.5], [-1.832846, 43.359821, 370.2], [-1.832888, 43.359803, 369.6], [-1.832942, 43.359776, 368.7], [-1.832978, 43.359758, 368.5], [-1.833005, 43.359735, 368.6], [-1.833116, 43.359657, 367.6], [-1.833201, 43.359611, 366.5], [-1.833304, 43.359555, 365.9], [-1.833389, 43.35951, 365.5], [-1.833437, 43.359483, 365.6], [-1.833486, 43.359455, 366.0], [-1.833571, 43.359406, 366.6], [-1.833664, 43.359343, 367.0], [-1.833711, 43.359313, 367.5], [-1.833768, 43.35928, 368.0], [-1.833808, 43.359256, 368.0], [-1.833893, 43.359205, 369.0], [-1.833948, 43.359179, 369.9], [-1.834005, 43.359153, 371.0], [-1.834085, 43.359117, 372.5], [-1.834124, 43.359099, 373.1], [-1.834149, 43.359086, 373.4], [-1.834172, 43.359073, 373.9], [-1.834197, 43.359059, 374.7], [-1.83421, 43.359053, 375.0], [-1.834229, 43.359042, 375.6], [-1.834243, 43.359036, 375.9], [-1.834336, 43.359016, 377.1], [-1.83448, 43.358983, 377.0], [-1.834487, 43.358981, 377.0], [-1.834516, 43.358944, 377.4], [-1.834579, 43.358832, 377.0], [-1.834637, 43.358806, 377.0], [-1.834788, 43.358751, 377.0], [-1.83484, 43.35873, 377.7], [-1.83488, 43.358711, 378.0], [-1.834915, 43.3587, 378.0], [-1.835031, 43.358668, 377.3], [-1.835059, 43.358654, 377.2], [-1.835101, 43.35863, 377.0], [-1.835217, 43.358568, 377.0], [-1.835274, 43.358528, 377.1], [-1.835335, 43.35849, 377.1], [-1.835374, 43.358463, 377.7], [-1.835401, 43.358441, 378.0], [-1.835424, 43.358425, 378.0], [-1.835443, 43.358413, 377.9], [-1.835465, 43.358394, 378.3], [-1.835511, 43.35836, 379.1], [-1.835537, 43.358339, 379.5], [-1.835595, 43.358279, 379.9], [-1.835622, 43.358256, 380.4], [-1.835678, 43.358222, 381.0], [-1.835727, 43.358184, 382.0], [-1.835755, 43.358164, 382.5], [-1.835778, 43.358149, 382.8], [-1.835863, 43.35812, 383.5], [-1.835933, 43.358101, 384.2], [-1.835997, 43.358085, 385.1], [-1.836035, 43.358072, 385.5], [-1.836091, 43.358054, 386.0], [-1.836169, 43.358017, 387.0], [-1.83621, 43.358, 387.9], [-1.836255, 43.35798, 388.7], [-1.836315, 43.357956, 389.2], [-1.836374, 43.357933, 389.8], [-1.836421, 43.357914, 390.1], [-1.836452, 43.357913, 390.6], [-1.836482, 43.357911, 391.0], [-1.836545, 43.357908, 391.1], [-1.836567, 43.357908, 391.5], [-1.836588, 43.357908, 391.8], [-1.836637, 43.357912, 393.2], [-1.836711, 43.357918, 394.1], [-1.836744, 43.357916, 394.2], [-1.836807, 43.357911, 394.2], [-1.836868, 43.357905, 394.4], [-1.836927, 43.357891, 395.0], [-1.836979, 43.357877, 395.0], [-1.837056, 43.357857, 395.0], [-1.837138, 43.357838, 395.0], [-1.837243, 43.357806, 393.9], [-1.837298, 43.357751, 394.0], [-1.837319, 43.357735, 393.9], [-1.837367, 43.357713, 394.0], [-1.837462, 43.357674, 393.9], [-1.837589, 43.357595, 393.4], [-1.837679, 43.357546, 393.4], [-1.837809, 43.357484, 392.5], [-1.837964, 43.35743, 391.7], [-1.838203, 43.35729, 392.3], [-1.8383, 43.357255, 393.0], [-1.838429, 43.357175, 394.0], [-1.838588, 43.357124, 393.2], [-1.838708, 43.357079, 392.3], [-1.838867, 43.356971, 391.2], [-1.838908, 43.356931, 391.0], [-1.838945, 43.356888, 390.5], [-1.839066, 43.356778, 389.0], [-1.839139, 43.356712, 389.0], [-1.839214, 43.356623, 389.0], [-1.839313, 43.356532, 389.0], [-1.839365, 43.356466, 389.0], [-1.839483, 43.356265, 390.0], [-1.839527, 43.356136, 390.1], [-1.839591, 43.35605, 391.0], [-1.839736, 43.355881, 391.8], [-1.83985, 43.355726, 392.0], [-1.839941, 43.355599, 392.2], [-1.84, 43.355522, 393.0], [-1.840134, 43.355395, 394.0], [-1.84019, 43.355303, 395.0], [-1.84024, 43.355222, 395.8], [-1.840297, 43.355131, 396.0], [-1.840438, 43.354904, 396.7], [-1.840537, 43.35471, 397.4], [-1.840617, 43.354568, 398.4], [-1.840658, 43.354521, 398.6], [-1.840696, 43.35443, 399.8], [-1.840729, 43.354339, 401.1], [-1.840796, 43.354228, 403.0], [-1.840826, 43.354102, 404.0], [-1.840906, 43.354019, 404.8], [-1.840938, 43.353923, 406.1], [-1.84096, 43.35382, 408.1], [-1.84097, 43.353734, 410.0], [-1.840981, 43.353634, 411.3], [-1.840985, 43.353591, 412.0], [-1.840986, 43.353572, 412.0], [-1.841047, 43.35354, 412.0], [-1.841083, 43.353519, 412.0], [-1.841119, 43.353496, 411.6], [-1.841154, 43.353475, 411.1], [-1.841634, 43.353178, 408.4], [-1.841719, 43.353123, 408.1], [-1.841798, 43.353064, 408.0], [-1.841843, 43.353023, 408.5], [-1.841924, 43.352986, 408.8], [-1.842252, 43.352776, 406.4], [-1.842279, 43.352748, 406.0], [-1.842458, 43.35262, 405.0], [-1.842634, 43.352523, 405.1], [-1.842818, 43.352373, 404.3], [-1.843041, 43.352229, 404.0], [-1.843101, 43.35217, 404.0], [-1.843181, 43.3521, 404.0], [-1.843259, 43.352032, 405.4], [-1.843339, 43.351971, 406.8], [-1.843443, 43.351888, 408.6], [-1.843537, 43.351763, 411.2], [-1.843584, 43.351685, 413.0], [-1.843648, 43.351591, 415.2], [-1.843724, 43.351424, 418.5], [-1.843843, 43.351245, 422.0], [-1.843905, 43.351133, 423.5], [-1.843958, 43.351035, 424.7], [-1.844037, 43.350946, 425.7], [-1.84416, 43.350814, 426.0], [-1.844252, 43.350725, 426.8], [-1.844339, 43.350647, 427.0], [-1.844514, 43.350524, 428.0], [-1.844582, 43.350488, 428.1], [-1.844766, 43.350382, 430.4], [-1.844961, 43.350261, 433.0], [-1.845055, 43.350217, 433.0], [-1.845237, 43.350131, 433.0], [-1.845399, 43.350054, 433.0], [-1.845555, 43.349988, 433.0], [-1.845764, 43.3499, 434.0], [-1.845977, 43.349822, 433.9], [-1.846058, 43.349801, 433.9], [-1.84627, 43.349748, 434.0], [-1.846458, 43.349685, 434.8], [-1.846517, 43.349664, 435.0], [-1.846751, 43.349625, 437.0], [-1.846836, 43.349577, 437.8], [-1.846924, 43.349507, 439.2], [-1.847007, 43.349436, 440.0], [-1.847101, 43.34935, 441.8], [-1.847144, 43.349312, 442.0], [-1.847272, 43.349245, 443.4], [-1.847397, 43.349204, 445.3], [-1.847521, 43.349166, 447.3], [-1.847742, 43.349107, 452.2], [-1.847817, 43.349075, 454.1], [-1.847919, 43.349031, 455.8], [-1.848007, 43.348991, 458.1], [-1.848087, 43.348955, 459.3], [-1.84813, 43.348917, 460.7], [-1.848329, 43.348738, 464.9], [-1.84853, 43.348647, 468.2], [-1.848684, 43.348585, 471.0], [-1.848818, 43.348544, 474.2], [-1.848949, 43.348503, 476.3], [-1.849025, 43.34847, 478.4], [-1.849169, 43.348408, 481.9], [-1.849282, 43.348348, 485.2], [-1.849464, 43.348177, 490.2], [-1.849681, 43.348084, 494.5], [-1.849861, 43.348072, 496.7], [-1.850077, 43.348128, 503.5], [-1.850162, 43.348158, 506.5], [-1.850208, 43.348222, 508.0], [-1.850265, 43.348259, 510.3], [-1.85031, 43.348266, 511.7], [-1.850368, 43.348253, 512.8], [-1.850436, 43.34821, 513.8], [-1.850495, 43.348156, 515.1], [-1.850589, 43.348128, 516.4], [-1.850648, 43.348104, 517.3], [-1.850718, 43.348062, 518.2], [-1.850801, 43.348012, 518.9], [-1.850869, 43.347969, 519.2], [-1.850976, 43.347947, 519.0], [-1.851053, 43.347922, 520.0], [-1.851104, 43.347906, 520.0], [-1.851156, 43.347899, 520.8], [-1.851228, 43.347888, 521.0], [-1.851451, 43.347841, 521.3], [-1.851672, 43.347757, 521.4], [-1.851822, 43.347652, 523.6], [-1.851957, 43.347526, 526.0], [-1.852158, 43.34736, 528.7], [-1.852402, 43.347225, 528.6], [-1.852698, 43.347049, 528.6], [-1.853122, 43.346778, 529.9], [-1.853171, 43.346747, 529.8], [-1.853355, 43.346661, 529.8], [-1.853554, 43.346571, 529.6], [-1.853741, 43.346466, 529.8], [-1.853949, 43.346353, 531.5], [-1.854149, 43.34626, 533.6], [-1.854244, 43.346213, 533.7], [-1.854323, 43.346177, 534.6], [-1.854402, 43.346133, 535.0], [-1.85446, 43.346103, 536.1], [-1.854532, 43.346065, 536.8], [-1.854589, 43.346036, 537.6], [-1.854779, 43.345942, 537.4], [-1.854893, 43.345884, 537.6], [-1.854992, 43.345833, 537.2], [-1.8551, 43.345779, 537.2], [-1.855153, 43.345754, 537.5], [-1.855304, 43.345706, 538.0], [-1.855491, 43.345644, 539.0], [-1.855784, 43.345441, 542.0], [-1.855857, 43.34535, 542.6], [-1.856029, 43.345293, 543.8], [-1.856184, 43.345163, 542.9], [-1.8564, 43.345087, 542.5], [-1.856598, 43.345026, 541.0], [-1.856777, 43.344982, 538.0], [-1.856761, 43.344915, 536.5], [-1.856695, 43.344774, 534.4], [-1.856612, 43.344582, 530.2], [-1.856591, 43.344426, 527.4], [-1.85655, 43.344236, 521.6], [-1.856519, 43.344085, 518.2], [-1.856506, 43.343951, 517.4], [-1.856497, 43.343908, 517.2], [-1.856507, 43.343852, 517.4], [-1.856584, 43.343769, 518.6], [-1.85667, 43.34368, 519.0], [-1.856724, 43.343598, 519.8], [-1.856766, 43.343559, 520.2], [-1.856866, 43.343524, 522.0], [-1.856943, 43.343467, 522.8], [-1.857039, 43.343387, 524.2], [-1.85713, 43.343327, 525.3], [-1.857299, 43.343288, 527.0], [-1.858102, 43.343153, 524.9], [-1.858919, 43.342933, 520.0], [-1.859072, 43.342917, 520.0], [-1.859111, 43.342915, 519.8], [-1.85933, 43.34291, 518.2], [-1.859605, 43.342832, 518.1], [-1.859684, 43.342796, 518.0], [-1.859789, 43.34274, 517.5], [-1.859807, 43.342732, 517.0], [-1.859826, 43.342724, 516.4], [-1.859845, 43.342718, 515.7], [-1.859866, 43.342713, 515.1], [-1.859868, 43.342712, 515.1], [-1.860097, 43.342666, 512.1], [-1.860818, 43.342532, 506.8], [-1.861293, 43.342381, 503.2], [-1.861919, 43.342121, 497.4], [-1.862544, 43.341939, 489.2], [-1.863082, 43.341704, 483.9], [-1.863334, 43.34158, 480.6], [-1.863717, 43.341428, 475.0], [-1.863913, 43.341346, 471.8], [-1.863928, 43.34134, 471.6], [-1.864222, 43.341215, 465.8], [-1.864454, 43.341063, 462.6], [-1.864783, 43.340824, 461.3], [-1.865042, 43.340719, 460.0], [-1.86534, 43.340646, 456.0], [-1.865612, 43.340578, 453.0], [-1.865889, 43.340479, 449.6], [-1.865984, 43.340492, 448.0], [-1.866041, 43.340507, 446.6], [-1.866085, 43.340525, 445.4], [-1.866126, 43.340519, 444.7], [-1.86618, 43.340507, 443.9], [-1.866217, 43.340494, 443.8], [-1.866257, 43.340492, 443.4], [-1.866278, 43.340476, 443.3], [-1.866307, 43.340472, 443.0], [-1.866374, 43.340463, 442.2], [-1.866441, 43.340439, 441.6], [-1.866487, 43.340428, 441.1], [-1.866567, 43.340455, 439.3], [-1.866641, 43.340442, 437.8], [-1.866723, 43.340434, 436.2], [-1.866772, 43.340429, 436.1], [-1.866824, 43.340404, 436.0], [-1.866881, 43.340364, 435.6], [-1.867154, 43.340227, 434.1], [-1.86729, 43.340159, 434.0], [-1.867403, 43.340106, 433.8], [-1.867459, 43.340091, 433.9], [-1.867488, 43.340061, 433.9], [-1.86754, 43.340036, 434.1], [-1.867626, 43.340001, 434.0], [-1.867704, 43.339982, 433.7], [-1.867803, 43.339931, 433.4], [-1.867852, 43.339895, 433.8], [-1.867941, 43.339844, 434.8], [-1.867976, 43.339814, 434.9], [-1.867984, 43.339791, 434.9], [-1.867989, 43.339778, 435.0], [-1.868021, 43.339755, 434.5], [-1.868076, 43.339736, 434.0], [-1.868169, 43.339711, 433.4], [-1.868265, 43.339689, 432.3], [-1.868368, 43.339666, 431.4], [-1.868429, 43.339656, 430.6], [-1.868475, 43.339651, 429.9], [-1.868505, 43.339651, 429.4], [-1.868694, 43.339641, 427.6], [-1.86908, 43.339626, 423.1], [-1.869193, 43.339596, 422.1], [-1.869273, 43.33957, 421.9], [-1.869296, 43.339555, 421.7], [-1.869316, 43.339549, 421.6], [-1.869372, 43.339548, 420.8], [-1.869411, 43.339526, 420.7], [-1.869454, 43.33952, 420.1], [-1.869479, 43.339518, 419.8], [-1.869514, 43.3395, 419.6], [-1.869563, 43.339485, 419.2], [-1.869604, 43.339474, 418.8], [-1.869662, 43.339445, 418.5], [-1.869698, 43.339416, 418.6], [-1.869722, 43.339382, 418.8], [-1.869762, 43.339349, 418.1], [-1.869787, 43.339294, 418.0], [-1.869792, 43.339228, 416.6], [-1.869794, 43.339203, 415.9], [-1.869829, 43.339165, 415.0], [-1.869865, 43.339143, 414.2], [-1.869885, 43.339109, 413.8], [-1.869903, 43.339084, 413.0], [-1.869932, 43.33906, 412.3], [-1.869981, 43.339027, 411.6], [-1.87003, 43.338993, 410.9], [-1.870104, 43.338951, 409.7], [-1.87015, 43.338924, 409.0], [-1.870198, 43.338901, 408.2], [-1.870291, 43.338857, 406.7], [-1.870392, 43.338813, 405.1], [-1.870441, 43.338789, 404.3], [-1.870464, 43.338788, 403.9], [-1.870493, 43.33878, 403.6], [-1.87052, 43.33876, 403.0], [-1.870577, 43.338723, 402.1], [-1.870641, 43.338674, 401.1], [-1.870712, 43.338626, 400.2], [-1.870765, 43.338583, 400.1], [-1.870787, 43.338571, 399.7], [-1.870827, 43.338559, 399.1], [-1.870906, 43.338536, 397.9], [-1.870974, 43.33851, 397.6], [-1.871037, 43.338491, 396.8], [-1.871094, 43.338473, 396.6], [-1.871138, 43.338452, 396.2], [-1.871183, 43.338438, 395.9], [-1.871233, 43.33842, 395.5], [-1.871288, 43.338397, 395.3], [-1.871313, 43.338389, 395.2], [-1.871358, 43.338379, 394.5], [-1.871389, 43.338369, 394.1], [-1.871445, 43.338349, 394.5], [-1.871536, 43.338319, 393.9], [-1.871563, 43.3383, 393.9], [-1.871601, 43.338283, 393.7], [-1.871667, 43.33826, 393.6], [-1.871732, 43.33824, 393.5], [-1.871804, 43.338218, 392.9], [-1.871866, 43.338197, 393.0], [-1.871932, 43.338178, 392.7], [-1.872003, 43.338163, 391.9], [-1.872062, 43.338152, 391.2], [-1.872143, 43.338137, 391.3], [-1.87218, 43.338126, 390.9], [-1.87226, 43.338114, 389.9], [-1.872333, 43.338098, 389.2], [-1.872407, 43.338076, 388.9], [-1.872458, 43.33806, 389.0], [-1.872511, 43.338048, 388.4], [-1.872544, 43.338046, 387.9], [-1.872583, 43.338032, 387.6], [-1.872622, 43.33802, 387.2], [-1.872659, 43.338003, 387.0], [-1.872689, 43.337995, 386.7], [-1.872766, 43.337979, 385.9], [-1.872841, 43.337959, 385.1], [-1.872938, 43.33793, 384.2], [-1.872978, 43.337911, 384.2], [-1.873265, 43.337777, 383.5], [-1.873335, 43.337751, 383.2], [-1.873364, 43.337741, 383.5], [-1.873395, 43.337736, 383.3], [-1.873435, 43.337719, 383.0], [-1.873477, 43.337706, 382.6], [-1.873519, 43.337691, 382.6], [-1.873564, 43.337668, 383.1], [-1.873604, 43.337649, 382.9], [-1.873648, 43.337634, 382.5], [-1.873687, 43.337617, 382.3], [-1.873723, 43.337599, 382.1], [-1.873769, 43.337592, 381.5], [-1.873836, 43.337572, 380.9], [-1.873887, 43.337554, 380.5], [-1.873917, 43.337532, 380.3], [-1.873951, 43.337502, 379.8], [-1.873988, 43.337475, 379.7], [-1.874047, 43.33746, 379.2], [-1.874122, 43.337437, 378.4], [-1.874184, 43.337413, 378.9], [-1.874243, 43.337394, 378.4], [-1.874317, 43.337369, 378.8], [-1.874386, 43.337352, 378.3], [-1.874443, 43.337334, 378.6], [-1.87449, 43.337324, 378.0], [-1.874539, 43.337321, 378.1], [-1.874599, 43.337304, 377.7], [-1.874667, 43.337282, 377.9], [-1.874711, 43.33727, 377.8], [-1.874783, 43.337244, 378.1], [-1.87484, 43.337221, 377.8], [-1.874894, 43.337203, 377.7], [-1.874982, 43.337177, 377.4], [-1.875106, 43.337156, 376.8], [-1.875203, 43.337143, 375.7], [-1.875282, 43.337135, 375.3], [-1.875346, 43.337122, 374.9], [-1.875422, 43.337107, 375.0], [-1.875502, 43.337091, 375.1], [-1.875575, 43.337072, 374.8], [-1.875632, 43.337056, 375.2], [-1.875668, 43.337042, 375.5], [-1.875715, 43.337032, 375.0], [-1.875769, 43.337021, 374.4], [-1.875816, 43.337015, 374.1], [-1.875883, 43.337004, 374.0], [-1.875949, 43.336989, 373.2], [-1.876023, 43.336977, 372.3], [-1.876096, 43.336967, 372.3], [-1.876154, 43.336959, 371.6], [-1.876223, 43.336949, 371.1], [-1.876272, 43.336936, 371.0], [-1.87636, 43.336897, 370.7], [-1.876455, 43.336852, 370.2], [-1.876494, 43.336829, 370.1], [-1.876539, 43.336808, 369.9], [-1.8766, 43.336787, 369.0], [-1.876623, 43.33677, 368.7], [-1.876661, 43.336762, 368.0], [-1.876704, 43.336744, 368.1], [-1.876735, 43.33672, 367.9], [-1.876775, 43.336701, 367.4], [-1.876811, 43.336685, 367.3], [-1.876877, 43.336653, 366.6], [-1.876983, 43.336587, 365.0], [-1.877116, 43.336516, 364.4], [-1.877231, 43.336445, 364.0], [-1.877272, 43.336406, 364.0], [-1.877296, 43.336379, 363.9], [-1.877347, 43.336347, 363.0], [-1.877396, 43.33631, 363.0], [-1.877482, 43.33626, 362.0], [-1.877598, 43.336203, 362.0], [-1.877702, 43.336161, 361.0], [-1.87776, 43.336134, 361.0], [-1.877801, 43.336108, 360.9], [-1.877865, 43.336079, 360.8], [-1.877947, 43.336049, 361.0], [-1.877997, 43.336037, 361.3], [-1.878038, 43.336031, 361.4], [-1.878081, 43.336022, 360.9], [-1.878147, 43.336003, 361.1], [-1.87823, 43.335976, 360.7], [-1.878322, 43.335945, 360.8], [-1.878392, 43.335925, 360.1], [-1.87844, 43.33592, 360.0], [-1.87848, 43.335913, 360.0], [-1.878526, 43.335898, 359.6], [-1.87857, 43.335877, 359.4], [-1.878601, 43.335866, 359.1], [-1.878633, 43.335866, 358.6], [-1.878664, 43.335866, 358.1], [-1.878711, 43.335852, 357.7], [-1.878763, 43.33583, 358.0], [-1.878816, 43.335804, 357.8], [-1.878855, 43.335785, 357.9], [-1.878916, 43.335766, 357.3], [-1.878988, 43.33575, 356.5], [-1.879072, 43.335738, 355.5], [-1.879133, 43.335732, 354.6], [-1.879157, 43.335726, 354.4], [-1.879181, 43.335715, 354.2], [-1.879231, 43.335692, 354.4], [-1.879281, 43.335684, 354.4], [-1.879343, 43.335689, 353.6], [-1.879396, 43.335691, 352.6], [-1.879455, 43.33569, 351.7], [-1.879503, 43.335682, 351.3], [-1.87955, 43.335672, 351.2], [-1.87962, 43.335665, 350.3], [-1.87967, 43.335646, 350.4], [-1.879718, 43.335629, 350.0], [-1.879764, 43.335622, 349.9], [-1.879805, 43.335612, 350.1], [-1.879858, 43.335594, 350.1], [-1.879894, 43.335587, 349.7], [-1.879937, 43.335584, 349.7], [-1.879976, 43.335579, 349.5], [-1.88002, 43.335578, 348.9], [-1.880058, 43.335567, 348.7], [-1.88011, 43.335548, 348.9], [-1.880147, 43.335529, 349.0], [-1.880178, 43.335515, 349.2], [-1.880219, 43.335501, 349.2], [-1.880244, 43.335483, 349.5], [-1.880286, 43.335478, 349.4], [-1.880332, 43.335477, 349.2], [-1.880391, 43.335473, 348.3], [-1.880472, 43.335473, 347.6], [-1.880552, 43.335469, 346.8], [-1.880619, 43.335465, 346.6], [-1.880661, 43.335469, 346.3], [-1.880692, 43.33547, 346.0], [-1.880721, 43.335463, 345.9], [-1.880743, 43.33544, 346.2], [-1.880782, 43.33542, 346.3], [-1.880842, 43.335418, 345.3], [-1.880898, 43.335409, 344.9], [-1.880974, 43.335382, 345.5], [-1.88103, 43.335351, 345.8], [-1.881097, 43.335316, 345.6], [-1.88116, 43.33531, 344.7], [-1.881235, 43.335303, 344.1], [-1.881295, 43.335284, 343.4], [-1.881331, 43.335267, 343.2], [-1.881374, 43.335266, 343.2], [-1.88141, 43.33526, 342.8], [-1.881472, 43.335233, 342.9], [-1.881558, 43.335194, 342.8], [-1.881619, 43.33516, 342.6], [-1.881685, 43.335111, 343.1], [-1.881757, 43.335069, 342.9], [-1.881837, 43.335045, 341.6], [-1.881897, 43.335024, 340.7], [-1.881946, 43.334987, 340.0], [-1.882031, 43.334983, 339.5], [-1.882133, 43.334981, 337.9], [-1.882208, 43.334964, 337.0], [-1.882277, 43.33494, 335.9], [-1.882405, 43.334905, 334.5], [-1.882506, 43.334873, 333.1], [-1.882643, 43.33484, 331.6], [-1.882744, 43.334832, 331.0], [-1.882793, 43.334831, 330.3], [-1.882852, 43.334844, 329.9], [-1.882905, 43.334858, 329.2], [-1.882953, 43.33486, 328.8], [-1.882994, 43.334857, 328.5], [-1.883032, 43.334843, 328.3], [-1.883078, 43.334812, 327.6], [-1.883158, 43.334793, 326.4], [-1.883212, 43.334784, 326.1], [-1.883273, 43.33478, 325.7], [-1.883336, 43.334758, 325.4], [-1.883402, 43.334729, 325.2], [-1.883449, 43.334715, 324.9], [-1.883482, 43.334715, 324.9], [-1.883537, 43.334731, 323.7], [-1.883562, 43.334738, 323.3], [-1.883591, 43.334735, 323.1], [-1.883631, 43.33472, 322.9], [-1.883677, 43.3347, 322.9], [-1.883709, 43.334694, 322.4], [-1.883748, 43.334692, 321.8], [-1.883811, 43.334681, 320.9], [-1.883901, 43.334656, 320.5], [-1.883954, 43.334626, 320.4], [-1.884028, 43.334588, 320.1], [-1.884075, 43.334575, 319.5], [-1.884095, 43.334555, 319.6], [-1.884128, 43.334536, 319.6], [-1.884046, 43.334477, 316.7], [-1.88378, 43.334498, 315.3], [-1.883778, 43.334498, 315.2], [-1.883776, 43.334498, 315.2], [-1.883774, 43.334498, 315.2], [-1.883772, 43.334497, 315.1], [-1.88377, 43.334497, 315.1], [-1.883768, 43.334496, 315.0], [-1.883766, 43.334496, 315.0], [-1.883764, 43.334495, 314.9], [-1.883763, 43.334494, 314.8], [-1.883761, 43.334493, 314.8], [-1.88376, 43.334491, 314.6], [-1.883759, 43.33449, 314.6], [-1.883758, 43.334489, 314.5], [-1.883757, 43.334488, 314.4], [-1.883756, 43.334486, 314.3], [-1.883755, 43.334485, 314.2], [-1.883755, 43.334483, 314.2], [-1.883755, 43.334482, 314.2], [-1.883755, 43.33448, 314.1], [-1.883755, 43.334479, 314.1], [-1.883755, 43.334477, 314.0], [-1.883756, 43.334476, 314.0], [-1.883757, 43.334474, 313.9], [-1.883757, 43.334473, 313.9], [-1.883758, 43.334472, 313.9], [-1.88376, 43.33447, 313.9], [-1.883761, 43.334469, 313.8], [-1.883762, 43.334468, 313.8], [-1.883764, 43.334467, 313.8], [-1.883872, 43.334398, 312.0], [-1.884091, 43.334252, 306.9], [-1.884257, 43.334166, 304.3], [-1.884268, 43.334161, 304.3], [-1.884278, 43.334154, 304.2], [-1.884287, 43.334148, 304.0], [-1.884295, 43.33414, 303.5], [-1.884303, 43.334132, 303.1], [-1.884309, 43.334124, 303.0], [-1.884315, 43.334115, 302.8], [-1.884319, 43.334106, 302.6], [-1.884322, 43.334097, 302.3], [-1.884323, 43.334094, 302.2], [-1.884324, 43.334086, 302.0], [-1.884327, 43.334075, 301.7], [-1.884331, 43.334064, 301.5], [-1.884336, 43.334054, 301.3], [-1.884343, 43.334043, 301.0], [-1.88435, 43.334034, 300.8], [-1.884359, 43.334024, 300.6], [-1.884369, 43.334016, 300.4], [-1.88438, 43.334008, 300.2], [-1.884392, 43.334001, 300.1], [-1.884405, 43.333994, 299.8], [-1.884596, 43.33392, 298.4], [-1.88521, 43.333713, 293.8], [-1.885845, 43.333546, 279.6], [-1.886499, 43.33342, 267.8], [-1.887164, 43.333337, 261.2], [-1.887268, 43.333321, 260.9], [-1.88737, 43.333298, 259.3], [-1.887468, 43.333269, 257.5], [-1.887563, 43.333234, 256.4], [-1.887653, 43.333193, 257.5], [-1.887738, 43.333147, 257.4], [-1.887739, 43.333146, 257.4], [-1.887761, 43.333133, 257.7], [-1.887782, 43.333119, 257.5], [-1.887801, 43.333103, 256.9], [-1.887817, 43.333086, 256.5], [-1.887832, 43.333068, 255.8], [-1.887845, 43.33305, 254.9], [-1.887855, 43.33303, 254.2], [-1.887863, 43.33301, 253.5], [-1.887868, 43.33299, 252.7], [-1.887872, 43.332969, 251.7], [-1.887872, 43.332948, 250.6], [-1.88787, 43.332927, 249.6], [-1.887866, 43.332907, 248.5], [-1.887859, 43.332887, 247.1], [-1.88785, 43.332867, 245.7], [-1.887838, 43.332848, 244.2], [-1.887824, 43.33283, 242.7], [-1.887808, 43.332812, 241.4], [-1.887791, 43.332796, 240.4], [-1.887773, 43.332783, 239.5], [-1.887755, 43.332767, 238.5], [-1.887732, 43.332745, 236.8], [-1.887712, 43.332722, 234.7], [-1.887695, 43.332697, 233.1], [-1.887681, 43.332671, 231.5], [-1.88767, 43.332645, 229.9], [-1.887662, 43.332618, 228.1], [-1.887658, 43.332591, 226.2], [-1.887657, 43.332563, 224.2], [-1.887659, 43.332535, 222.3], [-1.887664, 43.332508, 220.1], [-1.887673, 43.332481, 218.7], [-1.887685, 43.332455, 217.5], [-1.8877, 43.33243, 216.6], [-1.887717, 43.332405, 215.8], [-1.887943, 43.332182, 215.4], [-1.888111, 43.332027, 216.0], [-1.888221, 43.331919, 215.0], [-1.888307, 43.331818, 214.5], [-1.888376, 43.331712, 214.5], [-1.888399, 43.331672, 214.2], [-1.888482, 43.331601, 214.0], [-1.888589, 43.331542, 214.3], [-1.888765, 43.331457, 214.4], [-1.888914, 43.331394, 214.2], [-1.889092, 43.331334, 214.8], [-1.889257, 43.331302, 215.1], [-1.88936, 43.331275, 215.6], [-1.889529, 43.331205, 215.7], [-1.889689, 43.331124, 215.5], [-1.889839, 43.331034, 213.8], [-1.889978, 43.330935, 209.8], [-1.890075, 43.330853, 207.9], [-1.890115, 43.33083, 207.7], [-1.89021, 43.330781, 206.6], [-1.890311, 43.330738, 205.8], [-1.890417, 43.330701, 205.1], [-1.890526, 43.330672, 204.6], [-1.890638, 43.330649, 205.6], [-1.890753, 43.330634, 205.8], [-1.890829, 43.330623, 205.9], [-1.890904, 43.330608, 205.6], [-1.890977, 43.330588, 204.7], [-1.891047, 43.330563, 203.5], [-1.891113, 43.330534, 202.2], [-1.891176, 43.3305, 200.8], [-1.891235, 43.330463, 199.6], [-1.891289, 43.330422, 197.2], [-1.891338, 43.330378, 195.2], [-1.891382, 43.330331, 193.1], [-1.891419, 43.330282, 191.9], [-1.891451, 43.33023, 189.6], [-1.891477, 43.330176, 187.6], [-1.891496, 43.330121, 185.7], [-1.891508, 43.330065, 184.1], [-1.891512, 43.330032, 182.8], [-1.891512, 43.330031, 182.7], [-1.891542, 43.329906, 178.6], [-1.891586, 43.329782, 175.9], [-1.891646, 43.329662, 174.2], [-1.891719, 43.329546, 172.1], [-1.891806, 43.329436, 171.7], [-1.891905, 43.329331, 170.7], [-1.891911, 43.32932, 170.5], [-1.891916, 43.329308, 170.2], [-1.891919, 43.329296, 169.9], [-1.891921, 43.329284, 169.7], [-1.891922, 43.329272, 169.4], [-1.891921, 43.32926, 169.1], [-1.891918, 43.329249, 168.8], [-1.891914, 43.329237, 168.3], [-1.891909, 43.329226, 167.7], [-1.891903, 43.329215, 167.1], [-1.891895, 43.329204, 166.5], [-1.891886, 43.329194, 165.9], [-1.891875, 43.329185, 165.4], [-1.891864, 43.329176, 164.8], [-1.891852, 43.329168, 164.2], [-1.891839, 43.329161, 163.9], [-1.891824, 43.329155, 163.7], [-1.89181, 43.329149, 163.3], [-1.891794, 43.329145, 162.9], [-1.891779, 43.329141, 162.3], [-1.891763, 43.329139, 161.8], [-1.891746, 43.329138, 161.3], [-1.89173, 43.329137, 160.8], [-1.891713, 43.329138, 160.7], [-1.891697, 43.32914, 160.6], [-1.891681, 43.329143, 160.6], [-1.891666, 43.329146, 160.7], [-1.891651, 43.329151, 160.9], [-1.891637, 43.329157, 161.2], [-1.891108, 43.329317, 156.5], [-1.890924, 43.329373, 149.9], [-1.890834, 43.329404, 147.5], [-1.890764, 43.329426, 145.7], [-1.890634, 43.329462, 141.9], [-1.890578, 43.329476, 141.0], [-1.890527, 43.329487, 139.7], [-1.890496, 43.329504, 139.1], [-1.890456, 43.329518, 137.6], [-1.890423, 43.329521, 136.3], [-1.890417, 43.329501, 135.8], [-1.89044, 43.329478, 135.9], [-1.890483, 43.329414, 134.5], [-1.890539, 43.329292, 132.9], [-1.890555, 43.329186, 130.0], [-1.890578, 43.329128, 130.3], [-1.890621, 43.329064, 129.2], [-1.890688, 43.32893, 127.3], [-1.890754, 43.3288, 126.4], [-1.890862, 43.328616, 123.2], [-1.890914, 43.328563, 122.4], [-1.890961, 43.328526, 121.8], [-1.891015, 43.328435, 119.5], [-1.891026, 43.328379, 118.1], [-1.891028, 43.328322, 117.2], [-1.891047, 43.328272, 116.4], [-1.891089, 43.328215, 115.1], [-1.891177, 43.328139, 112.7], [-1.891274, 43.328041, 110.0], [-1.891369, 43.327958, 107.3], [-1.891507, 43.327874, 103.4], [-1.891672, 43.327792, 99.5], [-1.89178, 43.327735, 97.8], [-1.891912, 43.327654, 95.7], [-1.892024, 43.32758, 93.6], [-1.892098, 43.32753, 91.9], [-1.892154, 43.32746, 89.7], [-1.892221, 43.327392, 86.2], [-1.892321, 43.327311, 83.5], [-1.892392, 43.327256, 81.6], [-1.892481, 43.327198, 80.2], [-1.892597, 43.327154, 79.2], [-1.892626, 43.327139, 78.9], [-1.892651, 43.32712, 78.5], [-1.892671, 43.327099, 78.0], [-1.892685, 43.327075, 77.4], [-1.892695, 43.32705, 76.9], [-1.892698, 43.327024, 76.4], [-1.892696, 43.326998, 75.8], [-1.892687, 43.326973, 75.2], [-1.892681, 43.326929, 74.2], [-1.892682, 43.326884, 73.2], [-1.892691, 43.32684, 72.2], [-1.892712, 43.326806, 71.5], [-1.892739, 43.326774, 70.8], [-1.892772, 43.326746, 70.1], [-1.89281, 43.326721, 69.7], [-1.892876, 43.32666, 69.3], [-1.892892, 43.326636, 69.2], [-1.892922, 43.32656, 69.0], [-1.892936, 43.326507, 67.8], [-1.892953, 43.326431, 67.0], [-1.892963, 43.326373, 65.8], [-1.892979, 43.326321, 64.8], [-1.893016, 43.326247, 64.0], [-1.893083, 43.326124, 63.7], [-1.893191, 43.325989, 63.0], [-1.893312, 43.325868, 63.1], [-1.893446, 43.325741, 63.5], [-1.893561, 43.325646, 63.5], [-1.893683, 43.325563, 64.0], [-1.893743, 43.325512, 64.0], [-1.893746, 43.325508, 64.0], [-1.893751, 43.325503, 64.0], [-1.893756, 43.325498, 64.0], [-1.893761, 43.325494, 64.0], [-1.893767, 43.32549, 64.0], [-1.893773, 43.325486, 64.0], [-1.89378, 43.325483, 64.0], [-1.893788, 43.32548, 64.0], [-1.893795, 43.325478, 64.0], [-1.893803, 43.325476, 64.0], [-1.893811, 43.325475, 64.0], [-1.893819, 43.325474, 64.0], [-1.893827, 43.325474, 64.0], [-1.893835, 43.325474, 64.0], [-1.893927, 43.325473, 64.0], [-1.894018, 43.325465, 63.6], [-1.894108, 43.325452, 63.0], [-1.894196, 43.325433, 63.0], [-1.894281, 43.325409, 62.0], [-1.894364, 43.325379, 61.4], [-1.894442, 43.325344, 61.0], [-1.894453, 43.325338, 61.0], [-1.894576, 43.325211, 59.0], [-1.894765, 43.324941, 53.6], [-1.894794, 43.324872, 52.1], [-1.894885, 43.324756, 48.7], [-1.895107, 43.324474, 41.7], [-1.895216, 43.324357, 39.5], [-1.895356, 43.324229, 36.9], [-1.895557, 43.324094, 33.2], [-1.895687, 43.323994, 30.3], [-1.895775, 43.323872, 27.6], [-1.89586, 43.323707, 23.6], [-1.895927, 43.323514, 20.4], [-1.895958, 43.323372, 19.1], [-1.895985, 43.323251, 18.1], [-1.895986, 43.323247, 18.1], [-1.895999, 43.323204, 18.7], [-1.896021, 43.323166, 19.2], [-1.896072, 43.323101, 19.2], [-1.896128, 43.323033, 19.0], [-1.896161, 43.322988, 18.9], [-1.896178, 43.322959, 18.2], [-1.896184, 43.322909, 18.0], [-1.896187, 43.322897, 18.0], [-1.896213, 43.322765, 17.3], [-1.896288, 43.322586, 14.0], [-1.896341, 43.32239, 13.0], [-1.896392, 43.32215, 12.3], [-1.896421, 43.32186, 8.8], [-1.896427, 43.321764, 7.0], [-1.89677, 43.321765, 9.0], [-1.896853, 43.321763, 9.0], [-1.896993, 43.321696, 9.0], [-1.897151, 43.321566, 9.0], [-1.897187, 43.321489, 9.0], [-1.897337, 43.32138, 9.0], [-1.897394, 43.32134, 8.1], [-1.897456, 43.321313, 8.0], [-1.897472, 43.321309, 8.0], [-1.897472, 43.321275, 8.0], [-1.897719, 43.321279, 8.0], [-1.898374, 43.321275, 12.3], [-1.898681, 43.321254, 14.0], [-1.898752, 43.32125, 14.0], [-1.898756, 43.32125, 14.0], [-1.898787, 43.321249, 14.0], [-1.898818, 43.32125, 14.0], [-1.898849, 43.321253, 14.0], [-1.898879, 43.321258, 14.0], [-1.898909, 43.321264, 14.0], [-1.898937, 43.321273, 14.0], [-1.898964, 43.321284, 14.0], [-1.89899, 43.321296, 14.0], [-1.899015, 43.32131, 14.0], [-1.899038, 43.321325, 14.0], [-1.899078, 43.32136, 14.0], [-1.899122, 43.321393, 14.0], [-1.899169, 43.321423, 14.0], [-1.899221, 43.32145, 14.0], [-1.899258, 43.321467, 14.0], [-1.899274, 43.321478, 14.0], [-1.899295, 43.321496, 14.1], [-1.899314, 43.321516, 14.6], [-1.89933, 43.321536, 15.0], [-1.899344, 43.321558, 14.7], [-1.899355, 43.32158, 14.6], [-1.899364, 43.321603, 14.4], [-1.89937, 43.321626, 14.3], [-1.899373, 43.321655, 14.3], [-1.89938, 43.321683, 14.1], [-1.899391, 43.321711, 14.0], [-1.899405, 43.321737, 14.0], [-1.899421, 43.321763, 14.0], [-1.899441, 43.321788, 14.1], [-1.899464, 43.321811, 14.0], [-1.899489, 43.321833, 14.0], [-1.899517, 43.321853, 14.0], [-1.899547, 43.321871, 14.1], [-1.89958, 43.321888, 13.8], [-1.899614, 43.321902, 13.3], [-1.899649, 43.321914, 13.2], [-1.899686, 43.321923, 13.0], [-1.899719, 43.32193, 12.7], [-1.900101, 43.322066, 14.0], [-1.900184, 43.3221, 15.0], [-1.900296, 43.322154, 15.0], [-1.900405, 43.322208, 15.8], [-1.900484, 43.322265, 15.9], [-1.900556, 43.322326, 17.0], [-1.90062, 43.322391, 17.1], [-1.900654, 43.322426, 17.9], [-1.900686, 43.322478, 18.0], [-1.900711, 43.322529, 18.8], [-1.900722, 43.322576, 19.0], [-1.900723, 43.322638, 19.2], [-1.900715, 43.322675, 20.0], [-1.900703, 43.322718, 20.0], [-1.90069, 43.322789, 21.0], [-1.900686, 43.322834, 21.0], [-1.900667, 43.322898, 21.9], [-1.900656, 43.322963, 22.0], [-1.900653, 43.323029, 21.2], [-1.900658, 43.323094, 21.0], [-1.90067, 43.323159, 21.0], [-1.90069, 43.323224, 21.0], [-1.900826, 43.323577, 20.0], [-1.900886, 43.323685, 19.5], [-1.900959, 43.323789, 19.9], [-1.901044, 43.323888, 20.0], [-1.90114, 43.323981, 20.0], [-1.901247, 43.324068, 20.1], [-1.901364, 43.324147, 21.0], [-1.901491, 43.324219, 21.0], [-1.901625, 43.324282, 21.0], [-1.901713, 43.324318, 21.3], [-1.901945, 43.32439, 21.6], [-1.902184, 43.324447, 22.0], [-1.902429, 43.324489, 21.8], [-1.902678, 43.324515, 22.4], [-1.902772, 43.32452, 22.0], [-1.90339, 43.324576, 22.0], [-1.903802, 43.324629, 21.1], [-1.904207, 43.324636, 22.0], [-1.904535, 43.324611, 22.0], [-1.904893, 43.324569, 22.2], [-1.90575, 43.324433, 22.0], [-1.906517, 43.324332, 20.4], [-1.907189, 43.324221, 17.9], [-1.907854, 43.324116, 16.0], [-1.907936, 43.324104, 16.0], [-1.908064, 43.324091, 14.6], [-1.908192, 43.324086, 13.2], [-1.908321, 43.32409, 14.0], [-1.908449, 43.324102, 14.1], [-1.908559, 43.324113, 13.7], [-1.908681, 43.324135, 12.4], [-1.908965, 43.324208, 12.0], [-1.909254, 43.3243, 11.1], [-1.909532, 43.324401, 9.7], [-1.909611, 43.324432, 9.1], [-1.909694, 43.324458, 9.0], [-1.90978, 43.324478, 9.0], [-1.909867, 43.324493, 7.8], [-1.909956, 43.324502, 4.8], [-1.909985, 43.324503, 4.3], [-1.910102, 43.324501, 7.0], [-1.910173, 43.324493, 9.0], [-1.910242, 43.32448, 9.1], [-1.91031, 43.324463, 9.0], [-1.910376, 43.324441, 9.2], [-1.910438, 43.324416, 9.0], [-1.910498, 43.324386, 9.0], [-1.910554, 43.324353, 9.2], [-1.910605, 43.324317, 9.2], [-1.910632, 43.324295, 9.2], [-1.910762, 43.324166, 10.0], [-1.910913, 43.323991, 11.0], [-1.911254, 43.323589, 11.0], [-1.911355, 43.323498, 11.0], [-1.911587, 43.3233, 11.0], [-1.911667, 43.323238, 11.0], [-1.911701, 43.323238, 11.0], [-1.911735, 43.323234, 11.0], [-1.911768, 43.323226, 11.0], [-1.911798, 43.323215, 11.0], [-1.911825, 43.3232, 11.0], [-1.911849, 43.323181, 11.0], [-1.911868, 43.32316, 11.0], [-1.911882, 43.323138, 11.0], [-1.91189, 43.323113, 11.0], [-1.911893, 43.323089, 11.0], [-1.911891, 43.323064, 11.0], [-1.911977, 43.322997, 11.0], [-1.912102, 43.322915, 11.0], [-1.912236, 43.322842, 11.0], [-1.912379, 43.322777, 11.0], [-1.91238, 43.322777, 11.0], [-1.912493, 43.322742, 11.0], [-1.91261, 43.322715, 11.0], [-1.91273, 43.322696, 11.0], [-1.912852, 43.322684, 11.0], [-1.912975, 43.322679, 11.0], [-1.913097, 43.322683, 12.0], [-1.913219, 43.322694, 12.0], [-1.913339, 43.322714, 12.0], [-1.913456, 43.32274, 12.7], [-1.91357, 43.322774, 13.0], [-1.913679, 43.322815, 13.0], [-1.914373, 43.323144, 13.5], [-1.914571, 43.323236, 13.0], [-1.914792, 43.323358, 11.9], [-1.915113, 43.323595, 9.8], [-1.91514, 43.323617, 9.9], [-1.91517, 43.323637, 9.2], [-1.915201, 43.323655, 8.7], [-1.915235, 43.323671, 9.0], [-1.915271, 43.323685, 8.8], [-1.915308, 43.323697, 8.0], [-1.915346, 43.323706, 7.4], [-1.915385, 43.323713, 6.9], [-1.915425, 43.323717, 7.0], [-1.915461, 43.323718, 6.8], [-1.915476, 43.323719, 6.5], [-1.915501, 43.323721, 6.1], [-1.915526, 43.323725, 5.9], [-1.91555, 43.32373, 5.8], [-1.915573, 43.323737, 5.5], [-1.915595, 43.323746, 5.2], [-1.915617, 43.323755, 5.0], [-1.915637, 43.323766, 5.0], [-1.915655, 43.323779, 4.9], [-1.915673, 43.323792, 4.6], [-1.915744, 43.323832, 4.0], [-1.91576, 43.323863, 4.0], [-1.915783, 43.323892, 4.0], [-1.915812, 43.323918, 4.0], [-1.915847, 43.32394, 3.4], [-1.915886, 43.323957, 3.0], [-1.915928, 43.32397, 3.0], [-1.915965, 43.323996, 3.0], [-1.915997, 43.324017, 3.0], [-1.916041, 43.324044, 3.0], [-1.916185, 43.324111, 3.0], [-1.916333, 43.324193, 3.0], [-1.91647, 43.324285, 3.0], [-1.916714, 43.32449, 3.9], [-1.916803, 43.324541, 4.0], [-1.916883, 43.324569, 4.0], [-1.917067, 43.324608, 4.0], [-1.917262, 43.324655, 4.0], [-1.917339, 43.324676, 4.0], [-1.917403, 43.324696, 4.4], [-1.917452, 43.324725, 5.0], [-1.91759, 43.324814, 6.9], [-1.917914, 43.324969, 7.7], [-1.918005, 43.325012, 7.6], [-1.918063, 43.325036, 7.7], [-1.918118, 43.325053, 7.8], [-1.918192, 43.32507, 6.7], [-1.918258, 43.325082, 5.8], [-1.91832, 43.32509, 5.8], [-1.918338, 43.325092, 5.6], [-1.918389, 43.325097, 5.0], [-1.91844, 43.325107, 4.6], [-1.918489, 43.325119, 4.7], [-1.918537, 43.325134, 4.2], [-1.918583, 43.325153, 4.2], [-1.918626, 43.325174, 3.7], [-1.918666, 43.325198, 4.0], [-1.918707, 43.325232, 3.7], [-1.918751, 43.325263, 3.6], [-1.918798, 43.325291, 3.5], [-1.918815, 43.325299, 3.4], [-1.91884, 43.32531, 3.4], [-1.918878, 43.32533, 3.2], [-1.918914, 43.325352, 3.8], [-1.918948, 43.325376, 3.9], [-1.918989, 43.325408, 3.9], [-1.919035, 43.325438, 3.8], [-1.919084, 43.325464, 4.1], [-1.919136, 43.325487, 3.9], [-1.91919, 43.325507, 3.8], [-1.919247, 43.325523, 3.6], [-1.919305, 43.325536, 3.0], [-1.919311, 43.325537, 3.0], [-1.919393, 43.325562, 3.1], [-1.9195, 43.325611, 3.3], [-1.919638, 43.325681, 2.8], [-1.919687, 43.325718, 2.9], [-1.91971, 43.325752, 3.2], [-1.91971, 43.325787, 3.6], [-1.919788, 43.325858, 4.3], [-1.919808, 43.325878, 4.8], [-1.919852, 43.325914, 4.6], [-1.919828, 43.325931, 8.3], [-1.919887, 43.326007, 9.2], [-1.919916, 43.326, 6.9], [-1.919961, 43.325988, 3.9], [-1.919989, 43.326052, 3.3], [-1.920015, 43.326148, 3.2], [-1.920019, 43.326225, 3.3], [-1.920015, 43.326268, 3.1], [-1.920181, 43.32627, 0.0], [-1.921664, 43.32632, 3.1], [-1.92175, 43.326366, 4.0], [-1.92183, 43.326417, 4.0], [-1.921905, 43.326472, 4.0], [-1.921953, 43.326514, 4.0], [-1.922006, 43.326552, 4.0], [-1.922065, 43.326585, 3.7], [-1.922128, 43.326614, 3.2], [-1.922175, 43.326637, 3.5], [-1.922218, 43.326664, 3.6], [-1.922255, 43.326696, 3.2], [-1.922285, 43.326732, 3.0], [-1.922315, 43.326783, 3.0], [-1.922351, 43.326832, 3.0], [-1.922393, 43.326879, 3.0], [-1.922438, 43.326907, 3.0], [-1.922488, 43.32693, 3.0], [-1.922542, 43.326948, 3.0], [-1.922598, 43.326961, 3.0], [-1.922684, 43.326988, 3.0], [-1.922767, 43.327019, 3.0], [-1.922794, 43.327048, 3.0], [-1.922814, 43.327078, 3.0], [-1.922828, 43.327111, 3.0], [-1.922835, 43.327145, 3.0], [-1.922851, 43.327196, 3.1], [-1.922873, 43.327245, 4.2], [-1.922899, 43.327293, 3.3], [-1.922956, 43.327363, 3.0], [-1.923009, 43.327434, 3.0], [-1.923048, 43.327501, 3.4], [-1.923082, 43.32757, 3.0], [-1.92311, 43.32764, 3.4], [-1.923199, 43.327859, 3.9], [-1.923205, 43.327921, 4.1], [-1.923201, 43.327984, 4.0], [-1.923188, 43.328045, 3.9], [-1.923171, 43.328119, 3.5], [-1.923158, 43.328193, 3.3], [-1.923165, 43.328235, 3.5], [-1.923182, 43.328275, 3.3], [-1.923205, 43.328312, 3.1], [-1.923267, 43.32838, 3.2], [-1.923336, 43.328444, 4.0], [-1.923413, 43.328505, 3.5], [-1.923494, 43.328563, 4.0], [-1.923579, 43.328618, 4.3], [-1.923767, 43.328749, 4.4], [-1.923813, 43.328775, 4.8], [-1.923863, 43.328796, 3.9], [-1.923916, 43.328814, 4.9], [-1.923972, 43.328826, 4.6], [-1.924062, 43.328845, 3.9], [-1.924154, 43.328859, 4.3], [-1.924246, 43.328869, 5.0], [-1.924352, 43.328878, 4.3], [-1.924458, 43.328882, 3.9], [-1.924565, 43.328882, 4.9], [-1.924671, 43.328877, 5.5], [-1.924821, 43.328863, 4.8], [-1.924971, 43.328853, 3.9], [-1.925159, 43.328849, 4.1], [-1.925348, 43.328851, 4.1], [-1.925415, 43.328849, 4.4], [-1.925482, 43.328852, 4.0], [-1.925549, 43.328859, 4.0], [-1.925579, 43.328878, 4.0], [-1.925604, 43.328901, 4.0], [-1.925625, 43.328926, 4.0], [-1.925642, 43.328953, 4.0], [-1.925653, 43.328972, 4.0], [-1.925668, 43.328991, 4.0], [-1.925687, 43.329007, 4.0], [-1.925708, 43.329022, 4.0], [-1.925732, 43.329034, 4.0], [-1.925783, 43.329052, 4.0], [-1.925836, 43.329066, 4.0], [-1.92589, 43.329075, 4.1], [-1.925946, 43.329079, 4.1], [-1.925995, 43.329081, 4.2], [-1.926044, 43.329087, 4.1], [-1.926091, 43.329097, 4.4], [-1.926135, 43.329112, 4.4], [-1.926188, 43.329134, 4.0], [-1.926238, 43.329157, 4.0], [-1.926245, 43.329162, 4.0], [-1.92625, 43.329168, 4.0], [-1.926254, 43.329174, 4.0], [-1.926257, 43.329181, 4.0], [-1.926258, 43.329188, 4.0], [-1.926258, 43.329195, 4.0], [-1.926254, 43.329251, 4.0], [-1.926245, 43.329306, 4.0], [-1.926231, 43.329362, 4.0], [-1.926224, 43.329403, 4.0], [-1.926212, 43.329443, 4.0], [-1.926194, 43.329482, 4.0], [-1.92618, 43.329513, 4.0], [-1.92616, 43.329542, 4.0], [-1.926135, 43.329568, 4.0], [-1.926076, 43.329637, 4.0], [-1.92602, 43.329707, 4.0], [-1.925987, 43.329769, 4.3], [-1.925964, 43.329834, 3.5], [-1.925963, 43.329859, 3.5], [-1.925957, 43.329884, 4.0], [-1.925946, 43.329908, 4.1], [-1.925857, 43.330038, 3.7], [-1.925827, 43.33008, 4.0], [-1.925803, 43.330124, 3.8], [-1.925784, 43.330169, 4.0], [-1.925732, 43.330316, 4.0], [-1.925685, 43.330464, 4.0], [-1.925672, 43.330521, 4.0], [-1.925665, 43.330579, 4.7], [-1.925664, 43.330637, 4.7], [-1.92567, 43.33071, 4.5], [-1.925671, 43.330783, 4.3], [-1.925667, 43.330856, 4.6], [-1.925659, 43.330977, 5.0], [-1.925654, 43.331097, 5.0], [-1.925647, 43.331357, 5.6], [-1.92565, 43.331408, 5.4], [-1.925656, 43.331459, 4.7], [-1.925665, 43.331528, 4.8], [-1.925665, 43.331598, 4.8], [-1.925662, 43.331671, 4.8], [-1.925664, 43.331745, 4.9], [-1.925672, 43.331789, 5.3], [-1.925685, 43.331833, 5.6], [-1.925687, 43.331839, 5.4], [-1.92569, 43.331846, 5.1], [-1.925695, 43.331851, 5.2], [-1.9257, 43.331857, 5.2], [-1.925707, 43.331861, 5.5], [-1.925715, 43.331865, 5.8], [-1.925723, 43.331868, 6.2], [-1.925732, 43.331869, 6.4], [-1.925776, 43.331884, 5.8], [-1.925822, 43.331895, 6.2], [-1.92587, 43.331902, 6.1], [-1.925918, 43.331904, 5.8], [-1.925998, 43.331902, 7.1], [-1.926078, 43.331896, 8.7], [-1.926157, 43.331887, 11.8], [-1.926232, 43.331874, 14.5], [-1.926306, 43.331857, 17.6], [-1.926379, 43.331838, 20.6], [-1.926442, 43.331821, 25.4], [-1.926506, 43.331809, 27.2], [-1.926572, 43.331802, 27.5], [-1.926698, 43.331783, 31.8], [-1.926704, 43.331782, 31.9], [-1.92671, 43.331781, 32.1], [-1.926715, 43.331779, 32.3], [-1.92672, 43.331776, 32.5], [-1.926725, 43.331773, 32.7], [-1.926728, 43.331769, 33.1], [-1.926731, 43.331765, 33.5], [-1.926733, 43.331761, 34.0], [-1.926734, 43.331756, 34.5], [-1.926733, 43.331752, 35.0], [-1.926732, 43.331747, 35.6], [-1.92673, 43.331743, 36.1], [-1.926727, 43.331739, 36.6], [-1.926723, 43.331736, 37.0], [-1.926636, 43.331725, 38.7], [-1.926548, 43.331718, 42.2], [-1.926546, 43.331718, 42.3], [-1.926544, 43.331717, 42.4], [-1.926542, 43.331717, 42.5], [-1.92654, 43.331716, 42.7], [-1.926539, 43.331715, 42.9], [-1.926538, 43.331713, 43.1], [-1.926537, 43.331712, 43.3], [-1.926537, 43.33171, 43.5], [-1.926537, 43.331709, 43.6], [-1.926537, 43.331708, 43.7], [-1.926537, 43.331706, 43.9], [-1.926538, 43.331705, 44.0], [-1.926539, 43.331704, 44.1], [-1.926541, 43.331703, 44.1], [-1.926542, 43.331702, 44.1], [-1.926544, 43.331701, 44.1], [-1.926546, 43.331701, 44.0], [-1.926637, 43.331672, 43.1], [-1.926638, 43.331671, 43.1], [-1.926639, 43.33167, 43.2], [-1.92664, 43.331669, 43.2], [-1.926641, 43.331667, 43.4], [-1.926641, 43.331666, 43.5], [-1.926641, 43.331665, 43.6], [-1.926641, 43.331664, 43.7], [-1.92664, 43.331663, 43.8], [-1.926639, 43.331662, 43.9], [-1.926638, 43.331661, 44.0], [-1.926637, 43.33166, 44.1], [-1.926636, 43.331659, 44.3], [-1.926634, 43.331659, 44.3], [-1.926632, 43.331659, 44.4], [-1.926631, 43.331659, 44.4], [-1.926629, 43.331659, 44.5], [-1.926628, 43.331659, 44.5], [-1.926626, 43.33166, 44.5], [-1.926556, 43.331669, 46.5], [-1.926486, 43.331677, 47.3], [-1.926485, 43.331677, 47.3], [-1.926484, 43.331677, 47.4], [-1.926483, 43.331677, 47.4], [-1.926482, 43.331677, 47.4], [-1.926481, 43.331677, 47.4], [-1.92648, 43.331677, 47.4], [-1.926479, 43.331676, 47.5], [-1.926478, 43.331676, 47.5], [-1.926478, 43.331675, 47.5], [-1.926477, 43.331674, 47.6], [-1.926477, 43.331673, 47.7], [-1.926477, 43.331672, 47.7], [-1.926478, 43.331671, 47.8], [-1.926478, 43.33167, 47.9], [-1.926479, 43.33167, 47.9], [-1.926479, 43.331669, 47.9], [-1.92648, 43.331669, 47.9], [-1.926481, 43.331668, 48.0], [-1.926523, 43.331651, 49.5], [-1.926568, 43.331639, 49.1], [-1.926587, 43.331631, 49.0], [-1.926605, 43.331621, 49.6], [-1.92662, 43.331608, 50.7], [-1.926632, 43.331594, 51.6], [-1.926639, 43.331588, 51.9], [-1.926644, 43.33158, 52.3], [-1.926648, 43.331573, 52.7], [-1.92665, 43.331565, 53.2], [-1.92665, 43.331562, 53.3], [-1.92665, 43.331559, 53.5], [-1.926648, 43.331556, 53.7], [-1.926647, 43.331554, 53.8], [-1.926644, 43.331552, 54.0], [-1.926642, 43.33155, 54.2], [-1.926639, 43.331548, 54.4], [-1.926635, 43.331547, 54.6], [-1.926631, 43.331546, 54.8], [-1.926628, 43.331546, 54.9], [-1.926624, 43.331546, 55.1], [-1.92662, 43.331547, 55.2], [-1.926584, 43.331545, 56.7], [-1.926547, 43.331546, 57.9], [-1.926546, 43.331546, 57.9], [-1.926544, 43.331546, 58.0], [-1.926543, 43.331545, 58.1], [-1.926542, 43.331545, 58.1], [-1.92654, 43.331544, 58.2], [-1.926539, 43.331544, 58.2], [-1.926538, 43.331543, 58.3], [-1.926538, 43.331542, 58.3], [-1.926537, 43.331541, 58.4], [-1.926537, 43.33154, 58.4], [-1.926537, 43.331539, 58.4], [-1.926537, 43.331538, 58.4], [-1.926538, 43.331537, 58.4], [-1.926539, 43.331536, 58.4], [-1.92654, 43.331535, 58.4], [-1.926542, 43.331534, 58.4], [-1.926595, 43.331489, 60.8], [-1.926597, 43.331487, 60.9], [-1.926598, 43.331486, 61.0], [-1.926599, 43.331485, 61.0], [-1.926599, 43.331483, 61.2], [-1.926599, 43.331482, 61.3], [-1.926599, 43.33148, 61.5], [-1.926598, 43.331479, 61.6], [-1.926597, 43.331477, 61.8], [-1.926596, 43.331476, 61.9], [-1.926595, 43.331475, 62.0], [-1.926593, 43.331474, 62.1], [-1.926591, 43.331474, 62.1], [-1.926564, 43.331464, 63.0], [-1.926535, 43.331457, 63.8], [-1.926532, 43.331456, 63.8], [-1.926529, 43.331454, 63.9], [-1.926526, 43.331451, 64.0], [-1.926524, 43.331449, 64.1], [-1.926523, 43.331446, 64.3], [-1.926522, 43.331443, 64.4], [-1.926522, 43.33144, 64.5], [-1.926522, 43.331437, 64.7], [-1.926523, 43.331434, 64.8], [-1.926525, 43.331431, 64.9], [-1.926554, 43.331398, 65.6], [-1.926606, 43.331345, 67.8], [-1.926622, 43.331324, 68.7], [-1.926631, 43.3313, 69.8], [-1.926687, 43.331239, 71.4], [-1.926751, 43.331183, 73.4], [-1.926768, 43.331167, 74.0], [-1.926788, 43.331154, 74.6], [-1.92681, 43.331143, 75.1], [-1.926835, 43.331135, 75.1], [-1.926862, 43.33113, 75.1], [-1.927038, 43.331108, 77.0], [-1.927069, 43.331097, 77.7], [-1.927098, 43.331084, 78.3], [-1.927124, 43.331067, 79.1], [-1.927146, 43.331048, 80.1], [-1.927205, 43.331004, 82.3], [-1.927226, 43.330998, 82.5], [-1.927249, 43.330994, 82.6], [-1.927272, 43.330992, 82.7], [-1.927299, 43.330994, 83.0], [-1.927325, 43.330998, 83.4], [-1.92735, 43.331005, 83.8], [-1.927383, 43.331008, 84.5], [-1.927392, 43.331006, 84.8], [-1.9274, 43.331002, 85.2], [-1.927408, 43.330998, 85.5], [-1.927414, 43.330992, 85.7], [-1.927419, 43.330986, 85.9], [-1.927423, 43.33098, 86.1], [-1.927426, 43.330973, 86.3], [-1.927426, 43.330967, 86.6], [-1.927425, 43.330961, 86.9], [-1.927422, 43.330956, 87.1], [-1.927418, 43.330951, 87.4], [-1.927414, 43.330947, 87.7], [-1.927408, 43.330943, 87.9], [-1.927401, 43.33094, 88.1], [-1.927394, 43.330938, 88.1], [-1.927386, 43.330936, 88.1], [-1.927354, 43.33092, 89.0], [-1.927319, 43.330907, 89.8], [-1.927282, 43.330897, 89.9], [-1.927244, 43.330891, 89.6], [-1.927231, 43.330891, 89.4], [-1.927218, 43.330889, 89.6], [-1.927206, 43.330886, 90.1], [-1.927194, 43.330882, 90.7], [-1.927184, 43.330876, 91.3], [-1.927175, 43.33087, 91.8], [-1.927167, 43.330862, 92.3], [-1.927172, 43.330853, 92.7], [-1.927179, 43.330845, 93.1], [-1.927187, 43.330837, 93.5], [-1.927198, 43.330831, 93.7], [-1.92721, 43.330826, 93.8], [-1.927222, 43.330823, 93.9], [-1.927236, 43.330821, 93.8], [-1.927264, 43.330813, 94.0], [-1.927294, 43.330809, 94.0], [-1.927325, 43.330808, 94.6], [-1.927356, 43.330811, 94.8], [-1.927385, 43.330817, 94.7], [-1.92739, 43.330817, 94.7], [-1.927396, 43.330816, 94.8], [-1.927401, 43.330815, 94.8], [-1.927405, 43.330813, 94.9], [-1.92741, 43.330811, 94.9], [-1.927413, 43.330808, 95.1], [-1.927416, 43.330804, 95.3], [-1.927418, 43.3308, 95.5], [-1.927419, 43.330797, 95.6], [-1.927419, 43.330793, 95.8], [-1.927418, 43.330789, 95.9], [-1.927416, 43.330785, 96.1], [-1.927414, 43.330781, 96.2], [-1.927374, 43.330746, 96.6], [-1.927338, 43.330709, 96.5], [-1.927301, 43.33067, 97.2], [-1.927297, 43.330663, 97.2], [-1.927296, 43.330655, 97.2], [-1.927296, 43.330647, 97.3], [-1.927298, 43.33064, 97.4], [-1.927301, 43.330633, 97.6], [-1.927306, 43.330626, 97.9], [-1.927312, 43.33062, 98.0], [-1.927319, 43.330614, 98.2], [-1.927394, 43.33058, 98.7], [-1.927473, 43.330551, 99.6], [-1.927573, 43.33052, 100.9], [-1.927674, 43.33049, 101.7], [-1.927714, 43.330478, 103.0], [-1.927756, 43.330469, 103.1], [-1.9278, 43.330464, 103.4], [-1.927987, 43.330446, 105.4], [-1.928079, 43.33043, 106.4], [-1.928092, 43.330428, 106.4], [-1.928105, 43.330428, 106.4], [-1.928119, 43.330428, 106.4], [-1.928132, 43.330431, 106.5], [-1.928144, 43.330434, 106.6], [-1.928156, 43.330439, 106.7], [-1.928197, 43.330461, 107.0], [-1.928241, 43.33048, 107.0], [-1.928287, 43.330494, 107.0], [-1.928466, 43.330513, 107.8], [-1.928631, 43.33054, 109.1], [-1.928712, 43.330578, 109.1], [-1.92881, 43.330665, 109.8], [-1.928931, 43.330797, 111.3], [-1.929031, 43.330874, 111.9], [-1.929117, 43.330929, 112.6], [-1.929215, 43.330957, 113.2], [-1.929388, 43.330973, 113.8], [-1.929561, 43.330981, 113.6], [-1.929816, 43.331028, 114.3], [-1.930032, 43.331085, 115.8], [-1.930233, 43.331164, 117.2], [-1.930457, 43.331284, 119.1], [-1.930484, 43.331302, 119.0], [-1.930513, 43.331319, 119.5], [-1.930544, 43.331333, 120.0], [-1.930576, 43.331345, 120.0], [-1.93061, 43.331356, 120.0], [-1.930645, 43.331364, 120.0], [-1.93068, 43.33137, 120.2], [-1.930716, 43.331373, 120.8], [-1.930753, 43.331374, 121.0], [-1.930789, 43.331373, 121.0], [-1.930826, 43.33137, 121.0], [-1.930861, 43.331364, 121.0], [-1.931024, 43.331327, 122.3], [-1.931048, 43.331323, 122.4], [-1.931088, 43.331307, 122.9], [-1.931154, 43.331293, 123.0], [-1.931206, 43.33129, 123.2], [-1.931267, 43.331289, 123.9], [-1.931319, 43.331294, 124.0], [-1.931391, 43.331307, 124.0], [-1.931446, 43.331322, 124.7], [-1.931506, 43.331336, 124.9], [-1.931542, 43.331348, 125.1], [-1.931593, 43.331376, 125.2], [-1.931724, 43.33146, 126.2], [-1.931773, 43.331481, 126.0], [-1.931812, 43.331501, 126.3], [-1.931864, 43.33152, 126.2], [-1.931958, 43.331547, 126.0], [-1.932067, 43.331597, 127.2], [-1.93214, 43.331644, 127.0], [-1.932302, 43.331758, 127.0], [-1.93237, 43.331801, 127.0], [-1.932496, 43.331862, 127.0], [-1.932589, 43.331906, 127.2], [-1.932642, 43.331952, 127.0], [-1.932756, 43.332052, 126.6], [-1.932836, 43.332105, 126.6], [-1.932925, 43.33215, 125.6], [-1.933034, 43.332209, 125.1], [-1.933092, 43.332247, 124.7], [-1.93328, 43.332378, 123.2], [-1.933336, 43.332419, 122.9], [-1.933397, 43.332479, 122.2], [-1.933452, 43.332532, 121.4], [-1.933498, 43.332601, 121.2], [-1.933585, 43.33274, 120.0], [-1.933629, 43.332815, 119.9], [-1.933696, 43.33289, 119.7], [-1.933786, 43.332999, 117.4], [-1.933937, 43.333173, 115.4], [-1.934083, 43.333346, 113.0], [-1.934089, 43.333352, 113.0], [-1.934105, 43.333374, 113.0], [-1.934121, 43.333392, 113.0], [-1.934167, 43.333418, 112.4], [-1.934228, 43.333426, 112.5], [-1.934376, 43.333439, 112.0], [-1.934509, 43.33344, 112.0], [-1.934606, 43.333433, 110.9], [-1.934709, 43.333427, 110.3], [-1.934806, 43.333428, 109.0], [-1.934888, 43.333429, 107.6], [-1.93496, 43.333411, 106.6], [-1.935032, 43.333408, 105.4], [-1.935103, 43.333401, 104.5], [-1.935145, 43.333379, 104.2], [-1.935191, 43.333346, 104.3], [-1.935223, 43.333312, 104.2], [-1.935305, 43.333283, 103.3], [-1.935438, 43.333262, 102.4], [-1.935546, 43.333244, 102.5], [-1.935649, 43.3332, 102.2], [-1.935753, 43.333134, 101.1], [-1.935836, 43.333053, 101.2], [-1.935898, 43.333005, 100.4], [-1.935945, 43.332968, 99.7], [-1.936007, 43.332894, 99.0], [-1.936044, 43.332842, 98.1], [-1.936101, 43.33279, 96.3], [-1.936164, 43.332709, 95.9], [-1.936211, 43.332664, 95.5], [-1.936253, 43.332631, 94.9], [-1.93634, 43.332598, 92.5], [-1.936366, 43.33258, 92.1], [-1.936382, 43.332557, 92.0], [-1.936392, 43.332531, 92.1], [-1.936393, 43.332502, 92.4], [-1.936388, 43.332468, 92.7], [-1.936374, 43.332438, 93.1], [-1.936364, 43.332412, 93.6], [-1.936365, 43.332348, 93.4], [-1.936366, 43.332292, 93.4], [-1.936352, 43.332232, 93.4], [-1.936321, 43.332202, 93.5], [-1.936286, 43.332172, 93.4], [-1.936276, 43.332161, 93.2], [-1.936277, 43.332131, 93.0], [-1.936318, 43.332109, 92.2], [-1.936359, 43.332075, 92.8], [-1.936385, 43.33205, 92.8], [-1.936411, 43.332027, 93.0], [-1.936463, 43.332013, 92.1], [-1.936514, 43.332013, 92.3], [-1.93656, 43.332025, 92.4], [-1.936615, 43.33207, 91.3], [-1.936671, 43.332123, 90.0], [-1.936706, 43.332165, 88.7], [-1.936751, 43.332206, 86.6], [-1.936812, 43.332259, 89.0], [-1.936867, 43.332304, 90.6], [-1.936922, 43.332353, 90.8], [-1.936988, 43.332414, 91.0], [-1.937059, 43.332467, 91.2], [-1.937129, 43.332512, 91.5], [-1.937221, 43.332562, 91.4], [-1.937312, 43.332618, 92.1], [-1.937393, 43.332671, 92.4], [-1.937449, 43.332694, 92.7], [-1.9375, 43.332695, 93.3], [-1.937546, 43.332688, 93.7], [-1.937597, 43.33267, 93.2], [-1.937685, 43.332641, 93.0], [-1.937757, 43.332623, 92.0], [-1.937824, 43.332608, 91.4], [-1.937854, 43.332594, 92.0], [-1.93788, 43.332583, 92.0], [-1.937921, 43.332576, 91.0], [-1.937957, 43.332583, 90.9], [-1.937987, 43.332606, 91.1], [-1.938017, 43.332647, 91.7], [-1.938021, 43.3327, 91.3], [-1.938041, 43.332737, 91.9], [-1.938051, 43.332778, 92.3], [-1.938071, 43.33282, 92.9], [-1.93808, 43.332853, 93.1], [-1.938085, 43.332894, 92.7], [-1.938084, 43.332917, 92.5], [-1.938094, 43.332943, 92.7], [-1.938144, 43.332981, 93.6], [-1.93821, 43.333026, 93.9], [-1.938271, 43.333068, 93.8], [-1.938311, 43.333102, 93.3], [-1.938362, 43.333117, 92.7], [-1.938418, 43.333129, 91.8], [-1.93848, 43.33313, 92.3], [-1.938612, 43.333131, 91.4], [-1.938745, 43.333132, 91.7], [-1.939001, 43.333157, 91.6], [-1.939159, 43.333181, 90.9], [-1.939353, 43.333205, 92.3], [-1.939486, 43.333225, 92.8], [-1.939578, 43.33323, 92.0], [-1.939624, 43.333208, 92.1], [-1.939686, 43.333171, 90.6], [-1.939764, 43.333115, 89.0], [-1.93979, 43.333063, 88.7], [-1.939822, 43.333023, 88.2], [-1.939859, 43.332948, 88.1], [-1.93988, 43.332919, 88.1], [-1.939896, 43.3329, 88.1], [-1.939926, 43.332889, 88.2], [-1.939962, 43.33289, 88.2], [-1.939997, 43.332923, 88.7], [-1.940042, 43.33298, 89.3], [-1.940082, 43.333044, 90.0], [-1.940143, 43.333112, 90.3], [-1.940172, 43.333168, 90.4], [-1.940233, 43.333209, 91.6], [-1.940314, 43.33324, 92.9], [-1.940385, 43.333274, 94.1], [-1.940457, 43.33329, 96.4], [-1.940508, 43.333294, 97.6], [-1.940554, 43.333283, 98.8], [-1.940595, 43.333254, 100.0], [-1.940647, 43.333221, 100.6], [-1.940729, 43.333199, 101.9], [-1.940791, 43.333181, 102.0], [-1.940848, 43.333167, 102.2], [-1.94094, 43.333149, 101.0], [-1.941017, 43.33312, 99.7], [-1.941095, 43.333064, 98.4], [-1.941167, 43.333013, 97.6], [-1.94124, 43.332946, 96.2], [-1.941282, 43.332896, 95.9], [-1.941326, 43.332854, 96.5], [-1.941381, 43.332813, 96.1], [-1.941426, 43.33278, 96.3], [-1.941458, 43.332761, 96.0], [-1.941569, 43.332695, 95.9], [-1.941606, 43.33267, 96.6], [-1.941671, 43.332632, 96.9], [-1.941728, 43.332592, 97.5], [-1.941789, 43.332548, 98.1], [-1.941863, 43.332486, 99.7], [-1.941912, 43.33244, 100.2], [-1.941968, 43.332371, 101.8], [-1.942014, 43.332311, 100.5], [-1.942049, 43.332267, 99.5], [-1.942142, 43.332196, 97.0], [-1.942183, 43.332166, 96.2], [-1.942218, 43.332133, 95.8], [-1.942237, 43.332099, 95.0], [-1.942242, 43.332088, 94.6], [-1.942247, 43.332065, 94.0], [-1.942248, 43.331984, 92.3], [-1.942248, 43.33195, 91.5], [-1.942246, 43.331907, 90.7], [-1.942249, 43.331897, 90.3], [-1.942257, 43.331882, 89.7], [-1.942275, 43.331858, 89.1], [-1.942304, 43.331827, 89.3], [-1.94233, 43.331812, 88.7], [-1.942367, 43.3318, 88.3], [-1.942436, 43.331784, 88.4], [-1.942495, 43.33177, 87.9], [-1.942548, 43.331758, 88.1], [-1.942676, 43.331731, 88.4], [-1.942722, 43.331723, 88.0], [-1.942781, 43.33171, 88.6], [-1.942829, 43.331701, 89.3], [-1.94288, 43.331692, 89.5], [-1.942918, 43.33168, 89.2], [-1.942959, 43.331667, 89.3], [-1.942991, 43.331654, 89.5], [-1.943049, 43.331615, 90.1], [-1.943093, 43.331581, 89.6], [-1.943174, 43.331519, 89.8], [-1.943208, 43.331495, 89.6], [-1.943292, 43.331431, 90.7], [-1.943343, 43.331387, 91.7], [-1.943362, 43.33136, 92.5], [-1.943381, 43.331316, 92.8], [-1.943408, 43.331236, 95.0], [-1.943414, 43.331208, 95.4], [-1.943413, 43.331165, 95.4], [-1.943417, 43.331133, 95.3], [-1.943422, 43.331114, 95.3], [-1.943434, 43.331083, 95.3], [-1.943453, 43.331055, 95.8], [-1.943472, 43.331037, 96.4], [-1.943496, 43.33102, 96.7], [-1.943565, 43.330984, 96.4], [-1.943648, 43.330952, 95.3], [-1.943697, 43.330931, 95.5], [-1.943741, 43.33091, 95.3], [-1.943772, 43.330894, 95.0], [-1.943794, 43.330878, 94.6], [-1.943811, 43.330858, 94.1], [-1.943829, 43.330821, 93.8], [-1.943833, 43.330787, 93.7], [-1.943827, 43.330742, 93.6], [-1.943814, 43.330701, 94.1], [-1.943808, 43.330678, 94.0], [-1.94381, 43.330652, 93.4], [-1.943818, 43.330633, 93.2], [-1.943844, 43.330602, 93.5], [-1.943868, 43.330583, 93.3], [-1.943913, 43.330566, 92.3], [-1.943947, 43.330558, 92.0], [-1.943995, 43.330552, 92.2], [-1.944066, 43.330546, 91.7], [-1.944141, 43.330544, 91.9], [-1.944184, 43.330542, 91.7], [-1.944221, 43.330536, 92.0], [-1.944265, 43.330528, 92.2], [-1.944299, 43.330518, 92.1], [-1.944338, 43.330504, 92.4], [-1.944386, 43.330476, 92.7], [-1.944437, 43.330435, 92.0], [-1.944454, 43.330412, 92.0], [-1.944471, 43.330389, 92.3], [-1.944482, 43.330361, 92.9], [-1.944487, 43.330341, 93.3], [-1.944491, 43.330305, 93.3], [-1.944493, 43.330258, 93.3], [-1.944491, 43.330125, 93.8], [-1.9445, 43.330094, 94.0], [-1.944521, 43.33007, 94.0], [-1.944542, 43.330055, 94.5], [-1.944587, 43.330045, 95.1], [-1.94464, 43.330044, 95.8], [-1.944704, 43.330052, 96.9], [-1.944841, 43.330087, 99.5], [-1.944899, 43.330104, 100.0], [-1.944986, 43.330127, 100.4], [-1.94502, 43.33013, 100.8], [-1.945061, 43.33013, 101.0], [-1.945097, 43.330128, 101.2], [-1.945149, 43.330113, 101.7], [-1.945186, 43.330097, 102.5], [-1.945208, 43.330083, 102.6], [-1.94524, 43.33006, 102.4], [-1.945256, 43.330044, 102.7], [-1.945284, 43.330007, 103.8], [-1.945297, 43.329979, 104.4], [-1.94532, 43.32989, 105.1], [-1.945329, 43.3298, 106.7], [-1.945328, 43.329766, 106.7], [-1.945326, 43.32973, 107.4], [-1.945325, 43.329706, 107.8], [-1.945312, 43.329644, 108.6], [-1.945302, 43.3296, 109.9], [-1.945303, 43.329563, 110.7], [-1.945307, 43.329539, 111.2], [-1.945312, 43.329514, 111.1], [-1.945335, 43.329452, 111.6], [-1.945359, 43.329305, 113.5], [-1.945374, 43.329251, 114.3], [-1.945379, 43.329228, 114.1], [-1.945389, 43.329185, 113.9], [-1.945413, 43.329084, 116.5], [-1.945474, 43.328962, 118.1], [-1.94555, 43.328834, 120.7], [-1.945613, 43.328726, 122.8], [-1.945641, 43.328676, 123.1], [-1.945662, 43.328632, 124.4], [-1.945665, 43.328606, 125.1], [-1.945651, 43.328573, 125.6], [-1.945628, 43.328544, 126.5], [-1.945606, 43.328526, 128.0], [-1.945576, 43.328524, 128.4], [-1.945501, 43.328531, 127.9], [-1.94544, 43.328541, 128.4], [-1.945405, 43.328543, 128.9], [-1.945358, 43.328542, 129.6], [-1.945293, 43.32853, 130.9], [-1.945242, 43.328515, 131.8], [-1.94518, 43.328486, 132.0], [-1.94518, 43.328485, 132.0], [-1.945179, 43.328484, 132.0], [-1.945178, 43.328484, 132.0], [-1.945178, 43.328483, 132.0], [-1.945177, 43.328482, 132.0], [-1.945177, 43.328481, 132.0], [-1.945177, 43.32848, 132.0], [-1.945177, 43.328479, 132.0], [-1.945177, 43.328478, 132.0], [-1.945177, 43.328477, 132.0], [-1.945178, 43.328476, 132.0], [-1.945178, 43.328475, 132.0], [-1.945179, 43.328475, 132.0], [-1.945179, 43.328474, 132.0], [-1.94518, 43.328473, 132.0], [-1.945181, 43.328473, 132.0], [-1.945182, 43.328472, 132.0], [-1.945225, 43.32845, 132.0], [-1.945307, 43.328401, 132.0], [-1.945381, 43.328363, 132.0], [-1.945457, 43.328329, 132.0], [-1.945537, 43.328298, 132.6], [-1.945616, 43.328271, 133.0], [-1.945698, 43.328246, 133.6], [-1.945783, 43.328226, 134.3], [-1.94586, 43.328216, 135.0], [-1.945969, 43.328209, 135.6], [-1.946057, 43.328204, 136.6], [-1.946119, 43.328197, 137.0], [-1.946194, 43.328193, 137.0], [-1.946244, 43.328193, 137.7], [-1.94626, 43.328195, 137.9], [-1.946331, 43.328205, 138.0], [-1.94644, 43.328213, 138.9], [-1.946633, 43.328233, 140.0], [-1.946776, 43.328252, 141.3], [-1.946947, 43.32827, 143.1], [-1.94723, 43.3283, 146.9], [-1.947248, 43.328302, 147.2], [-1.947267, 43.328304, 147.5], [-1.947285, 43.328304, 147.7], [-1.947304, 43.328303, 147.9], [-1.947322, 43.328301, 148.2], [-1.94734, 43.328298, 148.5], [-1.947357, 43.328294, 148.7], [-1.947374, 43.328289, 149.1], [-1.947391, 43.328282, 149.5], [-1.947406, 43.328275, 149.9], [-1.94742, 43.328266, 150.3], [-1.947434, 43.328257, 150.8], [-1.947444, 43.328249, 151.1], [-1.947512, 43.328116, 154.2], [-1.947578, 43.327973, 157.0], [-1.947633, 43.327874, 158.5], [-1.947701, 43.327753, 161.2], [-1.947773, 43.327694, 162.7], [-1.947807, 43.327675, 163.6], [-1.947844, 43.327658, 164.0], [-1.947898, 43.327654, 164.3], [-1.94797, 43.327659, 165.6], [-1.948172, 43.327673, 168.9], [-1.948239, 43.327678, 170.8], [-1.948282, 43.327688, 171.3], [-1.948323, 43.327698, 171.5], [-1.948418, 43.327729, 172.9], [-1.948577, 43.327787, 174.2], [-1.948639, 43.327801, 175.2], [-1.948698, 43.327808, 176.0], [-1.948824, 43.327815, 177.5], [-1.948867, 43.327813, 178.2], [-1.948944, 43.327795, 178.8], [-1.949111, 43.327751, 179.7], [-1.949199, 43.327732, 180.1], [-1.949275, 43.327722, 180.0], [-1.949378, 43.327714, 180.8], [-1.94948, 43.327707, 181.0], [-1.94965, 43.3277, 181.4], [-1.950026, 43.327706, 179.5], [-1.950326, 43.327707, 180.4], [-1.950456, 43.327715, 180.6], [-1.950539, 43.327724, 180.7], [-1.950614, 43.327734, 181.0], [-1.9507, 43.327748, 181.2], [-1.950817, 43.327768, 181.0], [-1.950924, 43.327792, 181.2], [-1.951061, 43.327823, 179.9], [-1.951125, 43.327831, 179.3], [-1.951226, 43.32783, 178.0], [-1.951349, 43.327823, 177.0], [-1.951655, 43.327823, 176.7], [-1.951864, 43.327822, 177.0], [-1.951961, 43.327811, 178.1], [-1.95203, 43.327795, 178.4], [-1.952295, 43.327727, 180.8], [-1.95249, 43.327681, 183.8], [-1.952621, 43.327667, 185.9], [-1.952738, 43.327662, 186.9], [-1.952863, 43.327671, 188.1], [-1.952969, 43.327701, 189.0], [-1.953395, 43.327842, 189.8], [-1.953741, 43.327959, 190.9], [-1.954122, 43.328099, 193.6], [-1.954217, 43.328141, 194.3], [-1.95429, 43.328173, 195.1], [-1.954346, 43.328189, 196.9], [-1.954463, 43.328208, 197.6], [-1.954622, 43.328228, 198.7], [-1.954783, 43.328247, 200.4], [-1.954841, 43.328264, 200.1], [-1.954886, 43.328292, 201.4], [-1.954978, 43.328369, 203.3], [-1.955103, 43.328482, 207.0], [-1.955196, 43.328568, 209.6], [-1.955302, 43.328644, 211.1], [-1.955495, 43.328769, 214.1], [-1.955686, 43.328889, 216.6], [-1.955763, 43.32893, 217.5], [-1.955901, 43.328989, 218.0], [-1.955972, 43.329012, 218.3], [-1.956069, 43.329023, 218.5], [-1.956267, 43.329033, 218.2], [-1.956503, 43.329028, 218.0], [-1.95664, 43.329025, 217.4], [-1.956773, 43.329015, 217.2], [-1.956879, 43.329013, 216.1], [-1.956996, 43.329022, 215.5], [-1.957104, 43.329028, 214.8], [-1.957454, 43.329095, 212.1], [-1.957669, 43.3291, 210.0], [-1.957806, 43.329067, 208.2], [-1.958067, 43.328965, 205.3], [-1.958546, 43.328913, 200.5], [-1.95892, 43.328871, 197.5], [-1.959549, 43.328789, 194.2], [-1.959737, 43.328773, 192.6], [-1.959754, 43.328765, 192.1], [-1.95977, 43.328757, 191.8], [-1.959784, 43.328747, 191.6], [-1.959798, 43.328737, 191.4], [-1.95981, 43.328726, 191.1], [-1.959821, 43.328714, 190.9], [-1.95983, 43.328701, 190.7], [-1.959838, 43.328688, 190.5], [-1.959844, 43.328675, 190.3], [-1.959849, 43.328661, 190.3], [-1.959851, 43.32865, 190.2], [-1.959866, 43.328632, 190.0], [-1.959885, 43.328617, 190.0], [-1.959906, 43.328604, 190.0], [-1.959931, 43.328593, 190.0], [-1.959957, 43.328586, 190.0], [-1.960136, 43.328557, 189.3], [-1.960277, 43.32855, 187.7], [-1.9603, 43.328547, 187.3], [-1.960326, 43.328545, 186.8], [-1.960352, 43.328544, 186.0], [-1.960377, 43.328545, 185.1], [-1.960403, 43.328548, 184.7], [-1.960428, 43.328553, 184.3], [-1.960511, 43.328561, 182.9], [-1.960663, 43.328611, 180.6], [-1.960851, 43.328679, 177.3], [-1.961008, 43.328726, 174.8], [-1.961257, 43.32878, 170.4], [-1.961387, 43.328829, 167.6], [-1.961522, 43.32884, 165.6], [-1.961872, 43.328833, 163.0], [-1.961989, 43.328857, 162.3], [-1.962062, 43.328907, 161.7], [-1.962121, 43.328943, 161.2], [-1.962236, 43.329022, 160.2], [-1.962312, 43.329061, 159.7], [-1.962419, 43.329101, 159.0], [-1.962509, 43.329118, 158.9], [-1.962585, 43.329118, 158.3], [-1.962667, 43.329124, 157.8], [-1.962762, 43.329148, 156.9], [-1.962895, 43.329179, 156.2], [-1.963175, 43.329282, 154.7], [-1.963455, 43.329391, 153.1], [-1.963713, 43.3295, 151.9], [-1.964076, 43.329635, 149.3], [-1.964225, 43.329697, 149.2], [-1.964309, 43.329744, 148.0], [-1.964363, 43.329788, 148.1], [-1.96445, 43.329923, 147.0], [-1.964505, 43.330065, 145.7], [-1.96457, 43.330191, 143.4], [-1.964619, 43.330251, 144.0], [-1.96467, 43.330288, 144.0], [-1.964727, 43.330322, 144.0], [-1.964936, 43.330371, 142.6], [-1.965118, 43.330411, 141.3], [-1.965324, 43.330478, 140.3], [-1.965599, 43.330571, 138.8], [-1.965824, 43.330655, 137.8], [-1.966024, 43.330731, 136.3], [-1.966195, 43.330792, 135.8], [-1.966465, 43.330905, 133.9], [-1.96673, 43.331009, 132.5], [-1.966949, 43.33109, 131.3], [-1.967019, 43.33112, 131.5], [-1.967092, 43.331126, 130.9], [-1.967371, 43.331043, 128.9], [-1.967631, 43.330951, 128.0], [-1.967636, 43.330949, 127.9], [-1.967644, 43.330947, 127.9], [-1.967652, 43.330945, 127.9], [-1.967661, 43.330944, 127.9], [-1.967669, 43.330943, 128.0], [-1.967678, 43.330943, 128.0], [-1.967686, 43.330943, 128.0], [-1.967695, 43.330944, 128.0], [-1.967703, 43.330946, 128.1], [-1.968041, 43.331019, 126.6], [-1.968223, 43.33107, 125.5], [-1.968304, 43.33108, 125.4], [-1.968397, 43.331093, 124.4], [-1.968463, 43.331097, 123.9], [-1.96853, 43.331095, 124.0], [-1.968617, 43.331087, 124.0], [-1.968724, 43.331054, 123.0], [-1.968841, 43.331005, 123.0], [-1.968964, 43.330951, 122.1], [-1.969043, 43.330916, 121.2], [-1.969143, 43.330897, 120.8], [-1.969272, 43.3309, 120.1], [-1.969545, 43.330914, 119.2], [-1.969699, 43.330924, 118.1], [-1.969866, 43.330912, 117.6], [-1.969998, 43.330875, 117.2], [-1.970129, 43.330804, 116.5], [-1.970218, 43.330727, 115.0], [-1.970271, 43.330638, 115.2], [-1.970322, 43.330495, 113.8], [-1.970338, 43.330361, 113.1], [-1.970304, 43.330254, 113.0], [-1.970236, 43.330147, 111.4], [-1.970132, 43.330041, 111.4], [-1.96997, 43.329894, 109.3], [-1.969735, 43.329727, 108.4], [-1.969411, 43.32957, 107.2], [-1.969068, 43.329409, 105.3], [-1.968914, 43.329341, 103.9], [-1.968753, 43.329304, 103.4], [-1.968676, 43.329283, 103.7], [-1.968602, 43.329253, 103.2], [-1.968599, 43.329251, 103.0], [-1.968593, 43.329246, 103.0], [-1.968588, 43.329241, 103.0], [-1.968583, 43.329235, 103.0], [-1.968579, 43.32923, 103.0], [-1.968576, 43.329224, 103.0], [-1.968573, 43.329218, 103.0], [-1.968629, 43.32926, 103.3], [-1.968629, 43.329251, 103.0], [-1.968065, 43.328497, 100.0], [-1.968054, 43.328497, 100.0], [-1.967966, 43.32829, 96.5], [-1.967966, 43.328281, 95.9], [-1.96812, 43.328075, 83.6], [-1.968408, 43.32794, 72.0], [-1.968522, 43.327927, 68.8], [-1.96855, 43.327929, 68.2], [-1.968577, 43.327934, 67.5], [-1.968655, 43.327945, 65.0], [-1.968689, 43.327945, 64.5], [-1.968722, 43.327942, 64.0], [-1.968755, 43.327936, 63.7], [-1.968783, 43.32793, 63.3], [-1.968809, 43.32792, 62.5], [-1.968833, 43.327908, 61.5], [-1.968863, 43.327884, 61.0], [-1.968887, 43.327856, 59.8], [-1.968916, 43.327809, 56.9], [-1.968943, 43.327761, 55.4], [-1.968971, 43.327723, 54.0], [-1.96899, 43.327693, 53.3], [-1.96901, 43.327663, 52.7], [-1.969075, 43.327582, 49.2], [-1.96914, 43.327506, 47.2], [-1.969184, 43.327457, 45.5], [-1.96922, 43.327409, 43.0], [-1.96926, 43.327331, 42.0], [-1.969302, 43.32724, 40.1], [-1.969346, 43.327169, 38.7], [-1.969398, 43.327093, 37.5], [-1.969454, 43.327027, 35.9], [-1.969528, 43.326964, 34.1], [-1.969601, 43.326903, 32.0], [-1.969661, 43.326856, 31.0], [-1.969749, 43.326787, 29.6], [-1.969953, 43.326665, 26.3], [-1.970001, 43.326626, 25.4], [-1.970021, 43.326591, 25.0], [-1.970042, 43.326508, 23.8], [-1.970069, 43.326428, 23.0], [-1.97008, 43.326419, 22.9], [-1.970093, 43.326412, 22.7], [-1.970108, 43.326406, 22.5], [-1.970124, 43.326402, 22.3], [-1.970141, 43.3264, 22.1], [-1.970157, 43.326399, 22.0], [-1.970174, 43.326401, 21.8], [-1.97019, 43.326405, 21.5], [-1.970205, 43.32641, 21.3], [-1.970219, 43.326417, 21.1], [-1.970282, 43.326453, 20.5], [-1.970412, 43.326395, 18.9], [-1.970729, 43.326256, 13.8], [-1.970779, 43.326228, 13.0], [-1.970795, 43.326214, 12.8], [-1.970827, 43.326166, 12.3], [-1.970896, 43.326029, 11.0], [-1.971009, 43.326102, 11.0], [-1.971161, 43.326216, 10.0], [-1.971367, 43.326377, 10.0], [-1.971392, 43.326395, 10.0], [-1.97141, 43.326422, 10.0], [-1.971419, 43.326461, 10.0], [-1.971529, 43.326554, 9.9], [-1.971658, 43.326659, 9.1], [-1.971696, 43.326682, 9.0], [-1.971729, 43.326701, 9.0], [-1.971818, 43.326724, 9.0], [-1.971903, 43.32675, 9.0], [-1.972083, 43.326621, 9.0], [-1.972196, 43.326544, 9.0], [-1.972358, 43.326451, 9.0], [-1.972435, 43.326416, 9.0], [-1.972653, 43.326323, 9.0], [-1.973664, 43.325961, 8.0], [-1.973909, 43.325872, 8.0], [-1.973937, 43.325872, 8.0], [-1.973962, 43.325866, 8.0], [-1.974126, 43.325807, 8.0], [-1.974638, 43.325614, 7.4], [-1.974954, 43.325494, 7.1], [-1.9763, 43.324988, 7.0], [-1.977177, 43.324664, 7.0], [-1.978641, 43.324123, 7.0], [-1.97936, 43.323821, 7.7], [-1.979728, 43.323698, 0.2], [-1.980456, 43.323424, 0.1], [-1.980843, 43.323309, 7.3], [-1.981145, 43.323219, 6.9], [-1.981904, 43.323025, 5.5], [-1.982075, 43.322978, 6.0], [-1.982387, 43.322871, 6.0], [-1.982793, 43.322737, 6.0], [-1.985147, 43.322135, 6.0], [-1.985161, 43.322129, 6.0], [-1.985174, 43.322123, 6.0], [-1.985187, 43.322115, 6.0], [-1.985198, 43.322107, 6.0], [-1.985208, 43.322099, 6.0], [-1.985218, 43.322089, 6.0], [-1.985226, 43.322079, 6.1], [-1.985233, 43.322069, 6.2], [-1.985239, 43.322058, 6.3], [-1.985243, 43.322047, 6.6], [-1.985246, 43.322036, 6.7], [-1.985248, 43.322024, 6.9], [-1.985248, 43.322013, 7.0], [-1.985247, 43.322001, 7.0], [-1.985244, 43.32199, 7.0], [-1.98524, 43.321978, 7.0], [-1.985235, 43.321968, 7.0], [-1.985229, 43.321957, 7.0], [-1.985221, 43.321947, 7.0], [-1.98522, 43.321945, 7.0], [-1.985158, 43.321828, 7.0], [-1.985119, 43.321741, 7.0], [-1.98511, 43.321676, 7.0], [-1.98511, 43.32161, 7.0], [-1.985119, 43.321544, 7.2], [-1.985146, 43.32152, 7.7], [-1.98525, 43.321473, 8.0], [-1.985529, 43.321372, 8.0], [-1.985632, 43.321331, 8.0]]}}, {"type": "Feature", "properties": {"order": 1, "group": "camino-del-norte-irun-arzua", "source_file": "02a-san-sebastian-zarautz.gpx", "reversed_from_source": false, "point_count": 2458, "source": "CNIG/IGN - Rutas de Caminos de Santiago 2020-2026 (datos FEAACS)", "license": "CC-BY 4.0", "attribution": "Obra derivada de Rutas de Caminos de Santiago 2020-2026 CC-BY 4.0 FEAACS"}, "geometry": {"type": "LineString", "coordinates": [[-1.985632, 43.321331, 8.0], [-1.985491, 43.321118, 7.0], [-1.985861, 43.320996, 7.0], [-1.985871, 43.320991, 7.0], [-1.985881, 43.320987, 7.0], [-1.98589, 43.320981, 7.0], [-1.985899, 43.320976, 7.0], [-1.985906, 43.320969, 7.0], [-1.985913, 43.320962, 7.0], [-1.985919, 43.320955, 7.0], [-1.985925, 43.320947, 7.0], [-1.985929, 43.320939, 7.0], [-1.985932, 43.320931, 7.0], [-1.985935, 43.320923, 7.0], [-1.985936, 43.320914, 7.0], [-1.985937, 43.320906, 7.0], [-1.985936, 43.320897, 7.0], [-1.985934, 43.320889, 7.0], [-1.985931, 43.32088, 7.0], [-1.985928, 43.320872, 7.0], [-1.985923, 43.320864, 7.0], [-1.985918, 43.320857, 7.0], [-1.985911, 43.32085, 7.0], [-1.985904, 43.320843, 7.0], [-1.985896, 43.320837, 7.0], [-1.985894, 43.320835, 7.0], [-1.985545, 43.320657, 7.0], [-1.985221, 43.320487, 7.0], [-1.985134, 43.320436, 7.0], [-1.985105, 43.320393, 7.3], [-1.985076, 43.320353, 6.3], [-1.985054, 43.320344, 7.0], [-1.985011, 43.320336, 7.0], [-1.984978, 43.320319, 7.0], [-1.984963, 43.320291, 7.0], [-1.984846, 43.319614, 8.0], [-1.984828, 43.319577, 8.0], [-1.984781, 43.319504, 7.1], [-1.984735, 43.319441, 7.0], [-1.984731, 43.319404, 7.0], [-1.984767, 43.319351, 7.0], [-1.984787, 43.319316, 7.0], [-1.984783, 43.319253, 7.0], [-1.984793, 43.31918, 7.0], [-1.984803, 43.319131, 7.0], [-1.984889, 43.318877, 7.5], [-1.984931, 43.318774, 8.0], [-1.984958, 43.318738, 8.0], [-1.985025, 43.318682, 8.0], [-1.985062, 43.31863, 8.0], [-1.985066, 43.318596, 8.0], [-1.985045, 43.31856, 7.4], [-1.985031, 43.318538, 7.0], [-1.985084, 43.318501, 7.0], [-1.985133, 43.318461, 8.0], [-1.985176, 43.318418, 8.0], [-1.985209, 43.318384, 8.0], [-1.985235, 43.318349, 7.6], [-1.985244, 43.318337, 7.1], [-1.985524, 43.317989, 7.0], [-1.985826, 43.317641, 7.5], [-1.986178, 43.317278, 7.9], [-1.986458, 43.317039, 8.0], [-1.986991, 43.316613, 7.8], [-1.987601, 43.316162, 8.0], [-1.988064, 43.315838, 8.0], [-1.988683, 43.315469, 8.0], [-1.988749, 43.315424, 8.0], [-1.988883, 43.315361, 8.0], [-1.988971, 43.315306, 8.0], [-1.989034, 43.315267, 8.0], [-1.98912, 43.315235, 8.3], [-1.98922, 43.315194, 9.0], [-1.989263, 43.31518, 9.0], [-1.989304, 43.315163, 9.0], [-1.989342, 43.315143, 9.0], [-1.989378, 43.315122, 9.0], [-1.989412, 43.315098, 8.6], [-1.989442, 43.315072, 8.6], [-1.989469, 43.315044, 8.3], [-1.989475, 43.315037, 8.2], [-1.989486, 43.315025, 8.0], [-1.989511, 43.315, 8.0], [-1.98954, 43.314976, 8.1], [-1.989571, 43.314955, 8.2], [-1.989604, 43.314936, 8.1], [-1.989639, 43.314919, 8.5], [-1.989677, 43.314904, 8.5], [-1.989938, 43.314849, 9.2], [-1.990167, 43.314806, 9.3], [-1.990295, 43.31478, 9.0], [-1.990463, 43.314751, 9.0], [-1.99095, 43.314654, 10.0], [-1.991269, 43.314581, 11.0], [-1.991684, 43.314472, 11.9], [-1.991984, 43.3144, 13.0], [-1.992264, 43.314347, 13.7], [-1.992579, 43.314329, 14.3], [-1.992933, 43.314317, 15.5], [-1.993298, 43.314306, 16.0], [-1.993839, 43.314294, 18.0], [-1.994328, 43.314287, 19.0], [-1.994941, 43.314285, 21.0], [-1.995404, 43.314289, 22.6], [-1.995708, 43.314299, 22.9], [-1.995905, 43.314305, 24.0], [-1.996249, 43.314342, 24.6], [-1.997047, 43.314478, 24.7], [-1.997272, 43.314523, 24.9], [-1.997448, 43.314592, 23.8], [-1.997553, 43.314626, 24.1], [-1.997739, 43.314693, 24.1], [-1.997984, 43.31478, 24.0], [-1.998075, 43.314838, 24.0], [-1.998171, 43.31489, 24.0], [-1.998274, 43.314936, 24.0], [-1.99834, 43.314961, 24.0], [-1.998998, 43.315195, 21.0], [-1.999032, 43.315207, 20.9], [-1.999068, 43.315216, 20.7], [-1.999104, 43.315224, 20.4], [-1.999142, 43.315229, 20.0], [-1.99918, 43.315231, 20.0], [-1.999218, 43.315232, 19.8], [-1.999256, 43.315229, 19.2], [-1.999293, 43.315225, 19.0], [-1.999298, 43.315224, 19.0], [-1.999321, 43.315216, 19.0], [-1.999342, 43.315206, 19.0], [-1.999362, 43.315195, 19.0], [-1.99938, 43.315183, 19.0], [-1.999397, 43.31517, 18.9], [-1.999413, 43.315156, 18.6], [-1.999427, 43.315141, 18.2], [-1.999438, 43.315125, 18.0], [-1.999448, 43.315108, 18.0], [-1.999456, 43.315091, 18.0], [-1.999462, 43.315073, 17.9], [-1.999466, 43.315055, 17.8], [-1.999467, 43.315037, 17.8], [-1.999467, 43.315028, 17.8], [-1.999443, 43.314783, 16.0], [-1.999447, 43.314768, 16.0], [-1.999454, 43.314741, 15.7], [-1.999465, 43.314716, 15.1], [-1.999479, 43.314691, 15.0], [-1.999496, 43.314667, 15.0], [-1.999516, 43.314645, 14.6], [-1.999538, 43.314623, 14.0], [-1.999563, 43.314603, 14.0], [-1.99959, 43.314585, 14.0], [-1.999619, 43.314569, 13.6], [-1.99965, 43.314554, 13.5], [-1.999683, 43.314542, 13.4], [-1.999717, 43.314532, 12.9], [-1.999752, 43.314524, 12.6], [-1.999787, 43.314518, 12.1], [-1.999824, 43.314514, 11.6], [-1.999861, 43.314513, 11.5], [-1.999897, 43.314514, 11.5], [-1.999934, 43.314518, 11.0], [-1.99997, 43.314523, 10.6], [-2.000005, 43.314531, 10.8], [-2.000039, 43.314541, 10.7], [-2.000071, 43.314554, 10.5], [-2.000102, 43.314568, 10.2], [-2.000131, 43.314584, 10.2], [-2.000165, 43.314627, 10.0], [-2.000191, 43.314672, 10.0], [-2.000208, 43.31472, 9.0], [-2.000216, 43.314768, 9.0], [-2.000216, 43.314817, 9.0], [-2.000206, 43.314866, 9.0], [-2.000188, 43.314913, 9.2], [-2.000174, 43.314973, 9.1], [-2.000268, 43.31505, 9.0], [-2.000151, 43.315186, 8.7], [-2.000837, 43.315374, 6.0], [-2.001238, 43.315459, 6.0], [-2.002045, 43.31571, 6.0], [-2.00274, 43.315934, 5.7], [-2.003428, 43.316157, 5.0], [-2.004045, 43.316362, 5.1], [-2.00476, 43.316578, 5.6], [-2.005371, 43.316743, 5.0], [-2.005399, 43.316748, 5.0], [-2.005427, 43.316752, 5.0], [-2.005456, 43.316754, 5.0], [-2.005484, 43.316754, 5.0], [-2.005513, 43.316752, 5.0], [-2.005541, 43.316748, 5.0], [-2.005569, 43.316743, 5.0], [-2.005596, 43.316736, 5.0], [-2.005621, 43.316727, 5.0], [-2.005646, 43.316716, 5.0], [-2.00567, 43.316704, 5.0], [-2.005692, 43.316691, 5.0], [-2.005712, 43.316676, 5.0], [-2.00573, 43.31666, 5.0], [-2.005747, 43.316643, 5.0], [-2.005761, 43.316625, 5.0], [-2.005773, 43.316606, 5.0], [-2.005781, 43.316591, 5.0], [-2.00587, 43.316421, 5.0], [-2.005939, 43.316245, 5.0], [-2.005957, 43.316189, 5.0], [-2.005975, 43.316138, 5.0], [-2.006026, 43.316027, 5.0], [-2.006089, 43.315919, 6.0], [-2.006166, 43.315815, 6.0], [-2.006169, 43.31581, 6.0], [-2.006202, 43.315767, 6.0], [-2.006239, 43.315727, 6.2], [-2.006282, 43.315688, 7.0], [-2.006328, 43.315653, 7.0], [-2.006333, 43.31565, 7.0], [-2.006344, 43.315643, 7.0], [-2.006357, 43.315638, 7.1], [-2.00637, 43.315633, 7.3], [-2.006383, 43.315629, 7.5], [-2.006397, 43.315626, 7.7], [-2.006411, 43.315624, 7.9], [-2.006426, 43.315622, 8.0], [-2.00644, 43.315622, 8.0], [-2.006455, 43.315623, 8.0], [-2.006469, 43.315624, 8.0], [-2.006483, 43.315626, 8.1], [-2.006497, 43.31563, 8.4], [-2.00651, 43.315634, 8.6], [-2.006523, 43.315639, 8.8], [-2.006535, 43.315645, 9.0], [-2.006673, 43.31574, 11.3], [-2.006797, 43.31581, 12.3], [-2.006915, 43.315856, 13.2], [-2.007097, 43.315909, 15.3], [-2.007211, 43.31595, 16.0], [-2.007299, 43.315997, 17.5], [-2.007413, 43.316068, 18.7], [-2.00752, 43.316148, 20.4], [-2.007578, 43.316193, 22.0], [-2.007588, 43.316199, 22.1], [-2.007598, 43.316205, 22.2], [-2.007609, 43.31621, 22.4], [-2.007621, 43.316214, 22.6], [-2.007633, 43.316217, 22.8], [-2.007645, 43.316219, 22.9], [-2.007658, 43.316221, 23.0], [-2.00767, 43.316222, 23.0], [-2.007683, 43.316222, 23.0], [-2.007696, 43.316221, 23.0], [-2.007708, 43.31622, 23.1], [-2.007721, 43.316217, 23.3], [-2.007733, 43.316214, 23.4], [-2.007745, 43.31621, 23.5], [-2.007755, 43.316206, 23.5], [-2.007769, 43.316196, 23.5], [-2.007866, 43.316134, 24.7], [-2.00797, 43.316077, 26.0], [-2.007972, 43.316076, 26.0], [-2.007984, 43.31607, 26.0], [-2.007996, 43.316065, 26.0], [-2.008009, 43.31606, 26.0], [-2.008022, 43.316057, 26.0], [-2.008036, 43.316054, 26.1], [-2.00805, 43.316052, 26.1], [-2.008064, 43.316051, 26.1], [-2.008078, 43.316051, 26.2], [-2.008092, 43.316052, 26.4], [-2.008106, 43.316053, 26.6], [-2.00812, 43.316056, 26.8], [-2.008134, 43.316059, 27.0], [-2.008147, 43.316064, 27.1], [-2.008159, 43.316069, 27.2], [-2.008171, 43.316075, 27.2], [-2.008182, 43.316081, 27.2], [-2.008192, 43.316088, 27.1], [-2.008201, 43.316096, 27.1], [-2.00821, 43.316105, 27.4], [-2.008217, 43.316114, 27.6], [-2.008219, 43.316116, 27.7], [-2.008224, 43.316125, 27.8], [-2.008229, 43.316134, 28.0], [-2.008232, 43.316143, 28.0], [-2.008234, 43.316153, 28.0], [-2.008235, 43.316162, 28.0], [-2.008235, 43.316172, 28.0], [-2.008234, 43.316181, 28.0], [-2.008232, 43.316191, 28.1], [-2.008228, 43.3162, 28.2], [-2.008224, 43.316209, 28.3], [-2.008218, 43.316218, 28.3], [-2.008211, 43.316226, 28.3], [-2.008204, 43.316234, 28.4], [-2.008195, 43.316241, 28.3], [-2.008186, 43.316248, 28.4], [-2.008176, 43.316254, 28.6], [-2.008165, 43.31626, 28.7], [-2.008154, 43.316264, 28.8], [-2.008142, 43.316268, 28.9], [-2.008129, 43.316272, 29.0], [-2.008124, 43.316273, 29.0], [-2.008103, 43.316277, 29.2], [-2.008081, 43.316279, 29.3], [-2.008059, 43.31628, 29.3], [-2.008037, 43.31628, 29.3], [-2.008014, 43.316278, 29.3], [-2.007993, 43.316275, 29.1], [-2.00798, 43.316272, 29.0], [-2.007966, 43.316269, 29.0], [-2.007953, 43.316267, 29.0], [-2.007939, 43.316266, 29.0], [-2.007925, 43.316266, 29.0], [-2.007911, 43.316267, 29.0], [-2.007897, 43.316269, 29.0], [-2.007884, 43.316272, 29.0], [-2.007871, 43.316275, 29.1], [-2.007858, 43.316279, 29.2], [-2.007846, 43.316285, 29.3], [-2.007835, 43.31629, 29.4], [-2.007824, 43.316297, 29.6], [-2.007814, 43.316304, 29.7], [-2.007805, 43.316312, 29.9], [-2.0078, 43.316317, 30.0], [-2.007793, 43.316325, 30.0], [-2.007788, 43.316334, 30.0], [-2.007783, 43.316343, 30.0], [-2.007779, 43.316352, 30.0], [-2.007777, 43.316361, 30.0], [-2.007776, 43.316371, 30.1], [-2.007775, 43.31638, 30.1], [-2.007776, 43.31639, 30.2], [-2.007778, 43.316399, 30.3], [-2.007781, 43.316408, 30.4], [-2.007786, 43.316417, 30.6], [-2.007791, 43.316426, 30.7], [-2.007797, 43.316434, 30.9], [-2.007805, 43.316442, 31.0], [-2.007813, 43.31645, 31.0], [-2.007822, 43.316457, 31.1], [-2.007832, 43.316463, 31.3], [-2.007842, 43.316468, 31.4], [-2.007854, 43.316473, 31.5], [-2.007865, 43.316477, 31.6], [-2.007877, 43.316481, 31.7], [-2.00789, 43.316483, 31.8], [-2.007903, 43.316485, 31.8], [-2.007912, 43.316486, 31.9], [-2.007978, 43.316545, 34.8], [-2.007894, 43.316652, 38.6], [-2.007928, 43.316673, 39.7], [-2.007963, 43.316686, 40.7], [-2.008038, 43.316704, 41.3], [-2.008072, 43.31672, 41.7], [-2.008044, 43.316743, 42.5], [-2.008019, 43.316756, 42.7], [-2.008005, 43.316769, 43.1], [-2.007998, 43.316787, 43.9], [-2.007998, 43.316802, 44.5], [-2.007997, 43.316812, 45.0], [-2.007987, 43.316821, 45.4], [-2.007966, 43.316826, 45.6], [-2.007892, 43.316842, 46.6], [-2.007827, 43.316854, 46.9], [-2.007794, 43.316864, 47.1], [-2.007764, 43.316882, 47.4], [-2.007711, 43.31692, 49.1], [-2.007695, 43.316939, 49.8], [-2.007691, 43.316954, 50.3], [-2.007691, 43.316968, 50.6], [-2.007701, 43.316991, 51.2], [-2.007702, 43.317003, 51.5], [-2.007702, 43.317021, 51.8], [-2.007689, 43.317048, 52.3], [-2.007673, 43.317078, 53.0], [-2.007667, 43.317116, 53.8], [-2.007674, 43.317134, 54.2], [-2.007695, 43.317155, 54.7], [-2.007719, 43.317175, 55.2], [-2.007752, 43.317188, 55.4], [-2.007806, 43.317205, 55.8], [-2.0081, 43.31726, 60.5], [-2.008238, 43.317286, 63.5], [-2.008418, 43.317295, 66.5], [-2.008677, 43.317252, 70.2], [-2.0088, 43.317228, 72.3], [-2.00887, 43.317204, 73.4], [-2.008895, 43.317196, 73.9], [-2.008994, 43.317149, 74.0], [-2.009015, 43.317144, 74.0], [-2.009039, 43.317147, 74.0], [-2.009058, 43.317152, 74.1], [-2.009077, 43.31716, 74.3], [-2.009102, 43.317165, 74.6], [-2.009118, 43.317168, 74.8], [-2.00913, 43.31717, 74.8], [-2.009158, 43.317167, 75.0], [-2.010093, 43.316678, 81.9], [-2.010126, 43.316658, 82.1], [-2.010157, 43.316636, 82.0], [-2.010186, 43.316611, 82.5], [-2.010211, 43.316585, 82.8], [-2.010233, 43.316558, 83.2], [-2.010252, 43.316529, 83.5], [-2.010267, 43.316499, 83.7], [-2.010279, 43.316468, 83.9], [-2.010287, 43.316436, 84.0], [-2.010291, 43.316405, 84.3], [-2.010291, 43.316373, 84.5], [-2.010287, 43.316341, 84.9], [-2.01028, 43.316309, 84.8], [-2.010269, 43.316278, 85.2], [-2.010254, 43.316248, 85.8], [-2.010239, 43.316224, 86.0], [-2.009986, 43.315917, 88.0], [-2.009984, 43.315914, 88.0], [-2.009982, 43.315908, 87.9], [-2.00998, 43.315903, 87.9], [-2.009978, 43.315897, 87.9], [-2.009977, 43.315891, 88.0], [-2.009977, 43.315885, 88.0], [-2.009978, 43.315879, 88.1], [-2.00998, 43.315873, 88.2], [-2.009982, 43.315868, 88.3], [-2.009984, 43.315862, 88.5], [-2.009988, 43.315857, 88.6], [-2.009992, 43.315852, 88.7], [-2.009996, 43.315847, 88.9], [-2.010002, 43.315843, 88.9], [-2.010007, 43.315838, 89.0], [-2.010013, 43.315835, 89.0], [-2.01002, 43.315831, 89.0], [-2.010027, 43.315828, 89.0], [-2.010164, 43.315789, 90.0], [-2.010313, 43.315708, 90.3], [-2.010472, 43.315648, 91.4], [-2.010649, 43.315578, 93.4], [-2.0108, 43.315538, 96.6], [-2.010934, 43.315524, 98.0], [-2.011091, 43.315556, 101.3], [-2.011206, 43.315609, 103.4], [-2.011374, 43.315648, 105.2], [-2.011489, 43.315688, 106.7], [-2.011579, 43.315735, 107.9], [-2.011641, 43.315822, 108.0], [-2.011777, 43.315851, 107.0], [-2.011833, 43.315897, 107.0], [-2.011888, 43.315926, 108.0], [-2.011988, 43.315964, 108.7], [-2.012085, 43.315997, 109.2], [-2.0122, 43.316038, 110.0], [-2.012257, 43.316063, 110.6], [-2.012361, 43.316146, 112.5], [-2.012498, 43.316272, 115.3], [-2.012646, 43.316399, 116.6], [-2.012792, 43.316531, 118.3], [-2.012913, 43.316611, 120.0], [-2.013033, 43.316678, 120.4], [-2.013279, 43.316853, 122.2], [-2.013461, 43.316975, 124.4], [-2.013647, 43.317098, 124.6], [-2.013821, 43.317202, 124.0], [-2.01397, 43.317281, 124.5], [-2.014112, 43.31736, 124.0], [-2.01425, 43.317422, 124.5], [-2.014681, 43.317587, 124.9], [-2.015079, 43.317739, 126.4], [-2.015279, 43.317824, 127.5], [-2.015421, 43.317863, 129.0], [-2.015528, 43.317894, 129.0], [-2.016029, 43.317742, 127.0], [-2.016137, 43.317707, 126.3], [-2.016151, 43.317703, 126.2], [-2.016167, 43.3177, 126.1], [-2.016182, 43.3177, 126.1], [-2.016198, 43.317701, 126.1], [-2.016213, 43.317704, 126.1], [-2.016227, 43.317709, 126.1], [-2.01624, 43.317716, 126.1], [-2.016251, 43.317724, 126.0], [-2.01626, 43.317733, 126.0], [-2.016267, 43.317743, 126.1], [-2.016271, 43.317754, 126.3], [-2.016273, 43.317766, 126.6], [-2.016272, 43.317777, 126.8], [-2.016269, 43.317788, 127.0], [-2.016264, 43.317799, 127.0], [-2.01626, 43.317866, 127.8], [-2.016265, 43.317933, 128.0], [-2.016264, 43.317971, 128.1], [-2.016267, 43.318009, 129.0], [-2.016276, 43.318047, 129.0], [-2.016288, 43.318084, 129.1], [-2.016305, 43.318119, 129.5], [-2.016326, 43.318154, 130.0], [-2.016351, 43.318187, 130.0], [-2.016357, 43.318194, 130.0], [-2.016481, 43.318325, 131.0], [-2.016703, 43.318556, 133.0], [-2.016905, 43.31877, 135.0], [-2.017251, 43.319141, 138.8], [-2.017263, 43.319154, 138.8], [-2.017278, 43.319167, 139.2], [-2.017293, 43.319179, 139.5], [-2.01731, 43.31919, 139.6], [-2.017329, 43.3192, 139.9], [-2.017348, 43.319208, 140.0], [-2.017368, 43.319215, 140.0], [-2.017389, 43.319221, 140.0], [-2.017411, 43.319226, 140.3], [-2.017433, 43.319229, 140.6], [-2.017456, 43.319231, 141.0], [-2.017478, 43.319231, 141.0], [-2.017501, 43.31923, 141.0], [-2.017523, 43.319227, 141.0], [-2.017545, 43.319223, 141.0], [-2.017566, 43.319218, 141.0], [-2.017587, 43.319211, 141.1], [-2.017607, 43.319203, 141.5], [-2.017625, 43.319194, 141.7], [-2.017643, 43.319184, 142.0], [-2.017659, 43.319172, 142.0], [-2.01767, 43.319163, 142.0], [-2.017869, 43.318996, 144.1], [-2.018029, 43.318878, 144.8], [-2.018166, 43.318788, 146.0], [-2.018201, 43.318765, 146.0], [-2.018239, 43.318743, 146.1], [-2.01828, 43.318725, 146.5], [-2.018323, 43.318708, 146.9], [-2.018367, 43.318695, 147.0], [-2.018413, 43.318685, 147.0], [-2.01846, 43.318677, 147.1], [-2.018508, 43.318673, 147.6], [-2.018556, 43.318671, 147.7], [-2.018604, 43.318673, 147.7], [-2.019246, 43.318673, 152.0], [-2.019336, 43.318672, 152.3], [-2.019427, 43.318665, 153.1], [-2.019516, 43.318652, 153.8], [-2.019603, 43.318634, 154.0], [-2.019688, 43.31861, 155.0], [-2.019769, 43.318581, 155.0], [-2.019847, 43.318546, 155.9], [-2.019921, 43.318507, 156.0], [-2.019989, 43.318464, 157.0], [-2.020052, 43.318416, 157.7], [-2.020109, 43.318364, 158.0], [-2.02016, 43.318309, 159.0], [-2.020181, 43.318283, 159.0], [-2.020357, 43.318078, 161.2], [-2.020504, 43.317921, 162.8], [-2.020706, 43.317721, 165.3], [-2.020891, 43.317535, 167.3], [-2.020984, 43.317429, 168.4], [-2.021027, 43.317364, 169.5], [-2.02109, 43.317225, 171.5], [-2.021163, 43.317053, 172.7], [-2.021224, 43.31692, 173.6], [-2.021235, 43.31689, 173.8], [-2.02126, 43.316839, 173.9], [-2.02129, 43.316789, 174.6], [-2.021327, 43.316742, 175.0], [-2.021369, 43.316697, 175.4], [-2.021416, 43.316654, 175.6], [-2.021468, 43.316615, 176.0], [-2.021525, 43.31658, 176.7], [-2.021585, 43.316548, 177.3], [-2.021649, 43.31652, 177.3], [-2.021717, 43.316497, 177.8], [-2.021883, 43.316442, 178.9], [-2.022269, 43.316336, 180.9], [-2.022271, 43.316335, 181.0], [-2.022292, 43.316331, 181.5], [-2.022312, 43.316327, 182.0], [-2.022334, 43.316325, 181.9], [-2.022355, 43.316325, 181.7], [-2.022376, 43.316325, 181.5], [-2.022397, 43.316327, 181.3], [-2.022418, 43.31633, 181.1], [-2.022438, 43.316335, 181.0], [-2.022458, 43.316341, 181.1], [-2.022543, 43.316376, 181.0], [-2.022627, 43.316401, 181.0], [-2.022728, 43.316414, 180.7], [-2.022883, 43.316424, 180.0], [-2.023044, 43.316433, 180.0], [-2.023187, 43.316433, 180.0], [-2.023325, 43.316432, 179.4], [-2.023404, 43.316418, 179.7], [-2.023522, 43.316389, 179.4], [-2.023588, 43.316373, 178.5], [-2.023637, 43.316358, 177.6], [-2.023669, 43.316344, 177.4], [-2.023724, 43.316316, 177.2], [-2.023771, 43.316283, 176.9], [-2.023803, 43.31625, 176.3], [-2.023817, 43.316229, 176.6], [-2.023833, 43.316198, 176.6], [-2.023857, 43.316152, 176.7], [-2.023883, 43.316124, 177.2], [-2.0239, 43.316107, 177.2], [-2.023929, 43.316087, 177.1], [-2.023969, 43.316065, 177.1], [-2.024, 43.316053, 177.0], [-2.024143, 43.316001, 177.6], [-2.024258, 43.315979, 177.6], [-2.024389, 43.315966, 178.0], [-2.024492, 43.315956, 179.0], [-2.024577, 43.315944, 179.3], [-2.024649, 43.315921, 180.0], [-2.024778, 43.315871, 180.2], [-2.024997, 43.315775, 181.5], [-2.025244, 43.315662, 182.8], [-2.025491, 43.315556, 184.4], [-2.025798, 43.31542, 186.8], [-2.026044, 43.315324, 187.5], [-2.026312, 43.315215, 188.0], [-2.026644, 43.31508, 189.9], [-2.026896, 43.314973, 192.0], [-2.026908, 43.314969, 192.1], [-2.026922, 43.314965, 192.3], [-2.026937, 43.314962, 192.5], [-2.026952, 43.31496, 192.7], [-2.026967, 43.314959, 192.8], [-2.026983, 43.314959, 192.8], [-2.026998, 43.31496, 192.8], [-2.027013, 43.314962, 192.7], [-2.027028, 43.314965, 192.7], [-2.027042, 43.314969, 192.7], [-2.027056, 43.314973, 192.8], [-2.02707, 43.314979, 192.9], [-2.027082, 43.314985, 193.0], [-2.027094, 43.314993, 192.8], [-2.027105, 43.315001, 192.5], [-2.027205, 43.315085, 191.0], [-2.027224, 43.3151, 190.6], [-2.027244, 43.315114, 190.3], [-2.027266, 43.315127, 190.0], [-2.027289, 43.315139, 189.5], [-2.027313, 43.315148, 189.1], [-2.027339, 43.315157, 189.0], [-2.027366, 43.315163, 189.0], [-2.027393, 43.315168, 188.9], [-2.02742, 43.315171, 188.5], [-2.027439, 43.315172, 188.3], [-2.027593, 43.31517, 188.1], [-2.027624, 43.31517, 188.0], [-2.027654, 43.315168, 188.0], [-2.027684, 43.315165, 188.0], [-2.027714, 43.315159, 187.7], [-2.027743, 43.315151, 187.2], [-2.02777, 43.315142, 187.0], [-2.027797, 43.315131, 187.0], [-2.027822, 43.315118, 187.0], [-2.027845, 43.315104, 187.0], [-2.027867, 43.315089, 186.9], [-2.027887, 43.315072, 186.5], [-2.027904, 43.315053, 186.1], [-2.02792, 43.315034, 186.0], [-2.027933, 43.315014, 186.0], [-2.02794, 43.315, 186.0], [-2.027985, 43.314945, 186.0], [-2.028018, 43.314924, 186.0], [-2.028053, 43.314907, 186.0], [-2.028087, 43.314896, 185.8], [-2.028116, 43.314892, 185.6], [-2.028162, 43.314889, 185.6], [-2.028215, 43.314887, 185.6], [-2.028287, 43.314884, 185.2], [-2.028348, 43.314879, 184.7], [-2.028407, 43.314866, 185.2], [-2.028481, 43.314854, 184.7], [-2.028521, 43.314851, 184.5], [-2.028534, 43.314849, 184.5], [-2.028573, 43.314848, 184.5], [-2.028611, 43.314848, 184.1], [-2.028649, 43.314851, 183.8], [-2.028687, 43.314857, 183.4], [-2.028724, 43.314864, 182.7], [-2.02876, 43.314875, 182.0], [-2.028794, 43.314887, 181.8], [-2.029013, 43.314962, 180.1], [-2.029054, 43.314971, 179.9], [-2.029095, 43.314977, 179.8], [-2.029138, 43.31498, 179.5], [-2.029181, 43.314981, 179.0], [-2.029223, 43.314978, 179.0], [-2.029265, 43.314974, 179.0], [-2.029307, 43.314966, 178.9], [-2.029329, 43.314961, 178.8], [-2.029467, 43.314931, 178.6], [-2.029635, 43.314884, 178.9], [-2.029807, 43.314831, 180.3], [-2.029908, 43.314774, 181.5], [-2.030137, 43.314652, 183.3], [-2.03041, 43.314496, 184.1], [-2.030662, 43.314358, 185.0], [-2.030729, 43.314311, 185.0], [-2.03084, 43.314223, 185.1], [-2.030982, 43.3141, 184.0], [-2.031108, 43.313993, 182.9], [-2.031129, 43.313978, 182.6], [-2.03121, 43.313926, 182.0], [-2.031297, 43.313879, 180.9], [-2.031389, 43.313838, 180.2], [-2.031485, 43.313803, 179.5], [-2.031585, 43.313775, 179.0], [-2.031599, 43.313772, 179.0], [-2.031612, 43.313769, 178.9], [-2.031625, 43.313765, 178.8], [-2.031637, 43.313761, 178.7], [-2.031649, 43.313755, 178.6], [-2.03166, 43.313749, 178.6], [-2.03167, 43.313742, 178.7], [-2.031679, 43.313734, 178.9], [-2.031688, 43.313726, 179.1], [-2.031695, 43.313718, 179.2], [-2.031701, 43.313709, 179.4], [-2.031707, 43.313699, 179.7], [-2.031711, 43.31369, 179.9], [-2.031713, 43.313683, 180.0], [-2.031765, 43.313581, 181.1], [-2.031797, 43.313528, 181.5], [-2.031836, 43.313478, 182.6], [-2.03188, 43.31343, 183.0], [-2.031929, 43.313384, 183.7], [-2.031974, 43.313354, 184.4], [-2.032029, 43.313321, 184.4], [-2.032088, 43.313292, 185.1], [-2.03215, 43.313267, 185.3], [-2.032306, 43.313225, 185.3], [-2.032465, 43.313189, 184.3], [-2.032564, 43.313171, 184.6], [-2.032666, 43.313158, 184.0], [-2.032768, 43.31315, 184.1], [-2.032937, 43.313152, 184.1], [-2.033106, 43.313152, 183.2], [-2.033163, 43.313154, 183.1], [-2.03322, 43.313152, 183.3], [-2.033276, 43.313146, 183.5], [-2.033375, 43.31313, 184.0], [-2.033473, 43.313109, 183.2], [-2.033621, 43.313067, 184.1], [-2.033762, 43.313013, 184.0], [-2.033843, 43.312989, 183.7], [-2.034187, 43.312882, 183.6], [-2.034349, 43.312845, 183.9], [-2.034538, 43.312805, 184.1], [-2.034771, 43.312759, 184.3], [-2.034943, 43.312708, 183.9], [-2.035119, 43.312655, 183.7], [-2.035346, 43.312586, 182.6], [-2.03554, 43.312537, 181.5], [-2.035714, 43.312492, 180.8], [-2.035819, 43.312461, 179.9], [-2.036052, 43.312378, 178.1], [-2.036263, 43.312309, 177.2], [-2.036464, 43.312248, 176.9], [-2.036692, 43.312182, 177.1], [-2.036999, 43.312115, 175.7], [-2.037536, 43.312021, 175.9], [-2.037691, 43.312002, 177.1], [-2.037794, 43.311984, 177.8], [-2.038153, 43.311866, 178.4], [-2.038295, 43.311814, 178.4], [-2.038436, 43.311774, 178.5], [-2.038587, 43.311744, 178.0], [-2.038748, 43.311758, 176.2], [-2.038877, 43.31178, 174.6], [-2.039251, 43.311852, 170.3], [-2.039627, 43.311913, 165.9], [-2.039956, 43.311747, 165.0], [-2.040145, 43.31166, 165.0], [-2.040653, 43.311447, 165.0], [-2.040852, 43.311352, 165.1], [-2.040978, 43.311294, 165.6], [-2.041099, 43.311236, 166.7], [-2.041229, 43.311172, 166.4], [-2.041415, 43.311083, 167.6], [-2.041536, 43.311046, 168.2], [-2.04167, 43.310999, 168.2], [-2.041807, 43.310921, 169.1], [-2.041848, 43.310858, 169.4], [-2.041883, 43.310764, 170.0], [-2.041927, 43.310452, 172.8], [-2.041971, 43.310341, 174.3], [-2.042081, 43.310193, 176.9], [-2.042108, 43.31012, 178.0], [-2.042144, 43.309949, 178.0], [-2.042159, 43.309911, 177.7], [-2.042209, 43.309857, 177.9], [-2.042255, 43.309825, 177.2], [-2.042376, 43.309761, 178.0], [-2.042651, 43.309644, 178.0], [-2.042831, 43.309581, 177.9], [-2.04301, 43.309526, 177.5], [-2.043196, 43.309484, 177.4], [-2.04337, 43.309445, 177.3], [-2.043489, 43.309413, 177.0], [-2.043559, 43.309386, 176.7], [-2.043564, 43.309385, 176.7], [-2.043569, 43.309383, 176.7], [-2.043573, 43.30938, 176.8], [-2.043577, 43.309377, 176.8], [-2.043581, 43.309375, 176.8], [-2.043584, 43.309371, 176.8], [-2.043587, 43.309368, 176.7], [-2.04359, 43.309365, 176.7], [-2.043592, 43.309361, 176.7], [-2.043593, 43.309357, 176.8], [-2.043595, 43.309353, 176.8], [-2.043595, 43.309349, 176.8], [-2.043596, 43.309345, 176.8], [-2.043595, 43.309341, 176.9], [-2.043595, 43.309338, 176.9], [-2.043594, 43.309334, 176.9], [-2.043592, 43.30933, 177.0], [-2.04359, 43.309326, 177.0], [-2.043588, 43.309323, 177.0], [-2.043475, 43.309201, 178.4], [-2.043473, 43.309197, 178.5], [-2.04347, 43.309192, 178.6], [-2.043468, 43.309187, 178.7], [-2.043467, 43.309181, 178.7], [-2.043466, 43.309176, 178.7], [-2.043466, 43.30917, 178.7], [-2.043467, 43.309165, 178.7], [-2.043468, 43.309159, 178.7], [-2.04347, 43.309154, 178.7], [-2.043472, 43.309149, 178.6], [-2.043476, 43.309144, 178.6], [-2.043479, 43.309139, 178.7], [-2.043484, 43.309134, 178.7], [-2.043489, 43.30913, 178.7], [-2.043494, 43.309126, 178.7], [-2.043561, 43.309071, 178.9], [-2.043702, 43.308972, 178.9], [-2.044001, 43.308787, 178.3], [-2.044184, 43.308683, 179.5], [-2.044468, 43.308563, 181.3], [-2.044927, 43.308377, 183.3], [-2.045091, 43.308315, 183.3], [-2.045417, 43.308226, 184.4], [-2.045702, 43.308149, 186.9], [-2.045823, 43.308095, 187.7], [-2.045982, 43.308002, 189.3], [-2.046109, 43.307942, 190.3], [-2.046224, 43.307889, 190.6], [-2.046356, 43.307841, 191.6], [-2.046485, 43.307803, 191.8], [-2.046616, 43.307768, 192.4], [-2.046784, 43.307721, 193.0], [-2.046891, 43.307682, 193.4], [-2.046986, 43.307637, 194.4], [-2.047119, 43.307557, 194.9], [-2.047225, 43.307485, 194.7], [-2.047348, 43.307434, 194.2], [-2.047556, 43.307382, 193.9], [-2.047706, 43.307352, 194.3], [-2.047849, 43.307313, 194.1], [-2.048076, 43.307244, 192.1], [-2.048298, 43.307196, 190.1], [-2.048452, 43.307168, 188.7], [-2.048693, 43.307138, 188.8], [-2.048824, 43.307121, 188.0], [-2.048976, 43.307086, 188.0], [-2.049125, 43.307046, 188.3], [-2.049278, 43.307006, 188.0], [-2.049441, 43.306973, 188.4], [-2.04959, 43.306951, 187.9], [-2.049809, 43.306942, 187.7], [-2.05007, 43.306953, 186.9], [-2.050274, 43.306962, 186.0], [-2.050467, 43.306975, 184.5], [-2.050573, 43.306979, 184.0], [-2.050656, 43.306973, 184.0], [-2.050756, 43.306957, 184.0], [-2.050912, 43.306927, 184.3], [-2.051328, 43.30684, 184.7], [-2.051636, 43.306782, 186.0], [-2.051865, 43.30673, 186.9], [-2.052203, 43.306655, 189.9], [-2.052258, 43.306647, 190.0], [-2.052337, 43.30664, 190.1], [-2.052416, 43.306638, 190.1], [-2.052496, 43.306642, 190.4], [-2.052575, 43.30665, 191.1], [-2.052652, 43.306663, 191.5], [-2.052728, 43.306681, 191.9], [-2.05303, 43.30678, 192.2], [-2.053152, 43.306801, 192.0], [-2.053267, 43.30681, 192.7], [-2.053415, 43.306812, 193.0], [-2.053674, 43.306808, 193.0], [-2.053769, 43.306792, 193.2], [-2.053852, 43.306773, 193.6], [-2.053996, 43.306724, 193.7], [-2.05415, 43.306669, 194.1], [-2.05426, 43.306633, 194.8], [-2.05445, 43.306588, 197.0], [-2.054557, 43.306565, 197.4], [-2.054684, 43.30655, 197.9], [-2.054952, 43.306522, 199.0], [-2.054966, 43.306521, 199.1], [-2.054979, 43.306519, 199.2], [-2.054993, 43.306516, 199.3], [-2.055005, 43.306512, 199.5], [-2.055018, 43.306508, 199.7], [-2.05503, 43.306503, 199.9], [-2.055041, 43.306497, 200.0], [-2.055052, 43.30649, 200.0], [-2.055061, 43.306483, 200.0], [-2.05507, 43.306475, 200.0], [-2.055078, 43.306467, 200.0], [-2.055084, 43.306458, 200.0], [-2.05509, 43.306448, 200.1], [-2.055095, 43.306439, 200.3], [-2.055098, 43.306429, 200.5], [-2.055099, 43.306424, 200.6], [-2.0551, 43.306421, 200.7], [-2.055103, 43.306417, 200.8], [-2.055106, 43.306413, 200.8], [-2.055109, 43.306409, 200.9], [-2.055113, 43.306406, 201.0], [-2.055117, 43.306402, 201.0], [-2.055122, 43.306399, 201.0], [-2.055127, 43.306397, 201.0], [-2.055132, 43.306394, 201.0], [-2.055137, 43.306392, 201.0], [-2.055143, 43.30639, 201.0], [-2.055149, 43.306389, 200.9], [-2.055155, 43.306388, 200.8], [-2.055161, 43.306388, 200.7], [-2.05528, 43.306383, 199.9], [-2.055531, 43.306365, 198.0], [-2.055669, 43.306362, 198.0], [-2.055803, 43.306379, 198.0], [-2.05596, 43.306411, 197.0], [-2.056062, 43.30642, 197.0], [-2.056083, 43.306422, 197.0], [-2.056103, 43.306423, 197.0], [-2.056124, 43.306422, 197.0], [-2.056145, 43.30642, 197.0], [-2.056165, 43.306417, 197.0], [-2.056185, 43.306413, 197.0], [-2.056204, 43.306407, 197.0], [-2.056223, 43.3064, 196.9], [-2.05624, 43.306393, 196.7], [-2.056257, 43.306383, 196.7], [-2.056272, 43.306373, 196.9], [-2.056276, 43.306371, 197.0], [-2.056331, 43.306336, 197.6], [-2.056482, 43.306214, 199.4], [-2.056567, 43.306141, 200.2], [-2.056671, 43.306098, 201.2], [-2.056866, 43.306047, 203.2], [-2.057086, 43.305984, 204.8], [-2.057223, 43.305936, 205.8], [-2.057419, 43.305842, 206.0], [-2.057588, 43.305757, 206.9], [-2.05783, 43.305645, 210.0], [-2.058153, 43.305525, 212.4], [-2.058385, 43.305475, 214.1], [-2.058685, 43.305427, 215.9], [-2.059164, 43.305367, 218.0], [-2.059509, 43.305347, 219.7], [-2.059622, 43.305333, 220.0], [-2.059692, 43.305319, 220.5], [-2.0598, 43.305275, 222.0], [-2.059903, 43.305219, 222.3], [-2.060083, 43.305148, 222.7], [-2.060352, 43.305054, 222.9], [-2.060694, 43.304927, 221.9], [-2.060867, 43.304845, 221.7], [-2.060964, 43.304805, 222.0], [-2.060991, 43.304798, 222.0], [-2.06102, 43.304793, 222.0], [-2.06105, 43.304792, 222.0], [-2.06108, 43.304794, 222.0], [-2.061108, 43.3048, 222.3], [-2.061135, 43.304808, 222.8], [-2.06116, 43.30482, 223.0], [-2.061183, 43.304834, 223.0], [-2.0613, 43.304927, 225.4], [-2.061418, 43.305, 227.4], [-2.061426, 43.305004, 227.5], [-2.061433, 43.305007, 227.6], [-2.061441, 43.305009, 227.8], [-2.061449, 43.305011, 227.9], [-2.061457, 43.305013, 228.0], [-2.061466, 43.305014, 228.0], [-2.061474, 43.305014, 228.0], [-2.061482, 43.305014, 228.0], [-2.061491, 43.305013, 228.0], [-2.061499, 43.305012, 228.0], [-2.061507, 43.30501, 228.0], [-2.061515, 43.305008, 228.0], [-2.061523, 43.305005, 228.0], [-2.06153, 43.305002, 228.1], [-2.061537, 43.304998, 228.1], [-2.061543, 43.304994, 228.2], [-2.061549, 43.304989, 228.3], [-2.061554, 43.304985, 228.4], [-2.061701, 43.304889, 230.9], [-2.06182, 43.304815, 232.9], [-2.061954, 43.304737, 235.3], [-2.062068, 43.304689, 236.4], [-2.062128, 43.304673, 236.8], [-2.062385, 43.304661, 236.1], [-2.062538, 43.304653, 236.3], [-2.062668, 43.304638, 236.4], [-2.06285, 43.304608, 236.3], [-2.063096, 43.304537, 236.5], [-2.063327, 43.304479, 236.3], [-2.063494, 43.304419, 236.7], [-2.063726, 43.304322, 237.0], [-2.06389, 43.304239, 236.8], [-2.064018, 43.304157, 236.8], [-2.064146, 43.304057, 236.3], [-2.064246, 43.303955, 236.1], [-2.064305, 43.303845, 235.2], [-2.064327, 43.303755, 235.0], [-2.064339, 43.30368, 234.5], [-2.064357, 43.303629, 234.3], [-2.064377, 43.303597, 233.9], [-2.064449, 43.303503, 231.8], [-2.064513, 43.303426, 231.6], [-2.064583, 43.303332, 231.4], [-2.064608, 43.303296, 231.6], [-2.064613, 43.303288, 231.6], [-2.064619, 43.303281, 231.4], [-2.064627, 43.303275, 231.3], [-2.064637, 43.30327, 231.3], [-2.064647, 43.303266, 231.3], [-2.064658, 43.303264, 231.2], [-2.06467, 43.303262, 231.2], [-2.064681, 43.303263, 231.1], [-2.064693, 43.303265, 231.0], [-2.064703, 43.303268, 231.1], [-2.064713, 43.303272, 231.2], [-2.064722, 43.303277, 231.1], [-2.06473, 43.303284, 231.1], [-2.064736, 43.303291, 231.0], [-2.06481, 43.30342, 231.1], [-2.064921, 43.303569, 231.5], [-2.065006, 43.303636, 232.3], [-2.065097, 43.303678, 233.5], [-2.065218, 43.303706, 233.8], [-2.065329, 43.303708, 234.8], [-2.0654, 43.303699, 235.7], [-2.065533, 43.303656, 238.0], [-2.065671, 43.303619, 238.8], [-2.065772, 43.303589, 240.0], [-2.06589, 43.303544, 240.2], [-2.066045, 43.303483, 239.8], [-2.066213, 43.303421, 239.7], [-2.066469, 43.303331, 243.2], [-2.066683, 43.303255, 245.2], [-2.066847, 43.303191, 246.1], [-2.067032, 43.303131, 245.8], [-2.067149, 43.303083, 245.2], [-2.067261, 43.303035, 245.6], [-2.067489, 43.302941, 246.6], [-2.067657, 43.302865, 246.9], [-2.067831, 43.302804, 249.0], [-2.067899, 43.302779, 248.9], [-2.067974, 43.30276, 248.6], [-2.068067, 43.302711, 249.2], [-2.068196, 43.302673, 248.7], [-2.068328, 43.302641, 248.2], [-2.068388, 43.302642, 247.2], [-2.068535, 43.302665, 246.5], [-2.068611, 43.30267, 246.7], [-2.068685, 43.302661, 246.6], [-2.068813, 43.302616, 246.1], [-2.069014, 43.302532, 247.1], [-2.069267, 43.302437, 248.1], [-2.069356, 43.302416, 247.1], [-2.069494, 43.302413, 247.0], [-2.069569, 43.302406, 247.4], [-2.069656, 43.302381, 246.7], [-2.069897, 43.302289, 243.0], [-2.070126, 43.302205, 239.2], [-2.070237, 43.302158, 237.7], [-2.070305, 43.302117, 236.5], [-2.070366, 43.302058, 235.8], [-2.070423, 43.302034, 234.4], [-2.070476, 43.302027, 233.5], [-2.070592, 43.302081, 232.2], [-2.07076, 43.302175, 231.1], [-2.070865, 43.302259, 230.9], [-2.070947, 43.302347, 232.7], [-2.071008, 43.302441, 231.2], [-2.071076, 43.302507, 230.0], [-2.071181, 43.302573, 228.3], [-2.071253, 43.302601, 227.9], [-2.071338, 43.302617, 227.2], [-2.071426, 43.302613, 227.4], [-2.071557, 43.302586, 228.4], [-2.071822, 43.302525, 230.5], [-2.072065, 43.302449, 232.5], [-2.072304, 43.302372, 233.6], [-2.07248, 43.302327, 233.5], [-2.072603, 43.302321, 232.8], [-2.072722, 43.302343, 232.5], [-2.072814, 43.302386, 232.6], [-2.072897, 43.302447, 233.0], [-2.072955, 43.302508, 233.9], [-2.072996, 43.302533, 234.6], [-2.073021, 43.30254, 235.0], [-2.073023, 43.30254, 235.0], [-2.073025, 43.302541, 235.0], [-2.073027, 43.302541, 235.0], [-2.07303, 43.302541, 235.0], [-2.073032, 43.302541, 235.0], [-2.073034, 43.302541, 235.0], [-2.073036, 43.302541, 235.0], [-2.073038, 43.30254, 235.0], [-2.07304, 43.30254, 235.0], [-2.073042, 43.302539, 235.0], [-2.073043, 43.302538, 235.0], [-2.073045, 43.302537, 235.0], [-2.073047, 43.302536, 235.0], [-2.073048, 43.302535, 235.0], [-2.07305, 43.302534, 235.0], [-2.073051, 43.302533, 235.0], [-2.073052, 43.302531, 235.0], [-2.073053, 43.30253, 235.0], [-2.073053, 43.302529, 235.0], [-2.073054, 43.302527, 235.0], [-2.073054, 43.302526, 235.0], [-2.073058, 43.302481, 234.8], [-2.073092, 43.302321, 235.0], [-2.073148, 43.30217, 236.0], [-2.073156, 43.302051, 237.0], [-2.073156, 43.302032, 237.4], [-2.073153, 43.302012, 237.9], [-2.073149, 43.301982, 238.6], [-2.073141, 43.301962, 239.2], [-2.073141, 43.301953, 239.4], [-2.073144, 43.301942, 239.6], [-2.073169, 43.301927, 239.5], [-2.07319, 43.301917, 239.4], [-2.073209, 43.301912, 239.2], [-2.073226, 43.30191, 238.8], [-2.073238, 43.30191, 238.5], [-2.073252, 43.301915, 237.9], [-2.073271, 43.301922, 237.2], [-2.073288, 43.301926, 236.8], [-2.073303, 43.301929, 236.5], [-2.073314, 43.30193, 236.2], [-2.073341, 43.301934, 235.6], [-2.073358, 43.301934, 235.6], [-2.073372, 43.301934, 235.6], [-2.073379, 43.301938, 235.6], [-2.073389, 43.301943, 235.4], [-2.073398, 43.301946, 235.4], [-2.07341, 43.301948, 235.3], [-2.073424, 43.301947, 235.4], [-2.073605, 43.301929, 233.6], [-2.07376, 43.301908, 231.5], [-2.073882, 43.301887, 229.3], [-2.073997, 43.301857, 227.5], [-2.074107, 43.301825, 225.9], [-2.074228, 43.301798, 224.0], [-2.074365, 43.301766, 222.1], [-2.074494, 43.301732, 220.7], [-2.074557, 43.301706, 220.1], [-2.074599, 43.301674, 220.0], [-2.074648, 43.301643, 219.3], [-2.074685, 43.301621, 219.2], [-2.074693, 43.301583, 218.5], [-2.074686, 43.301524, 217.5], [-2.074688, 43.301469, 217.2], [-2.074697, 43.301423, 215.9], [-2.074712, 43.301369, 214.7], [-2.07472, 43.301286, 214.3], [-2.074869, 43.301135, 209.8], [-2.075013, 43.300977, 209.1], [-2.075085, 43.300885, 211.7], [-2.075197, 43.300969, 210.3], [-2.075328, 43.301026, 213.4], [-2.07541, 43.301078, 212.0], [-2.075496, 43.301102, 211.4], [-2.075584, 43.301095, 212.2], [-2.075653, 43.301086, 211.9], [-2.075709, 43.301065, 212.7], [-2.075794, 43.301042, 213.2], [-2.075918, 43.301003, 214.1], [-2.07601, 43.300973, 215.9], [-2.07617, 43.300952, 215.9], [-2.07625, 43.300946, 217.2], [-2.076323, 43.30095, 218.2], [-2.076393, 43.300968, 219.5], [-2.07644, 43.300993, 220.2], [-2.07649, 43.301012, 220.6], [-2.076556, 43.301021, 221.0], [-2.07662, 43.301019, 221.1], [-2.076671, 43.30101, 220.9], [-2.076717, 43.300993, 221.4], [-2.076762, 43.300995, 221.5], [-2.076814, 43.300999, 221.9], [-2.076861, 43.300995, 221.2], [-2.076923, 43.300974, 221.6], [-2.077001, 43.300949, 222.0], [-2.077091, 43.300922, 222.1], [-2.07716, 43.300906, 222.3], [-2.077208, 43.30088, 223.0], [-2.077262, 43.300863, 223.2], [-2.077331, 43.300846, 222.8], [-2.0774, 43.300827, 222.3], [-2.07744, 43.300808, 222.1], [-2.077488, 43.300784, 221.9], [-2.077547, 43.300765, 222.0], [-2.0776, 43.300744, 221.7], [-2.07766, 43.300727, 221.4], [-2.077703, 43.300703, 221.3], [-2.077738, 43.300675, 221.3], [-2.077767, 43.300661, 221.2], [-2.07782, 43.300647, 220.7], [-2.077881, 43.300635, 219.9], [-2.077916, 43.300623, 219.6], [-2.077953, 43.300613, 218.7], [-2.077998, 43.300596, 217.9], [-2.078038, 43.300571, 217.8], [-2.078062, 43.300547, 217.7], [-2.078098, 43.300527, 217.0], [-2.078147, 43.300504, 216.6], [-2.07819, 43.300497, 216.2], [-2.078231, 43.300502, 215.7], [-2.078296, 43.300548, 214.8], [-2.078324, 43.300588, 214.2], [-2.078336, 43.300614, 213.7], [-2.078346, 43.300648, 213.8], [-2.078367, 43.300674, 213.6], [-2.0784, 43.300703, 213.4], [-2.078439, 43.300732, 213.0], [-2.078475, 43.300759, 212.7], [-2.078515, 43.300798, 212.4], [-2.078544, 43.300826, 212.4], [-2.07858, 43.300855, 212.2], [-2.078617, 43.300874, 212.2], [-2.07865, 43.300883, 211.9], [-2.078685, 43.300892, 211.7], [-2.078714, 43.300894, 211.7], [-2.078725, 43.300893, 211.7], [-2.078777, 43.300836, 213.0], [-2.078803, 43.300813, 213.5], [-2.078815, 43.300793, 214.0], [-2.078827, 43.300776, 214.3], [-2.078839, 43.300755, 214.8], [-2.078882, 43.300666, 216.0], [-2.078913, 43.300578, 217.0], [-2.078929, 43.300542, 217.6], [-2.078992, 43.300429, 219.1], [-2.079024, 43.300382, 220.1], [-2.079078, 43.300321, 220.6], [-2.079208, 43.300179, 222.8], [-2.079264, 43.300116, 223.4], [-2.079319, 43.300031, 224.4], [-2.079368, 43.299936, 225.1], [-2.079394, 43.299855, 226.2], [-2.079394, 43.299798, 226.6], [-2.079385, 43.299683, 226.5], [-2.079369, 43.299588, 225.7], [-2.079368, 43.29949, 225.8], [-2.079376, 43.299423, 226.0], [-2.079393, 43.299369, 226.0], [-2.079432, 43.299308, 226.1], [-2.079473, 43.299274, 226.8], [-2.079548, 43.299242, 226.6], [-2.079629, 43.299229, 227.0], [-2.079726, 43.299242, 227.0], [-2.07981, 43.299283, 228.3], [-2.079924, 43.299383, 230.4], [-2.080025, 43.299471, 230.4], [-2.080122, 43.299591, 231.4], [-2.080209, 43.299685, 232.0], [-2.080302, 43.299748, 233.4], [-2.080418, 43.299813, 233.0], [-2.080507, 43.299865, 232.8], [-2.080551, 43.2999, 233.0], [-2.080603, 43.299963, 233.4], [-2.08078, 43.300274, 237.3], [-2.08079, 43.300281, 237.5], [-2.080802, 43.300287, 237.7], [-2.080815, 43.300291, 237.9], [-2.080829, 43.300293, 238.0], [-2.080842, 43.300294, 238.0], [-2.080856, 43.300293, 238.0], [-2.08087, 43.300291, 238.0], [-2.080883, 43.300286, 238.0], [-2.080894, 43.300281, 238.1], [-2.080905, 43.300274, 238.3], [-2.080913, 43.300266, 238.5], [-2.080919, 43.300256, 238.7], [-2.080924, 43.300247, 238.8], [-2.080918, 43.300188, 239.0], [-2.080916, 43.300147, 239.3], [-2.080945, 43.300032, 240.2], [-2.081018, 43.29993, 242.0], [-2.081095, 43.299878, 242.8], [-2.0812, 43.299817, 244.0], [-2.081287, 43.299758, 244.4], [-2.081369, 43.299695, 245.0], [-2.081439, 43.299653, 245.0], [-2.081503, 43.29962, 245.5], [-2.081558, 43.299586, 245.4], [-2.081598, 43.299559, 245.5], [-2.08163, 43.299519, 245.1], [-2.081672, 43.299484, 245.2], [-2.081751, 43.299438, 244.2], [-2.081829, 43.299394, 244.4], [-2.081906, 43.299351, 243.2], [-2.081969, 43.299306, 242.4], [-2.082023, 43.299256, 241.8], [-2.08207, 43.299204, 241.0], [-2.08212, 43.299165, 241.2], [-2.082192, 43.299125, 241.7], [-2.082288, 43.299086, 241.3], [-2.082386, 43.299033, 242.3], [-2.082484, 43.298995, 241.9], [-2.082564, 43.298944, 242.1], [-2.082641, 43.298898, 241.5], [-2.082711, 43.298861, 240.9], [-2.082789, 43.298865, 241.1], [-2.082869, 43.298878, 241.4], [-2.082953, 43.298884, 241.5], [-2.083051, 43.298876, 242.6], [-2.083141, 43.29886, 242.8], [-2.08324, 43.298834, 243.5], [-2.083322, 43.298795, 244.4], [-2.083385, 43.298759, 245.0], [-2.083433, 43.298721, 245.8], [-2.083486, 43.298674, 246.2], [-2.08351, 43.298635, 246.7], [-2.083548, 43.298608, 247.1], [-2.083615, 43.29858, 247.0], [-2.083704, 43.298551, 246.3], [-2.083795, 43.298507, 246.3], [-2.083891, 43.298462, 246.7], [-2.084006, 43.298403, 246.0], [-2.084166, 43.298306, 247.1], [-2.084313, 43.298203, 247.3], [-2.08443, 43.298102, 246.7], [-2.084565, 43.297976, 245.4], [-2.084662, 43.297881, 245.2], [-2.08475, 43.297843, 243.6], [-2.084907, 43.297933, 246.0], [-2.085109, 43.298014, 247.8], [-2.085374, 43.298011, 248.1], [-2.085615, 43.298013, 250.1], [-2.085865, 43.297964, 253.1], [-2.086131, 43.297858, 257.0], [-2.086273, 43.297756, 259.1], [-2.086416, 43.297593, 262.3], [-2.086559, 43.297366, 265.5], [-2.08671, 43.297197, 266.5], [-2.086907, 43.297067, 267.2], [-2.087072, 43.296955, 268.2], [-2.087292, 43.296792, 270.3], [-2.087567, 43.296657, 271.6], [-2.087857, 43.296523, 273.2], [-2.088265, 43.296361, 274.4], [-2.08839, 43.296294, 274.7], [-2.088493, 43.296198, 275.4], [-2.088556, 43.296136, 274.6], [-2.088631, 43.296114, 273.8], [-2.088731, 43.296135, 273.5], [-2.088949, 43.296197, 272.8], [-2.089115, 43.296243, 271.5], [-2.089274, 43.296302, 266.3], [-2.089452, 43.296407, 271.8], [-2.089547, 43.296439, 274.2], [-2.089654, 43.296461, 275.5], [-2.089774, 43.296476, 279.1], [-2.089896, 43.296469, 282.3], [-2.089994, 43.296445, 284.9], [-2.090545, 43.296242, 289.2], [-2.090441, 43.29621, 290.9], [-2.090352, 43.296161, 291.4], [-2.09032, 43.2961, 292.2], [-2.090338, 43.296039, 293.2], [-2.090443, 43.295936, 294.9], [-2.090739, 43.295723, 297.2], [-2.090892, 43.295655, 297.2], [-2.091097, 43.295555, 297.7], [-2.09124, 43.295491, 298.0], [-2.091558, 43.29534, 298.0], [-2.091859, 43.295201, 299.0], [-2.092063, 43.295109, 300.0], [-2.0923, 43.295002, 302.0], [-2.0925, 43.294909, 304.1], [-2.092569, 43.29485, 305.4], [-2.092585, 43.294822, 306.0], [-2.092602, 43.294765, 306.0], [-2.092603, 43.294764, 306.0], [-2.092606, 43.294761, 306.0], [-2.092609, 43.294758, 306.0], [-2.092612, 43.294756, 306.0], [-2.092615, 43.294753, 306.0], [-2.092619, 43.294751, 306.0], [-2.092623, 43.294749, 305.9], [-2.092627, 43.294748, 305.8], [-2.092631, 43.294746, 305.8], [-2.092635, 43.294745, 305.7], [-2.09264, 43.294745, 305.6], [-2.092644, 43.294744, 305.6], [-2.092649, 43.294744, 305.5], [-2.092952, 43.294733, 302.7], [-2.093, 43.294743, 301.9], [-2.093004, 43.294744, 301.8], [-2.093008, 43.294745, 301.8], [-2.093012, 43.294746, 301.8], [-2.093016, 43.294746, 301.8], [-2.09302, 43.294746, 301.8], [-2.093024, 43.294746, 301.8], [-2.093029, 43.294746, 301.8], [-2.093033, 43.294745, 301.8], [-2.093037, 43.294744, 301.8], [-2.093041, 43.294743, 301.9], [-2.093044, 43.294742, 301.9], [-2.093048, 43.29474, 301.9], [-2.093051, 43.294738, 302.0], [-2.093054, 43.294736, 302.0], [-2.093057, 43.294734, 302.1], [-2.09306, 43.294731, 302.1], [-2.093062, 43.294729, 302.1], [-2.093064, 43.294726, 302.2], [-2.093066, 43.294723, 302.2], [-2.093092, 43.294666, 302.9], [-2.093121, 43.294581, 304.5], [-2.093155, 43.294533, 305.2], [-2.093204, 43.294486, 305.6], [-2.093259, 43.294434, 306.0], [-2.093335, 43.294383, 306.0], [-2.093423, 43.294339, 305.9], [-2.093594, 43.294234, 305.5], [-2.093706, 43.294182, 305.6], [-2.093909, 43.294096, 306.0], [-2.094146, 43.293998, 305.8], [-2.094239, 43.293959, 306.3], [-2.094421, 43.293897, 306.7], [-2.094655, 43.293815, 307.6], [-2.095004, 43.293697, 307.7], [-2.095094, 43.293674, 307.9], [-2.09519, 43.293678, 307.8], [-2.095264, 43.293692, 308.3], [-2.095367, 43.293729, 308.3], [-2.095474, 43.29374, 309.6], [-2.095657, 43.293726, 309.9], [-2.09591, 43.293674, 309.9], [-2.096024, 43.293629, 309.3], [-2.09617, 43.293542, 309.6], [-2.096316, 43.29343, 308.9], [-2.096483, 43.293345, 309.1], [-2.096873, 43.29318, 309.6], [-2.097218, 43.293034, 310.4], [-2.0975, 43.292913, 311.4], [-2.097703, 43.292827, 312.2], [-2.097936, 43.292727, 313.0], [-2.098112, 43.292653, 313.9], [-2.098299, 43.292615, 314.1], [-2.098301, 43.292614, 314.1], [-2.098304, 43.292614, 314.1], [-2.098306, 43.292613, 314.1], [-2.098309, 43.292612, 314.1], [-2.098311, 43.29261, 314.2], [-2.098313, 43.292609, 314.2], [-2.098315, 43.292607, 314.2], [-2.098316, 43.292606, 314.3], [-2.098318, 43.292604, 314.3], [-2.098319, 43.292602, 314.3], [-2.09832, 43.292601, 314.4], [-2.098321, 43.292599, 314.4], [-2.098322, 43.292597, 314.5], [-2.098322, 43.292595, 314.5], [-2.098322, 43.292593, 314.5], [-2.098322, 43.292591, 314.6], [-2.098322, 43.292589, 314.6], [-2.098321, 43.292587, 314.7], [-2.09832, 43.292585, 314.7], [-2.098313, 43.292562, 315.0], [-2.098313, 43.292561, 315.0], [-2.098312, 43.292559, 315.0], [-2.098312, 43.292557, 315.0], [-2.098312, 43.292555, 315.0], [-2.098312, 43.292554, 315.0], [-2.098313, 43.292552, 315.0], [-2.098313, 43.29255, 315.0], [-2.098314, 43.292548, 315.0], [-2.098315, 43.292546, 315.0], [-2.098317, 43.292545, 315.0], [-2.098318, 43.292543, 315.0], [-2.09832, 43.292542, 315.0], [-2.098322, 43.29254, 315.0], [-2.098324, 43.292539, 315.0], [-2.098326, 43.292538, 315.0], [-2.098328, 43.292537, 315.0], [-2.09833, 43.292536, 315.0], [-2.098333, 43.292535, 315.0], [-2.098335, 43.292535, 315.0], [-2.098882, 43.292435, 312.9], [-2.099233, 43.292366, 310.2], [-2.100105, 43.292184, 304.2], [-2.100547, 43.292103, 301.0], [-2.10078, 43.292057, 299.0], [-2.100883, 43.292034, 297.8], [-2.10097, 43.292005, 297.0], [-2.101052, 43.291961, 297.0], [-2.101124, 43.291915, 296.6], [-2.101175, 43.291859, 296.2], [-2.101326, 43.291652, 295.0], [-2.101405, 43.291547, 294.6], [-2.101586, 43.291332, 293.0], [-2.101651, 43.291283, 292.9], [-2.101758, 43.291219, 293.3], [-2.102055, 43.291064, 293.1], [-2.102295, 43.290967, 292.7], [-2.102564, 43.290875, 292.6], [-2.103033, 43.290744, 292.6], [-2.103466, 43.290641, 291.2], [-2.103656, 43.290593, 290.1], [-2.103781, 43.290549, 290.1], [-2.103921, 43.290481, 289.9], [-2.104153, 43.290333, 289.4], [-2.104381, 43.290183, 289.0], [-2.104466, 43.290128, 288.7], [-2.104717, 43.289985, 286.0], [-2.104888, 43.289892, 283.3], [-2.104894, 43.289889, 283.3], [-2.1049, 43.289885, 283.2], [-2.104905, 43.289881, 283.1], [-2.10491, 43.289877, 283.0], [-2.104915, 43.289873, 282.9], [-2.104918, 43.289868, 282.8], [-2.104922, 43.289863, 282.7], [-2.104924, 43.289858, 282.6], [-2.104928, 43.28985, 282.4], [-2.104932, 43.289843, 282.2], [-2.104937, 43.289836, 282.1], [-2.104943, 43.289829, 281.9], [-2.10495, 43.289822, 281.8], [-2.104957, 43.289816, 281.6], [-2.104966, 43.289811, 281.5], [-2.104975, 43.289806, 281.4], [-2.104984, 43.289802, 281.3], [-2.104988, 43.2898, 281.3], [-2.10502, 43.289785, 281.0], [-2.105105, 43.28976, 279.9], [-2.105198, 43.28975, 279.1], [-2.105344, 43.289742, 277.5], [-2.105423, 43.289748, 277.0], [-2.105549, 43.289771, 276.9], [-2.105769, 43.289835, 274.7], [-2.105956, 43.289897, 273.0], [-2.106075, 43.289935, 270.7], [-2.10617, 43.289947, 268.9], [-2.106269, 43.289938, 267.2], [-2.106649, 43.289789, 262.4], [-2.107154, 43.2896, 255.4], [-2.107387, 43.289531, 250.8], [-2.107577, 43.289496, 247.7], [-2.10772, 43.289488, 245.1], [-2.107879, 43.289502, 243.4], [-2.108125, 43.289546, 240.2], [-2.108324, 43.289591, 241.4], [-2.108398, 43.289588, 244.3], [-2.108459, 43.289526, 243.9], [-2.108626, 43.289356, 239.0], [-2.10875, 43.28925, 236.7], [-2.108881, 43.289172, 236.0], [-2.109122, 43.289095, 232.8], [-2.109329, 43.289054, 230.9], [-2.109496, 43.289036, 228.5], [-2.109728, 43.289045, 224.1], [-2.109972, 43.289074, 220.5], [-2.110036, 43.289067, 220.2], [-2.110119, 43.289044, 220.3], [-2.11039, 43.288904, 224.3], [-2.110704, 43.288763, 230.0], [-2.110859, 43.288708, 232.5], [-2.111063, 43.288656, 232.8], [-2.111309, 43.288606, 232.0], [-2.111524, 43.288572, 229.7], [-2.111724, 43.28855, 228.3], [-2.11203, 43.288406, 219.7], [-2.112242, 43.288277, 211.4], [-2.112395, 43.288184, 203.8], [-2.112478, 43.288126, 202.0], [-2.112597, 43.288, 201.1], [-2.112734, 43.287875, 201.2], [-2.112811, 43.287697, 199.1], [-2.112906, 43.287505, 194.8], [-2.112961, 43.287352, 190.8], [-2.113015, 43.287194, 188.5], [-2.113023, 43.287012, 186.2], [-2.112981, 43.286821, 183.0], [-2.112911, 43.286656, 179.4], [-2.112874, 43.286472, 175.7], [-2.112868, 43.286334, 173.5], [-2.112904, 43.286173, 170.7], [-2.112955, 43.286005, 167.9], [-2.113048, 43.285805, 165.5], [-2.113109, 43.285694, 164.3], [-2.113158, 43.285604, 162.5], [-2.113221, 43.285533, 160.3], [-2.113973, 43.284872, 149.2], [-2.114089, 43.284696, 144.3], [-2.1143, 43.284557, 139.3], [-2.114619, 43.284383, 131.0], [-2.1145, 43.284224, 127.1], [-2.114378, 43.283992, 121.5], [-2.114439, 43.283937, 120.5], [-2.114488, 43.283868, 118.6], [-2.114524, 43.283811, 117.2], [-2.114539, 43.283758, 116.3], [-2.11455, 43.283709, 115.1], [-2.114558, 43.283661, 113.9], [-2.114569, 43.283608, 112.5], [-2.114584, 43.283509, 110.2], [-2.114603, 43.283405, 108.5], [-2.114636, 43.28331, 106.7], [-2.114671, 43.283224, 105.5], [-2.114723, 43.283124, 104.1], [-2.114827, 43.28294, 101.6], [-2.11493, 43.282808, 100.0], [-2.114977, 43.282762, 99.3], [-2.115027, 43.282718, 99.0], [-2.11519, 43.282566, 96.9], [-2.115271, 43.28249, 96.0], [-2.115349, 43.282412, 94.4], [-2.115473, 43.282257, 92.1], [-2.115488, 43.282245, 92.1], [-2.115505, 43.282235, 92.2], [-2.115524, 43.282227, 92.2], [-2.115544, 43.282221, 92.1], [-2.115566, 43.282218, 91.6], [-2.115588, 43.282217, 91.3], [-2.115661, 43.282211, 90.2], [-2.115733, 43.282202, 89.6], [-2.115749, 43.282194, 89.5], [-2.115764, 43.282185, 89.3], [-2.115777, 43.282174, 89.0], [-2.115787, 43.282162, 88.8], [-2.115794, 43.282149, 88.4], [-2.115798, 43.282135, 88.1], [-2.115799, 43.28212, 87.8], [-2.115796, 43.282106, 87.5], [-2.115788, 43.282084, 87.1], [-2.115776, 43.282063, 87.1], [-2.115759, 43.282043, 87.1], [-2.115738, 43.282026, 86.4], [-2.115713, 43.282012, 86.0], [-2.115686, 43.282, 85.9], [-2.115627, 43.28198, 85.3], [-2.115564, 43.281966, 85.0], [-2.1155, 43.281957, 84.6], [-2.115435, 43.281954, 83.6], [-2.115383, 43.281952, 82.6], [-2.115348, 43.281953, 82.3], [-2.115297, 43.281943, 81.9], [-2.115271, 43.281931, 81.2], [-2.115247, 43.281915, 80.5], [-2.115236, 43.2819, 80.1], [-2.115213, 43.281859, 80.0], [-2.115159, 43.281788, 78.8], [-2.11516, 43.281785, 78.8], [-2.11516, 43.281782, 78.8], [-2.115159, 43.28178, 78.8], [-2.115159, 43.281777, 78.8], [-2.115158, 43.281774, 78.7], [-2.115157, 43.281771, 78.7], [-2.115155, 43.281769, 78.6], [-2.115153, 43.281766, 78.6], [-2.115151, 43.281764, 78.5], [-2.115149, 43.281761, 78.5], [-2.115146, 43.281759, 78.5], [-2.115143, 43.281757, 78.5], [-2.11514, 43.281756, 78.5], [-2.115137, 43.281754, 78.5], [-2.115133, 43.281753, 78.4], [-2.115129, 43.281752, 78.4], [-2.115126, 43.281751, 78.4], [-2.115122, 43.28175, 78.3], [-2.115118, 43.28175, 78.3], [-2.115117, 43.28175, 78.3], [-2.114992, 43.281733, 78.0], [-2.114988, 43.281733, 78.0], [-2.114983, 43.281732, 78.0], [-2.114977, 43.281731, 78.0], [-2.114972, 43.28173, 78.0], [-2.114967, 43.281729, 78.0], [-2.114962, 43.281727, 78.0], [-2.114957, 43.281724, 78.0], [-2.114952, 43.281722, 78.0], [-2.114948, 43.281719, 78.0], [-2.114945, 43.281716, 78.0], [-2.114941, 43.281713, 77.9], [-2.114938, 43.281709, 77.8], [-2.114936, 43.281706, 77.8], [-2.114934, 43.281702, 77.7], [-2.114932, 43.281698, 77.6], [-2.114931, 43.281694, 77.5], [-2.114931, 43.281691, 77.4], [-2.114931, 43.281689, 77.4], [-2.114931, 43.281687, 77.3], [-2.11493, 43.281684, 77.3], [-2.114929, 43.281682, 77.2], [-2.114928, 43.28168, 77.2], [-2.114926, 43.281678, 77.1], [-2.114925, 43.281676, 77.1], [-2.114923, 43.281674, 77.1], [-2.11492, 43.281672, 77.0], [-2.114918, 43.281671, 77.0], [-2.114916, 43.281669, 77.0], [-2.114913, 43.281668, 77.0], [-2.11491, 43.281667, 77.0], [-2.114907, 43.281666, 76.9], [-2.114904, 43.281665, 76.9], [-2.114901, 43.281665, 76.9], [-2.114898, 43.281665, 76.9], [-2.114895, 43.281664, 76.9], [-2.114892, 43.281665, 76.9], [-2.114659, 43.281644, 74.2], [-2.114356, 43.281636, 70.9], [-2.114044, 43.281661, 67.6], [-2.113736, 43.281718, 63.8], [-2.113359, 43.281806, 59.6], [-2.113042, 43.281895, 57.1], [-2.112947, 43.281904, 55.9], [-2.112944, 43.281904, 55.9], [-2.11294, 43.281904, 55.8], [-2.112936, 43.281904, 55.8], [-2.112932, 43.281903, 55.8], [-2.112928, 43.281902, 55.7], [-2.112924, 43.281901, 55.7], [-2.11292, 43.2819, 55.6], [-2.112917, 43.281898, 55.6], [-2.112913, 43.281897, 55.5], [-2.11291, 43.281895, 55.4], [-2.112907, 43.281892, 55.4], [-2.112905, 43.28189, 55.3], [-2.112864, 43.281838, 55.0], [-2.112863, 43.281838, 55.0], [-2.112862, 43.281836, 55.0], [-2.11286, 43.281834, 55.0], [-2.112859, 43.281831, 55.0], [-2.112858, 43.281829, 55.0], [-2.112857, 43.281827, 55.0], [-2.112856, 43.281824, 55.0], [-2.112856, 43.281822, 55.0], [-2.112856, 43.28182, 55.0], [-2.112857, 43.281817, 55.0], [-2.112857, 43.281815, 55.0], [-2.112858, 43.281813, 55.0], [-2.112859, 43.28181, 55.0], [-2.112861, 43.281808, 55.0], [-2.112862, 43.281806, 55.0], [-2.112864, 43.281804, 55.0], [-2.112866, 43.281803, 55.0], [-2.112869, 43.281801, 55.0], [-2.112871, 43.281799, 55.0], [-2.112874, 43.281798, 55.0], [-2.112877, 43.281797, 55.0], [-2.113608, 43.281528, 51.1], [-2.113822, 43.281438, 50.1], [-2.114056, 43.281314, 52.7], [-2.114385, 43.281034, 51.8], [-2.114463, 43.280944, 46.9], [-2.114465, 43.280941, 46.9], [-2.114468, 43.280938, 46.8], [-2.114471, 43.280934, 46.7], [-2.114474, 43.280931, 46.6], [-2.114478, 43.280928, 46.6], [-2.114482, 43.280925, 46.5], [-2.114486, 43.280923, 46.4], [-2.114491, 43.280921, 46.4], [-2.114496, 43.280919, 46.4], [-2.114501, 43.280917, 46.3], [-2.114506, 43.280916, 46.3], [-2.114512, 43.280915, 46.3], [-2.114517, 43.280915, 46.3], [-2.114523, 43.280914, 46.4], [-2.114529, 43.280915, 46.4], [-2.114534, 43.280915, 46.5], [-2.114555, 43.280914, 46.7], [-2.114575, 43.280911, 47.0], [-2.114595, 43.280908, 47.4], [-2.114615, 43.280903, 47.6], [-2.114634, 43.280896, 47.8], [-2.114652, 43.280889, 48.0], [-2.114669, 43.28088, 48.2], [-2.114678, 43.280875, 48.4], [-2.114815, 43.280803, 50.8], [-2.115181, 43.280541, 58.2], [-2.115274, 43.280486, 60.4], [-2.115291, 43.280479, 60.6], [-2.115325, 43.280468, 60.8], [-2.11536, 43.280458, 61.0], [-2.115396, 43.280451, 61.4], [-2.115433, 43.280447, 61.9], [-2.11547, 43.280444, 62.4], [-2.115507, 43.280445, 63.0], [-2.115544, 43.280447, 63.6], [-2.115581, 43.280452, 64.0], [-2.115617, 43.280459, 64.0], [-2.115652, 43.280468, 64.6], [-2.115686, 43.28048, 65.4], [-2.115718, 43.280493, 65.8], [-2.115937, 43.280598, 69.0], [-2.116061, 43.280642, 70.0], [-2.116223, 43.280687, 72.0], [-2.116854, 43.280828, 77.0], [-2.117243, 43.280933, 80.9], [-2.117336, 43.28095, 82.2], [-2.11743, 43.28096, 82.3], [-2.117525, 43.280965, 82.3], [-2.11762, 43.280963, 83.3], [-2.117715, 43.280956, 83.7], [-2.117717, 43.280955, 83.8], [-2.117816, 43.280943, 83.7], [-2.117913, 43.280925, 84.2], [-2.118007, 43.2809, 84.9], [-2.118098, 43.280869, 85.3], [-2.118185, 43.280833, 85.3], [-2.118267, 43.280792, 86.1], [-2.118344, 43.280745, 86.3], [-2.118401, 43.280705, 87.0], [-2.11864, 43.280509, 87.2], [-2.118904, 43.280328, 86.5], [-2.119176, 43.280139, 85.0], [-2.119439, 43.279965, 84.2], [-2.11991, 43.279728, 84.0], [-2.120461, 43.279548, 84.0], [-2.120966, 43.27936, 82.9], [-2.121457, 43.279192, 79.0], [-2.121879, 43.279051, 76.0], [-2.123002, 43.278795, 66.6], [-2.124417, 43.278279, 50.0], [-2.124906, 43.27808, 45.5], [-2.125025, 43.278032, 43.5], [-2.125064, 43.278013, 43.0], [-2.125101, 43.277991, 42.5], [-2.125135, 43.277967, 42.0], [-2.125166, 43.27794, 41.9], [-2.125194, 43.277912, 41.4], [-2.125219, 43.277883, 41.0], [-2.125239, 43.277851, 40.3], [-2.125256, 43.277819, 40.0], [-2.125269, 43.277785, 39.9], [-2.125278, 43.277755, 39.3], [-2.12528, 43.277587, 37.6], [-2.125292, 43.277554, 37.1], [-2.125312, 43.277523, 37.0], [-2.125339, 43.277494, 36.4], [-2.125372, 43.27747, 35.9], [-2.12541, 43.27745, 35.4], [-2.126007, 43.277253, 31.0], [-2.126223, 43.277177, 28.2], [-2.126406, 43.277102, 25.5], [-2.126509, 43.277049, 24.1], [-2.12669, 43.276957, 21.1], [-2.126897, 43.276827, 18.0], [-2.127211, 43.276614, 16.0], [-2.127397, 43.276489, 15.0], [-2.127476, 43.276439, 14.0], [-2.127426, 43.276413, 14.0], [-2.127296, 43.276256, 12.7], [-2.127391, 43.276198, 12.9], [-2.127474, 43.276114, 10.4], [-2.127497, 43.276082, 9.9], [-2.127503, 43.276044, 9.5], [-2.127383, 43.276089, 7.4], [-2.127333, 43.276094, 6.9], [-2.127272, 43.276088, 5.6], [-2.127188, 43.275988, 3.3], [-2.127142, 43.275943, 3.0], [-2.126843, 43.275785, 3.0], [-2.126815, 43.275706, 3.0], [-2.126351, 43.27577, 3.0], [-2.126268, 43.275781, 3.0], [-2.125774, 43.27584, 1.5], [-2.125756, 43.275771, 0.1], [-2.125566, 43.274676, 2.6], [-2.125566, 43.274633, 5.2], [-2.125574, 43.274591, 6.0], [-2.125592, 43.27455, 6.0], [-2.125619, 43.274512, 6.0], [-2.125653, 43.274478, 6.0], [-2.125695, 43.274448, 6.0], [-2.125743, 43.274423, 6.0], [-2.125795, 43.274404, 6.0], [-2.125851, 43.274392, 6.0], [-2.125909, 43.274387, 6.0], [-2.126353, 43.27439, 6.0], [-2.126856, 43.274388, 6.0], [-2.127131, 43.27439, 7.0], [-2.127326, 43.274404, 7.0], [-2.127617, 43.274412, 6.0], [-2.127876, 43.274389, 6.0], [-2.128172, 43.27437, 5.0], [-2.128443, 43.274369, 5.0], [-2.12876, 43.274365, 4.0], [-2.129069, 43.274371, 2.3], [-2.129601, 43.27439, 1.2], [-2.130028, 43.274415, 1.0], [-2.130218, 43.274444, 1.1], [-2.130484, 43.274517, 0.0], [-2.130808, 43.274628, 0.0], [-2.130997, 43.27468, 4.0], [-2.131105, 43.274716, 6.6], [-2.131178, 43.274729, 8.0], [-2.131239, 43.274732, 8.1], [-2.131297, 43.274734, 8.9], [-2.131343, 43.274736, 9.0], [-2.13139, 43.274736, 9.1], [-2.131453, 43.274733, 9.5], [-2.131515, 43.274727, 10.0], [-2.131576, 43.274717, 10.4], [-2.131636, 43.274702, 11.0], [-2.131694, 43.274684, 11.3], [-2.131749, 43.274663, 11.6], [-2.131798, 43.27464, 12.0], [-2.131801, 43.274639, 12.0], [-2.13181, 43.274637, 12.0], [-2.131819, 43.274635, 12.0], [-2.131828, 43.274634, 12.0], [-2.131837, 43.274634, 12.0], [-2.131846, 43.274634, 12.0], [-2.131855, 43.274634, 12.0], [-2.131864, 43.274636, 12.1], [-2.131873, 43.274637, 12.2], [-2.131882, 43.27464, 12.4], [-2.13189, 43.274643, 12.5], [-2.131898, 43.274646, 12.6], [-2.131968, 43.274681, 13.0], [-2.13202, 43.274701, 13.6], [-2.132117, 43.274722, 14.3], [-2.132235, 43.274748, 14.1], [-2.132316, 43.274773, 14.6], [-2.132388, 43.274818, 15.1], [-2.132426, 43.274845, 15.4], [-2.132473, 43.27488, 15.9], [-2.132517, 43.274908, 16.7], [-2.132572, 43.27493, 17.1], [-2.1327, 43.274949, 18.6], [-2.132785, 43.274967, 19.0], [-2.132848, 43.274983, 19.3], [-2.132926, 43.27502, 21.2], [-2.133024, 43.275085, 22.4], [-2.133073, 43.275116, 22.8], [-2.133125, 43.275154, 23.1], [-2.133168, 43.275208, 24.6], [-2.133201, 43.275279, 24.9], [-2.133228, 43.275344, 26.4], [-2.133261, 43.275392, 26.8], [-2.133314, 43.275454, 27.7], [-2.133367, 43.275527, 28.2], [-2.133398, 43.275579, 30.0], [-2.133446, 43.275657, 32.3], [-2.133495, 43.275698, 33.1], [-2.133569, 43.275751, 35.0], [-2.133659, 43.275804, 36.7], [-2.133717, 43.27584, 37.8], [-2.133747, 43.275867, 38.1], [-2.133825, 43.275913, 39.3], [-2.133877, 43.275951, 39.4], [-2.133922, 43.275984, 39.7], [-2.133948, 43.276017, 40.4], [-2.133971, 43.276063, 41.5], [-2.133981, 43.276118, 41.6], [-2.133982, 43.276189, 41.3], [-2.133965, 43.276255, 42.0], [-2.133942, 43.276307, 41.1], [-2.133916, 43.276356, 40.0], [-2.133892, 43.276411, 41.1], [-2.133876, 43.276466, 40.2], [-2.133881, 43.276537, 39.9], [-2.133894, 43.276595, 39.4], [-2.1339, 43.276654, 36.7], [-2.133942, 43.276775, 35.6], [-2.133969, 43.276837, 34.0], [-2.134058, 43.276963, 32.7], [-2.134132, 43.277076, 33.3], [-2.13417, 43.277186, 33.5], [-2.134192, 43.277294, 34.7], [-2.134198, 43.27737, 36.4], [-2.134245, 43.277485, 38.0], [-2.13432, 43.277572, 40.5], [-2.134363, 43.277637, 42.5], [-2.134381, 43.277673, 44.2], [-2.13439, 43.277719, 43.9], [-2.13437, 43.277857, 44.0], [-2.134344, 43.277948, 44.3], [-2.134336, 43.277991, 44.9], [-2.134333, 43.278066, 45.0], [-2.134344, 43.278133, 45.4], [-2.134388, 43.27821, 45.2], [-2.134449, 43.278268, 44.8], [-2.134485, 43.278299, 44.9], [-2.134513, 43.278335, 44.4], [-2.13453, 43.278369, 44.2], [-2.134534, 43.278413, 44.3], [-2.134524, 43.278449, 44.2], [-2.134497, 43.278479, 44.5], [-2.13446, 43.278512, 44.2], [-2.134412, 43.278552, 43.9], [-2.134386, 43.278593, 43.0], [-2.134368, 43.278697, 41.7], [-2.134346, 43.278768, 41.6], [-2.134317, 43.278809, 42.0], [-2.134269, 43.278856, 42.3], [-2.134232, 43.278914, 42.7], [-2.13421, 43.278963, 43.0], [-2.134201, 43.279005, 43.1], [-2.134195, 43.279059, 42.9], [-2.134198, 43.279113, 43.9], [-2.134212, 43.279185, 45.2], [-2.134237, 43.279265, 46.3], [-2.134259, 43.279343, 47.1], [-2.134301, 43.279406, 48.2], [-2.13434, 43.279472, 48.3], [-2.13436, 43.279514, 47.8], [-2.134359, 43.279552, 47.6], [-2.134351, 43.279578, 47.7], [-2.134327, 43.279638, 48.0], [-2.134306, 43.279682, 47.7], [-2.134294, 43.279731, 47.8], [-2.134285, 43.279999, 47.9], [-2.13428, 43.280087, 48.1], [-2.134282, 43.280194, 49.6], [-2.134298, 43.280267, 49.8], [-2.134317, 43.280311, 50.5], [-2.134397, 43.280414, 51.8], [-2.134424, 43.280473, 51.0], [-2.134435, 43.280516, 52.4], [-2.134427, 43.28055, 52.9], [-2.134404, 43.2806, 53.3], [-2.134361, 43.280662, 53.5], [-2.134316, 43.280708, 53.5], [-2.134293, 43.280729, 53.3], [-2.134246, 43.280799, 55.2], [-2.134182, 43.280897, 56.5], [-2.134088, 43.281022, 55.8], [-2.134033, 43.281116, 54.9], [-2.133993, 43.281184, 53.6], [-2.133924, 43.281294, 51.2], [-2.133881, 43.281377, 49.8], [-2.13383, 43.281465, 47.7], [-2.133799, 43.281533, 46.6], [-2.133762, 43.281595, 45.6], [-2.133695, 43.281707, 44.7], [-2.133648, 43.281869, 42.1], [-2.133612, 43.281965, 42.1], [-2.133586, 43.282, 41.7], [-2.133519, 43.282032, 40.6], [-2.133404, 43.282084, 39.8], [-2.133326, 43.28212, 38.5], [-2.133214, 43.282186, 36.6], [-2.13313, 43.282249, 35.3], [-2.133069, 43.282294, 34.1], [-2.132956, 43.282411, 32.6], [-2.1329, 43.282469, 31.3], [-2.132825, 43.282538, 30.3], [-2.132756, 43.282594, 29.2], [-2.132673, 43.282652, 27.2], [-2.132608, 43.282693, 26.1], [-2.132548, 43.282722, 25.4], [-2.132478, 43.28275, 23.8], [-2.132406, 43.282789, 21.7], [-2.132374, 43.282808, 21.4], [-2.132306, 43.282881, 20.3], [-2.132281, 43.282916, 18.7], [-2.13225, 43.283043, 19.8], [-2.13225, 43.283148, 18.8], [-2.13223, 43.283214, 18.0], [-2.132186, 43.283274, 17.0], [-2.132127, 43.283319, 15.7], [-2.132053, 43.283369, 14.2], [-2.131996, 43.283404, 11.7], [-2.13191, 43.283481, 11.5], [-2.131882, 43.283528, 10.8], [-2.131865, 43.283567, 10.1], [-2.131863, 43.283609, 9.9], [-2.13188, 43.283648, 9.0], [-2.131931, 43.283666, 9.0], [-2.131993, 43.283667, 8.9], [-2.132172, 43.283673, 8.5], [-2.132315, 43.283679, 8.3], [-2.13242, 43.283693, 7.2], [-2.13253, 43.283724, 6.4], [-2.132647, 43.283757, 5.0], [-2.132728, 43.28379, 4.0], [-2.132768, 43.283829, 4.0], [-2.132786, 43.283898, 3.9], [-2.132776, 43.283939, 4.0], [-2.132782, 43.284089, 4.0], [-2.13278, 43.284198, 4.0], [-2.132799, 43.284398, 4.0], [-2.132832, 43.284652, 4.0], [-2.13288, 43.284864, 4.0], [-2.133056, 43.284864, 5.7], [-2.133185, 43.284863, 6.0], [-2.133393, 43.284849, 7.5], [-2.133756, 43.284805, 8.1], [-2.134072, 43.284766, 8.6], [-2.134402, 43.284756, 11.5], [-2.134603, 43.284763, 12.0], [-2.134751, 43.284772, 11.7], [-2.134886, 43.284796, 10.5], [-2.134992, 43.284836, 9.8], [-2.135015, 43.28484, 9.4], [-2.135038, 43.284844, 9.1], [-2.135061, 43.284845, 9.1], [-2.135084, 43.284845, 9.1], [-2.135107, 43.284844, 9.0], [-2.13513, 43.284841, 9.0], [-2.135153, 43.284837, 9.0], [-2.135175, 43.284831, 9.0], [-2.135196, 43.284824, 9.0], [-2.135216, 43.284816, 9.0], [-2.135235, 43.284806, 9.0], [-2.135253, 43.284795, 9.0], [-2.135261, 43.28479, 9.0], [-2.135277, 43.284778, 9.0], [-2.135299, 43.284763, 9.0], [-2.135323, 43.28475, 9.0], [-2.135349, 43.284738, 9.0], [-2.135376, 43.284728, 9.0], [-2.135404, 43.28472, 9.0], [-2.135647, 43.284649, 10.3], [-2.135786, 43.284635, 11.6], [-2.136086, 43.284635, 15.6], [-2.13651, 43.284626, 19.0], [-2.136858, 43.284618, 22.7], [-2.137121, 43.284631, 25.7], [-2.137344, 43.28464, 28.7], [-2.13754, 43.284639, 30.6], [-2.137626, 43.284645, 31.9], [-2.137778, 43.284678, 32.9], [-2.137963, 43.28473, 34.0], [-2.138104, 43.284774, 35.0], [-2.138395, 43.284854, 37.0], [-2.138521, 43.284898, 37.7], [-2.138713, 43.284963, 39.1], [-2.138783, 43.28498, 39.5], [-2.138948, 43.285009, 41.6], [-2.139279, 43.285038, 44.5], [-2.139443, 43.285043, 45.9], [-2.139596, 43.28504, 47.0], [-2.139725, 43.285047, 47.8], [-2.139821, 43.285052, 47.9], [-2.1399, 43.285064, 48.9], [-2.139986, 43.285078, 49.1], [-2.140068, 43.285094, 49.8], [-2.140145, 43.285112, 50.0], [-2.140209, 43.285131, 49.6], [-2.140285, 43.285153, 49.0], [-2.140761, 43.285342, 48.0], [-2.141224, 43.285537, 48.7], [-2.141432, 43.285644, 49.7], [-2.141578, 43.285706, 50.3], [-2.141777, 43.285747, 53.0], [-2.141911, 43.285775, 54.6], [-2.142039, 43.285812, 56.4], [-2.142166, 43.285864, 57.5], [-2.142348, 43.285978, 60.0], [-2.142536, 43.286082, 61.3], [-2.142655, 43.286157, 61.9], [-2.142836, 43.286284, 63.5], [-2.142969, 43.286409, 64.5], [-2.143127, 43.286563, 65.8], [-2.143312, 43.286778, 67.0], [-2.143473, 43.286973, 68.0], [-2.143535, 43.287027, 68.7], [-2.143603, 43.287081, 69.0], [-2.143682, 43.287126, 70.1], [-2.14374, 43.28715, 70.4], [-2.14388, 43.287192, 70.7], [-2.143952, 43.287208, 71.2], [-2.143996, 43.287217, 71.9], [-2.144025, 43.28722, 72.0], [-2.144063, 43.287222, 72.0], [-2.144121, 43.287217, 72.2], [-2.144261, 43.287177, 73.5], [-2.144345, 43.28716, 74.0], [-2.144381, 43.287157, 74.1], [-2.144425, 43.287159, 74.7], [-2.144475, 43.287169, 75.1], [-2.144528, 43.287184, 75.4], [-2.14458, 43.287206, 75.9], [-2.144657, 43.287244, 76.6], [-2.144857, 43.28735, 77.2], [-2.145041, 43.287467, 78.6], [-2.145127, 43.287541, 80.0], [-2.145168, 43.287567, 80.0], [-2.145146, 43.28763, 81.0], [-2.145142, 43.287721, 82.3], [-2.145156, 43.287783, 83.0], [-2.145191, 43.287846, 83.4], [-2.145279, 43.287921, 84.0], [-2.145367, 43.287997, 85.5], [-2.145395, 43.288016, 85.9], [-2.145426, 43.288031, 86.3], [-2.14546, 43.288043, 86.9], [-2.145496, 43.288051, 87.4], [-2.145534, 43.288054, 88.0], [-2.145571, 43.288052, 88.3], [-2.145608, 43.288046, 88.6], [-2.145643, 43.288036, 88.9], [-2.145676, 43.288022, 89.5], [-2.145704, 43.288005, 90.1], [-2.145819, 43.287917, 92.4], [-2.145963, 43.287793, 94.9], [-2.146058, 43.287694, 96.9], [-2.146133, 43.287628, 98.0], [-2.146207, 43.287599, 98.9], [-2.14631, 43.287564, 99.0], [-2.146477, 43.287528, 99.2], [-2.146578, 43.287506, 99.1], [-2.146642, 43.287476, 99.1], [-2.146763, 43.287389, 98.0], [-2.146843, 43.287313, 97.9], [-2.146908, 43.287253, 97.0], [-2.14698, 43.287179, 96.7], [-2.147031, 43.287144, 96.0], [-2.147084, 43.287125, 96.0], [-2.147146, 43.287107, 95.7], [-2.147239, 43.287097, 95.5], [-2.147353, 43.287096, 95.0], [-2.147534, 43.287118, 94.0], [-2.147715, 43.287132, 93.7], [-2.147825, 43.287134, 93.0], [-2.147932, 43.287132, 92.8], [-2.148037, 43.28712, 92.0], [-2.148183, 43.287102, 92.0], [-2.148402, 43.287074, 91.0], [-2.148541, 43.28706, 91.0], [-2.148641, 43.287053, 90.9], [-2.148703, 43.287054, 90.1], [-2.148772, 43.287054, 90.2], [-2.148853, 43.287067, 90.0], [-2.148948, 43.287087, 90.1], [-2.149048, 43.287121, 90.0], [-2.149168, 43.287181, 89.4], [-2.149282, 43.287245, 89.0], [-2.149379, 43.28731, 88.6], [-2.149498, 43.287432, 87.0], [-2.149637, 43.287575, 85.7], [-2.149733, 43.287678, 84.5], [-2.1498, 43.287718, 83.9], [-2.149901, 43.287768, 83.0], [-2.150001, 43.287816, 82.0], [-2.15019, 43.28789, 81.0], [-2.150304, 43.287929, 80.0], [-2.150404, 43.287955, 80.0], [-2.150518, 43.28798, 79.0], [-2.150611, 43.287991, 78.0], [-2.150666, 43.28799, 77.8], [-2.150759, 43.287973, 77.0], [-2.150864, 43.287946, 76.0], [-2.150962, 43.287908, 75.0], [-2.151034, 43.287869, 74.9], [-2.15109, 43.287827, 74.0], [-2.151136, 43.287777, 74.0], [-2.151187, 43.287722, 73.1], [-2.151219, 43.28764, 72.9], [-2.151245, 43.287501, 71.2], [-2.151258, 43.287418, 70.6], [-2.151285, 43.287319, 69.3], [-2.151325, 43.287235, 68.6], [-2.151361, 43.287161, 67.7], [-2.151427, 43.287074, 66.9], [-2.151502, 43.286996, 66.0], [-2.151647, 43.28687, 64.3], [-2.151825, 43.286752, 63.0], [-2.151923, 43.286674, 62.0], [-2.152005, 43.286608, 61.0], [-2.152051, 43.286558, 60.6], [-2.152131, 43.286493, 59.3], [-2.152186, 43.286444, 59.0], [-2.152271, 43.286381, 58.1], [-2.152379, 43.286312, 57.3], [-2.152487, 43.286253, 56.6], [-2.152602, 43.286202, 55.7], [-2.152722, 43.286151, 55.0], [-2.152839, 43.286103, 54.0], [-2.152945, 43.286044, 53.2], [-2.153023, 43.285961, 52.0], [-2.153067, 43.285887, 51.4], [-2.153113, 43.285809, 51.0], [-2.153131, 43.285743, 50.0], [-2.153139, 43.285677, 50.0], [-2.153109, 43.285522, 48.1], [-2.153054, 43.285231, 45.4], [-2.153086, 43.28519, 44.8], [-2.153117, 43.285134, 43.1], [-2.153158, 43.285027, 41.1], [-2.153191, 43.284923, 39.4], [-2.153216, 43.284853, 38.4], [-2.153258, 43.284774, 36.7], [-2.153289, 43.28471, 35.9], [-2.153325, 43.28466, 35.0], [-2.153357, 43.284623, 34.1], [-2.153409, 43.284584, 33.2], [-2.153455, 43.284557, 33.0], [-2.153489, 43.284543, 32.8], [-2.153556, 43.284531, 31.7], [-2.153677, 43.284514, 31.1], [-2.153879, 43.284487, 27.8], [-2.15412, 43.284461, 25.2], [-2.154322, 43.284454, 22.4], [-2.154488, 43.284447, 19.5], [-2.154656, 43.284456, 18.0], [-2.154784, 43.284462, 16.2], [-2.154818, 43.284472, 16.1], [-2.154891, 43.284454, 15.0], [-2.154958, 43.284435, 14.6], [-2.155018, 43.28443, 13.9], [-2.155208, 43.284444, 12.0], [-2.155255, 43.284444, 11.8], [-2.155312, 43.284437, 11.1], [-2.155459, 43.284404, 10.0], [-2.15558, 43.284393, 9.6], [-2.15571, 43.284386, 8.6], [-2.156054, 43.284362, 7.4], [-2.156308, 43.284347, 5.6], [-2.156565, 43.284349, 5.5], [-2.156935, 43.284347, 4.0], [-2.15714, 43.284352, 4.8], [-2.157164, 43.284344, 5.0], [-2.157185, 43.284335, 5.0], [-2.157237, 43.284334, 5.0], [-2.157288, 43.284339, 5.0], [-2.157338, 43.28435, 5.0], [-2.15769, 43.284497, 5.0], [-2.158056, 43.284657, 5.0], [-2.158627, 43.284887, 5.0], [-2.159341, 43.285192, 6.0], [-2.159352, 43.285195, 6.0], [-2.159364, 43.285198, 6.0], [-2.159376, 43.2852, 6.0], [-2.159388, 43.285201, 6.0], [-2.1594, 43.285201, 6.0], [-2.159412, 43.2852, 6.0], [-2.159425, 43.285199, 6.0], [-2.159436, 43.285197, 6.0], [-2.159448, 43.285194, 6.0], [-2.159459, 43.285191, 6.0], [-2.15947, 43.285186, 6.0], [-2.15948, 43.285181, 6.0], [-2.159486, 43.285178, 6.0], [-2.160391, 43.284699, 5.0], [-2.160407, 43.284691, 5.0], [-2.160426, 43.284683, 5.0], [-2.160445, 43.284676, 5.0], [-2.160466, 43.28467, 5.0], [-2.160487, 43.284666, 5.0], [-2.160508, 43.284663, 5.0], [-2.16053, 43.284662, 5.0], [-2.160551, 43.284662, 5.0], [-2.160573, 43.284663, 5.0], [-2.161225, 43.28471, 5.0], [-2.162103, 43.284769, 5.0], [-2.162118, 43.284769, 5.0], [-2.162133, 43.284771, 5.0], [-2.162148, 43.284774, 5.0], [-2.162163, 43.284778, 5.0], [-2.162176, 43.284783, 5.0], [-2.16219, 43.284788, 5.0], [-2.162202, 43.284795, 5.0], [-2.162214, 43.284802, 5.0], [-2.162225, 43.28481, 5.0], [-2.162235, 43.284818, 5.0], [-2.162243, 43.284827, 5.2], [-2.162251, 43.284837, 5.4], [-2.162258, 43.284847, 5.6], [-2.162263, 43.284857, 5.8], [-2.162267, 43.284868, 6.0], [-2.16227, 43.284879, 6.0], [-2.16227, 43.284883, 6.0], [-2.162348, 43.285654, 8.0], [-2.16235, 43.285664, 8.0], [-2.162353, 43.285675, 8.0], [-2.162357, 43.285685, 8.0], [-2.162363, 43.285695, 8.0], [-2.16237, 43.285704, 8.0], [-2.162378, 43.285713, 8.0], [-2.162386, 43.285722, 8.0], [-2.162396, 43.28573, 8.0], [-2.162407, 43.285737, 8.0], [-2.162419, 43.285744, 8.0], [-2.162431, 43.285749, 8.0], [-2.162444, 43.285754, 8.0], [-2.162458, 43.285758, 8.0], [-2.162472, 43.285762, 8.0], [-2.162486, 43.285764, 8.0], [-2.162501, 43.285765, 8.0], [-2.162515, 43.285766, 8.0], [-2.16253, 43.285765, 8.0], [-2.16385, 43.285768, 9.0], [-2.165907, 43.285774, 9.0], [-2.166255, 43.285772, 9.0], [-2.167366, 43.285854, 8.4], [-2.169219, 43.286007, 9.0], [-2.170714, 43.286154, 9.7], [-2.171141, 43.286193, 9.0], [-2.172056, 43.286316, 9.0], [-2.173639, 43.286598, 8.0], [-2.173647, 43.286599, 8.0], [-2.173655, 43.2866, 8.0], [-2.173664, 43.2866, 8.0], [-2.173672, 43.2866, 8.0], [-2.17368, 43.286599, 8.0], [-2.173688, 43.286598, 8.0], [-2.173696, 43.286596, 8.0], [-2.173704, 43.286594, 8.0], [-2.173711, 43.286591, 8.0], [-2.173718, 43.286588, 8.0], [-2.173725, 43.286584, 8.0], [-2.173731, 43.28658, 8.0], [-2.173737, 43.286576, 8.0], [-2.173742, 43.286571, 8.0], [-2.173746, 43.286566, 8.0], [-2.17375, 43.28656, 8.0], [-2.173753, 43.286555, 8.0], [-2.173756, 43.286549, 8.0], [-2.173758, 43.286544, 8.0], [-2.174082, 43.285658, 6.0], [-2.174084, 43.285655, 6.0], [-2.174086, 43.285652, 6.0], [-2.174089, 43.28565, 6.0], [-2.174092, 43.285647, 6.0], [-2.174096, 43.285645, 6.0], [-2.1741, 43.285643, 6.0], [-2.174104, 43.285641, 6.0], [-2.174108, 43.28564, 5.9], [-2.174112, 43.285639, 5.9], [-2.174117, 43.285638, 5.8], [-2.174121, 43.285637, 5.8], [-2.174126, 43.285637, 5.7], [-2.17413, 43.285637, 5.7], [-2.174135, 43.285637, 5.6], [-2.174139, 43.285637, 5.6], [-2.174479, 43.285691, 6.0], [-2.174825, 43.285765, 6.0], [-2.17527, 43.285882, 7.0], [-2.175318, 43.285894, 7.0], [-2.175363, 43.285909, 7.0], [-2.175407, 43.285927, 7.0], [-2.175412, 43.285929, 7.0], [-2.175482, 43.285956, 7.0], [-2.175554, 43.285978, 7.0], [-2.175629, 43.285995, 7.0], [-2.175706, 43.286008, 6.2], [-2.175708, 43.286008, 6.2], [-2.176149, 43.286074, 6.0]]}}, {"type": "Feature", "properties": {"order": 2, "group": "camino-del-norte-irun-arzua", "source_file": "03a-zarautz-deba.gpx", "reversed_from_source": false, "point_count": 2147, "source": "CNIG/IGN - Rutas de Caminos de Santiago 2020-2026 (datos FEAACS)", "license": "CC-BY 4.0", "attribution": "Obra derivada de Rutas de Caminos de Santiago 2020-2026 CC-BY 4.0 FEAACS"}, "geometry": {"type": "LineString", "coordinates": [[-2.176149, 43.286074, 6.0], [-2.177256, 43.286243, 7.0], [-2.177264, 43.286245, 7.0], [-2.177273, 43.286246, 7.0], [-2.177282, 43.286247, 7.0], [-2.177291, 43.286248, 7.0], [-2.1773, 43.286247, 7.0], [-2.177309, 43.286247, 7.0], [-2.177317, 43.286245, 7.0], [-2.177326, 43.286243, 7.0], [-2.177334, 43.286241, 7.0], [-2.177342, 43.286238, 7.0], [-2.17735, 43.286235, 7.0], [-2.177357, 43.286231, 7.0], [-2.177364, 43.286226, 7.0], [-2.17737, 43.286222, 7.0], [-2.177375, 43.286217, 7.0], [-2.17738, 43.286211, 7.0], [-2.177384, 43.286205, 7.0], [-2.177386, 43.286202, 7.0], [-2.177468, 43.286006, 7.1], [-2.177675, 43.28547, 10.0], [-2.177825, 43.285056, 12.5], [-2.177831, 43.285048, 12.6], [-2.177838, 43.28504, 12.8], [-2.177846, 43.285033, 12.9], [-2.177855, 43.285026, 13.0], [-2.177864, 43.28502, 13.0], [-2.177875, 43.285014, 13.0], [-2.177885, 43.285009, 13.0], [-2.177897, 43.285005, 13.0], [-2.177909, 43.285001, 13.0], [-2.177921, 43.284998, 13.0], [-2.177984, 43.284999, 15.5], [-2.178083, 43.284986, 18.7], [-2.178185, 43.284957, 22.1], [-2.178387, 43.284836, 26.2], [-2.17854, 43.284779, 29.7], [-2.178689, 43.284735, 32.3], [-2.17887, 43.284709, 36.6], [-2.179085, 43.284666, 41.5], [-2.179205, 43.284723, 44.1], [-2.179362, 43.284802, 47.1], [-2.179525, 43.284914, 51.2], [-2.179631, 43.284985, 53.2], [-2.179751, 43.285044, 56.1], [-2.180084, 43.285175, 62.0], [-2.180316, 43.285268, 65.7], [-2.180529, 43.285356, 69.2], [-2.180813, 43.285443, 74.7], [-2.180945, 43.285504, 78.2], [-2.181012, 43.285546, 79.1], [-2.181153, 43.285726, 84.0], [-2.181347, 43.28593, 88.4], [-2.181526, 43.286103, 93.2], [-2.181657, 43.286235, 96.4], [-2.181761, 43.286364, 98.1], [-2.181871, 43.286507, 99.3], [-2.181977, 43.286632, 101.1], [-2.182119, 43.286791, 103.6], [-2.18226, 43.286934, 107.6], [-2.182324, 43.287038, 109.0], [-2.182411, 43.287179, 110.9], [-2.182496, 43.287326, 112.9], [-2.182537, 43.287399, 114.0], [-2.182538, 43.287494, 116.1], [-2.18252, 43.287588, 117.2], [-2.182488, 43.287645, 118.5], [-2.182447, 43.287719, 119.2], [-2.182395, 43.287847, 120.9], [-2.182305, 43.288101, 123.2], [-2.182262, 43.288258, 124.2], [-2.182234, 43.28838, 125.9], [-2.182238, 43.288429, 126.4], [-2.182278, 43.288551, 128.4], [-2.18232, 43.288673, 131.4], [-2.182386, 43.288773, 133.4], [-2.18246, 43.288861, 134.7], [-2.1826, 43.288941, 136.3], [-2.182752, 43.289072, 139.0], [-2.182985, 43.289287, 142.9], [-2.183157, 43.289441, 145.8], [-2.183176, 43.289525, 147.2], [-2.183228, 43.289662, 149.2], [-2.183263, 43.289736, 150.9], [-2.183361, 43.289789, 152.1], [-2.1835, 43.289815, 154.3], [-2.183635, 43.289843, 155.5], [-2.183803, 43.289877, 156.4], [-2.183973, 43.289912, 158.0], [-2.184146, 43.28995, 159.5], [-2.184428, 43.290012, 162.3], [-2.184713, 43.290098, 165.4], [-2.184971, 43.290187, 167.9], [-2.185179, 43.290262, 170.3], [-2.185359, 43.290355, 172.7], [-2.185495, 43.290415, 173.9], [-2.185607, 43.290438, 174.0], [-2.185685, 43.290441, 174.9], [-2.18584, 43.290407, 175.2], [-2.186095, 43.290335, 175.4], [-2.186301, 43.290268, 175.9], [-2.186481, 43.290182, 175.9], [-2.186646, 43.290083, 177.0], [-2.186751, 43.290018, 177.3], [-2.186855, 43.289939, 178.1], [-2.18691, 43.2899, 178.1], [-2.186967, 43.289876, 178.0], [-2.187056, 43.289857, 178.1], [-2.187211, 43.289829, 177.9], [-2.187392, 43.289807, 177.5], [-2.18756, 43.289779, 176.8], [-2.187968, 43.289672, 176.7], [-2.188103, 43.28962, 175.5], [-2.188215, 43.289558, 175.2], [-2.188296, 43.289496, 174.9], [-2.188323, 43.28947, 174.9], [-2.188357, 43.289447, 174.9], [-2.188394, 43.289429, 174.9], [-2.188436, 43.289416, 175.3], [-2.18848, 43.289408, 175.8], [-2.188525, 43.289405, 175.8], [-2.18857, 43.289408, 175.8], [-2.188878, 43.289431, 176.8], [-2.188996, 43.289439, 177.0], [-2.189178, 43.289426, 176.6], [-2.189312, 43.289419, 176.3], [-2.189425, 43.289409, 176.2], [-2.189547, 43.289397, 175.7], [-2.189647, 43.289393, 175.8], [-2.189816, 43.289388, 176.7], [-2.189885, 43.28939, 176.9], [-2.190116, 43.289409, 177.0], [-2.190346, 43.289427, 178.0], [-2.190577, 43.289431, 178.1], [-2.190807, 43.289421, 178.4], [-2.190822, 43.28942, 178.4], [-2.190834, 43.289419, 178.4], [-2.190894, 43.289417, 178.5], [-2.190955, 43.289418, 178.3], [-2.191015, 43.289424, 178.0], [-2.191074, 43.289434, 178.0], [-2.191132, 43.289447, 177.9], [-2.191188, 43.289464, 178.0], [-2.191241, 43.289484, 178.0], [-2.191342, 43.289537, 177.4], [-2.191449, 43.289583, 176.9], [-2.191561, 43.289623, 177.0], [-2.191677, 43.289655, 176.0], [-2.191797, 43.28968, 176.0], [-2.191816, 43.289683, 176.0], [-2.191944, 43.289696, 175.0], [-2.192454, 43.289712, 173.1], [-2.192502, 43.289718, 172.6], [-2.19255, 43.28972, 172.0], [-2.192598, 43.289719, 172.0], [-2.192646, 43.289716, 171.5], [-2.192648, 43.289716, 171.5], [-2.19267, 43.289713, 171.5], [-2.192706, 43.289711, 171.3], [-2.192743, 43.289711, 171.0], [-2.19278, 43.289714, 170.4], [-2.192816, 43.289719, 170.1], [-2.192852, 43.289726, 170.0], [-2.192886, 43.289735, 169.8], [-2.19292, 43.289747, 169.6], [-2.192951, 43.28976, 169.4], [-2.192981, 43.289776, 168.9], [-2.193115, 43.289884, 168.4], [-2.193287, 43.290032, 167.2], [-2.193408, 43.290135, 166.9], [-2.193573, 43.290276, 166.0], [-2.193687, 43.29037, 164.9], [-2.193825, 43.29047, 164.5], [-2.193919, 43.290516, 164.0], [-2.194029, 43.290562, 163.5], [-2.194185, 43.290608, 163.0], [-2.194269, 43.290638, 162.0], [-2.194322, 43.29066, 162.0], [-2.194378, 43.290683, 161.8], [-2.194401, 43.290695, 161.4], [-2.194438, 43.290715, 161.0], [-2.194594, 43.290866, 160.0], [-2.194639, 43.290924, 159.6], [-2.194705, 43.290996, 159.0], [-2.194774, 43.29107, 158.2], [-2.194837, 43.291125, 158.0], [-2.194892, 43.291174, 157.0], [-2.194955, 43.291219, 156.5], [-2.195014, 43.291259, 156.0], [-2.195098, 43.291299, 155.3], [-2.195137, 43.291315, 155.0], [-2.195687, 43.29151, 152.0], [-2.19585, 43.29156, 151.0], [-2.195989, 43.291598, 150.5], [-2.196111, 43.291625, 149.6], [-2.196275, 43.291649, 149.0], [-2.196481, 43.291696, 148.0], [-2.196615, 43.291744, 147.7], [-2.196919, 43.291843, 147.0], [-2.197327, 43.291983, 146.6], [-2.197524, 43.29208, 146.0], [-2.197642, 43.292145, 146.0], [-2.197829, 43.292241, 146.0], [-2.197933, 43.292288, 145.9], [-2.198042, 43.292328, 145.0], [-2.198156, 43.292362, 145.0], [-2.198273, 43.292387, 144.7], [-2.198281, 43.292389, 144.6], [-2.198429, 43.292416, 144.0], [-2.198587, 43.29247, 143.9], [-2.198682, 43.292515, 143.0], [-2.198938, 43.292616, 142.0], [-2.199295, 43.292751, 140.0], [-2.199405, 43.292787, 139.9], [-2.199626, 43.292882, 140.0], [-2.199772, 43.292943, 140.1], [-2.200083, 43.29307, 139.8], [-2.200383, 43.293178, 139.4], [-2.200695, 43.293266, 140.0], [-2.201016, 43.293334, 141.0], [-2.2012, 43.293364, 141.0], [-2.201375, 43.293396, 141.8], [-2.201478, 43.293417, 142.0], [-2.201555, 43.293443, 142.0], [-2.201624, 43.293469, 142.2], [-2.20168, 43.293491, 143.0], [-2.201743, 43.293526, 143.0], [-2.201812, 43.293567, 143.3], [-2.201884, 43.293609, 144.0], [-2.20197, 43.293664, 144.0], [-2.202222, 43.293869, 146.0], [-2.202211, 43.293923, 145.1], [-2.202233, 43.293968, 144.1], [-2.202266, 43.294004, 143.5], [-2.202299, 43.29404, 142.9], [-2.202322, 43.294094, 141.8], [-2.202311, 43.294148, 141.1], [-2.202277, 43.294184, 140.4], [-2.202244, 43.29422, 139.8], [-2.202222, 43.294265, 139.1], [-2.202211, 43.294274, 139.0], [-2.202665, 43.294175, 140.0], [-2.203118, 43.294076, 135.3], [-2.203583, 43.294004, 136.4], [-2.203672, 43.294004, 135.3], [-2.203749, 43.294013, 134.5], [-2.203815, 43.294022, 133.5], [-2.203893, 43.294031, 133.0], [-2.203959, 43.294049, 133.1], [-2.204037, 43.294058, 133.9], [-2.204103, 43.294076, 135.2], [-2.204136, 43.294121, 136.1], [-2.204136, 43.294184, 136.1], [-2.204136, 43.294247, 136.1], [-2.204158, 43.294292, 136.5], [-2.204181, 43.294337, 136.9], [-2.204214, 43.294373, 136.9], [-2.204225, 43.294417, 136.6], [-2.204247, 43.296736, 119.9], [-2.204225, 43.297059, 116.5], [-2.204512, 43.297473, 118.6], [-2.205818, 43.298129, 111.3], [-2.205873, 43.298686, 109.3], [-2.206092, 43.299562, 107.0], [-2.206269, 43.29994, 99.1], [-2.206092, 43.300784, 83.0], [-2.206081, 43.300784, 83.0], [-2.206203, 43.300928, 80.2], [-2.206203, 43.300919, 80.4], [-2.206159, 43.301036, 77.6], [-2.206148, 43.301027, 78.0], [-2.205915, 43.301153, 74.1], [-2.205705, 43.301242, 71.1], [-2.205694, 43.301242, 71.0], [-2.205715, 43.301291, 70.3], [-2.205607, 43.301551, 63.4], [-2.205578, 43.301642, 60.4], [-2.205538, 43.301748, 58.1], [-2.205477, 43.301887, 53.8], [-2.205436, 43.301982, 52.0], [-2.205403, 43.302039, 52.0], [-2.205351, 43.302104, 49.9], [-2.205245, 43.302224, 45.8], [-2.205047, 43.302452, 40.1], [-2.204909, 43.302607, 36.4], [-2.204716, 43.302843, 28.8], [-2.204718, 43.302861, 28.4], [-2.204725, 43.302879, 28.3], [-2.204735, 43.302896, 28.2], [-2.204749, 43.302912, 28.0], [-2.204766, 43.302925, 28.0], [-2.204785, 43.302937, 28.0], [-2.204807, 43.302946, 28.0], [-2.204991, 43.302914, 29.0], [-2.205912, 43.302788, 32.0], [-2.206613, 43.302754, 36.0], [-2.207052, 43.302732, 39.2], [-2.207393, 43.302708, 42.1], [-2.207519, 43.302701, 43.8], [-2.207781, 43.302677, 48.5], [-2.207966, 43.302667, 51.2], [-2.208148, 43.302657, 54.0], [-2.208267, 43.302652, 55.9], [-2.208543, 43.302641, 60.6], [-2.208763, 43.302634, 63.3], [-2.209007, 43.302619, 66.9], [-2.209089, 43.302601, 67.3], [-2.209232, 43.302573, 69.0], [-2.209385, 43.302539, 70.1], [-2.209497, 43.302511, 70.0], [-2.209556, 43.302502, 70.0], [-2.209603, 43.302497, 70.6], [-2.209658, 43.302498, 71.0], [-2.209692, 43.302502, 71.0], [-2.209728, 43.30251, 71.0], [-2.209763, 43.30252, 71.0], [-2.209848, 43.302519, 71.0], [-2.20994, 43.302508, 70.3], [-2.210036, 43.302499, 70.1], [-2.210053, 43.302497, 70.1], [-2.210354, 43.302458, 67.5], [-2.210424, 43.302436, 66.4], [-2.210476, 43.30241, 65.8], [-2.210528, 43.302363, 64.0], [-2.210603, 43.3023, 62.3], [-2.210779, 43.30218, 58.5], [-2.210836, 43.302156, 57.5], [-2.210877, 43.302127, 56.8], [-2.211098, 43.302054, 53.3], [-2.211148, 43.302046, 53.0], [-2.211193, 43.302048, 52.7], [-2.211396, 43.302087, 51.6], [-2.211741, 43.302158, 52.1], [-2.211895, 43.302194, 53.0], [-2.212004, 43.302245, 55.3], [-2.212123, 43.302327, 57.4], [-2.21219, 43.302363, 57.8], [-2.212311, 43.302404, 59.7], [-2.212425, 43.30243, 60.6], [-2.212587, 43.302448, 62.8], [-2.212768, 43.302463, 63.1], [-2.212877, 43.302472, 63.0], [-2.21302, 43.30251, 63.2], [-2.213283, 43.302581, 63.8], [-2.21347, 43.302629, 64.5], [-2.213587, 43.302665, 64.7], [-2.213663, 43.30268, 64.4], [-2.21373, 43.302688, 64.2], [-2.213937, 43.302679, 63.5], [-2.214123, 43.302677, 61.9], [-2.214499, 43.302668, 57.9], [-2.214666, 43.302659, 54.3], [-2.214848, 43.302638, 50.8], [-2.215203, 43.302585, 47.0], [-2.215654, 43.302478, 51.8], [-2.215759, 43.302473, 54.0], [-2.21589, 43.302464, 56.0], [-2.216047, 43.302441, 59.1], [-2.216171, 43.302416, 60.5], [-2.21625, 43.302393, 62.6], [-2.216286, 43.302369, 62.5], [-2.216339, 43.30234, 64.2], [-2.216388, 43.302308, 64.1], [-2.2164, 43.302299, 64.2], [-2.216407, 43.302293, 64.4], [-2.216418, 43.302283, 64.8], [-2.21643, 43.302274, 65.2], [-2.216444, 43.302266, 65.5], [-2.216458, 43.302258, 65.7], [-2.216473, 43.302252, 66.0], [-2.216489, 43.302247, 66.2], [-2.216505, 43.302242, 66.5], [-2.216522, 43.302239, 66.8], [-2.216539, 43.302237, 67.0], [-2.216556, 43.302236, 67.3], [-2.216751, 43.302204, 68.8], [-2.216962, 43.30218, 70.8], [-2.217342, 43.302142, 73.1], [-2.217402, 43.302137, 74.0], [-2.217479, 43.302128, 74.6], [-2.217611, 43.302113, 75.6], [-2.217759, 43.302103, 76.8], [-2.217891, 43.3021, 77.9], [-2.218018, 43.302106, 79.0], [-2.218167, 43.302125, 80.0], [-2.218305, 43.302146, 80.0], [-2.218631, 43.302213, 81.0], [-2.218938, 43.302277, 82.0], [-2.219199, 43.302369, 81.6], [-2.219413, 43.302473, 81.0], [-2.219568, 43.302555, 80.0], [-2.219825, 43.302687, 77.9], [-2.220117, 43.302823, 75.8], [-2.220407, 43.302934, 73.1], [-2.22065, 43.30303, 71.1], [-2.220995, 43.303154, 69.0], [-2.221292, 43.30325, 67.0], [-2.221469, 43.303329, 66.6], [-2.221715, 43.303466, 66.0], [-2.221916, 43.303598, 66.0], [-2.222114, 43.303706, 66.0], [-2.222128, 43.303713, 66.0], [-2.222142, 43.303719, 66.1], [-2.222156, 43.303724, 66.2], [-2.222172, 43.303729, 66.4], [-2.222188, 43.303732, 66.6], [-2.222204, 43.303734, 66.7], [-2.22222, 43.303736, 66.7], [-2.222236, 43.303736, 66.7], [-2.222253, 43.303735, 66.7], [-2.222269, 43.303733, 66.7], [-2.222285, 43.30373, 66.6], [-2.2223, 43.303726, 66.5], [-2.222315, 43.303722, 66.4], [-2.22233, 43.303716, 66.3], [-2.222343, 43.303709, 66.1], [-2.222353, 43.303704, 66.0], [-2.222583, 43.303606, 65.8], [-2.22284, 43.303529, 66.0], [-2.222981, 43.303472, 66.6], [-2.223016, 43.303459, 66.6], [-2.223103, 43.303431, 66.6], [-2.223193, 43.303409, 66.5], [-2.223286, 43.303393, 67.0], [-2.22338, 43.303383, 66.7], [-2.223475, 43.303379, 66.6], [-2.22357, 43.303381, 67.4], [-2.223664, 43.303389, 67.0], [-2.223757, 43.303403, 67.2], [-2.224151, 43.303443, 67.9], [-2.224363, 43.303477, 68.2], [-2.224518, 43.303515, 68.1], [-2.224612, 43.303534, 68.0], [-2.224668, 43.303547, 68.2], [-2.224829, 43.303562, 68.4], [-2.224924, 43.303558, 68.5], [-2.225002, 43.303551, 68.4], [-2.225099, 43.30354, 69.0], [-2.225194, 43.303522, 69.2], [-2.225208, 43.303519, 69.4], [-2.225344, 43.30348, 69.7], [-2.225475, 43.303431, 69.6], [-2.225599, 43.303375, 69.4], [-2.225671, 43.303338, 69.8], [-2.225746, 43.303307, 69.7], [-2.225768, 43.303303, 69.6], [-2.225795, 43.303302, 69.7], [-2.225828, 43.303302, 70.0], [-2.225874, 43.303304, 70.3], [-2.225917, 43.303309, 70.6], [-2.226044, 43.303329, 71.6], [-2.226195, 43.303344, 73.4], [-2.226323, 43.303354, 73.6], [-2.226433, 43.303354, 73.6], [-2.226543, 43.303344, 74.6], [-2.226647, 43.303318, 74.8], [-2.226733, 43.303295, 74.9], [-2.226795, 43.30328, 75.5], [-2.226842, 43.303274, 75.8], [-2.226884, 43.303273, 75.8], [-2.226923, 43.303273, 75.9], [-2.226968, 43.303274, 76.3], [-2.227029, 43.303282, 77.0], [-2.227112, 43.303299, 78.1], [-2.227209, 43.303319, 79.3], [-2.227334, 43.303348, 81.6], [-2.227479, 43.303378, 83.0], [-2.227545, 43.303386, 84.0], [-2.227701, 43.303405, 87.1], [-2.227877, 43.30342, 89.2], [-2.228071, 43.303435, 92.3], [-2.228262, 43.303454, 97.0], [-2.228407, 43.303463, 98.8], [-2.228563, 43.303464, 100.8], [-2.228734, 43.303459, 103.5], [-2.228936, 43.303448, 106.0], [-2.2291, 43.303436, 108.0], [-2.229246, 43.303414, 109.4], [-2.229344, 43.303396, 110.0], [-2.229511, 43.30335, 111.1], [-2.22963, 43.303304, 112.6], [-2.229732, 43.303265, 113.4], [-2.229832, 43.303239, 114.4], [-2.229949, 43.303212, 115.0], [-2.230024, 43.30319, 115.0], [-2.230072, 43.303173, 115.0], [-2.230127, 43.303145, 115.0], [-2.230205, 43.303081, 115.0], [-2.230427, 43.302881, 114.8], [-2.230536, 43.302771, 114.0], [-2.230603, 43.302676, 114.0], [-2.230703, 43.302512, 113.4], [-2.230774, 43.302441, 113.0], [-2.230836, 43.302352, 112.7], [-2.230945, 43.302064, 111.3], [-2.231042, 43.301831, 110.0], [-2.23113, 43.30161, 109.9], [-2.231199, 43.301409, 109.3], [-2.231275, 43.301216, 109.1], [-2.231347, 43.301, 110.0], [-2.231575, 43.300609, 113.0], [-2.23161, 43.300514, 114.0], [-2.231648, 43.300426, 115.1], [-2.231948, 43.300091, 120.4], [-2.231949, 43.300089, 120.4], [-2.231958, 43.300079, 120.7], [-2.231968, 43.300069, 120.7], [-2.23198, 43.300059, 120.7], [-2.231992, 43.300051, 120.7], [-2.232006, 43.300043, 120.7], [-2.23202, 43.300036, 120.8], [-2.232035, 43.30003, 121.0], [-2.232051, 43.300025, 121.2], [-2.232067, 43.300022, 121.5], [-2.232084, 43.300019, 121.7], [-2.2321, 43.300017, 122.0], [-2.232317, 43.299966, 123.0], [-2.232557, 43.299902, 122.9], [-2.232728, 43.299859, 123.0], [-2.232845, 43.299834, 124.5], [-2.233069, 43.299814, 125.0], [-2.233224, 43.299775, 125.7], [-2.233408, 43.299718, 125.2], [-2.233563, 43.299686, 124.9], [-2.233757, 43.299683, 124.0], [-2.234218, 43.299694, 121.2], [-2.234397, 43.299729, 121.3], [-2.234577, 43.299767, 122.1], [-2.23469, 43.299796, 123.2], [-2.2348, 43.299809, 123.4], [-2.234918, 43.299809, 123.8], [-2.23503, 43.299816, 124.2], [-2.235144, 43.299822, 124.1], [-2.235297, 43.299832, 124.8], [-2.235495, 43.299837, 126.8], [-2.23604, 43.299749, 128.9], [-2.236419, 43.29967, 130.7], [-2.236853, 43.2996, 127.0], [-2.237061, 43.299569, 126.0], [-2.237289, 43.299549, 126.0], [-2.237554, 43.299525, 126.0], [-2.237877, 43.29948, 126.0], [-2.238316, 43.299437, 126.0], [-2.23858, 43.299417, 126.0], [-2.238753, 43.299412, 126.2], [-2.238982, 43.299408, 126.1], [-2.239138, 43.299416, 126.0], [-2.239318, 43.299422, 125.4], [-2.23952, 43.299434, 125.0], [-2.239687, 43.299451, 124.0], [-2.239835, 43.299472, 123.6], [-2.239913, 43.299494, 123.0], [-2.240008, 43.299526, 122.0], [-2.240094, 43.299571, 121.4], [-2.24018, 43.299616, 120.0], [-2.240243, 43.299663, 120.0], [-2.240322, 43.299718, 118.9], [-2.240383, 43.299759, 118.2], [-2.240443, 43.299835, 116.9], [-2.240483, 43.299887, 115.5], [-2.240514, 43.299942, 114.6], [-2.240574, 43.300027, 113.2], [-2.240607, 43.300089, 112.0], [-2.240616, 43.300137, 111.8], [-2.240625, 43.300508, 109.0], [-2.24063, 43.300538, 109.0], [-2.240719, 43.300686, 107.8], [-2.240806, 43.300792, 107.0], [-2.240908, 43.300933, 106.0], [-2.241018, 43.301097, 105.0], [-2.241079, 43.301246, 103.4], [-2.241127, 43.301344, 101.4], [-2.241188, 43.30142, 99.8], [-2.24123, 43.301461, 98.8], [-2.241334, 43.301544, 96.8], [-2.241432, 43.301625, 95.0], [-2.241555, 43.30172, 92.9], [-2.241611, 43.301764, 91.3], [-2.241673, 43.301791, 90.6], [-2.241753, 43.301813, 89.9], [-2.241864, 43.301837, 88.5], [-2.241994, 43.301869, 87.0], [-2.242172, 43.301905, 85.9], [-2.242301, 43.301935, 85.3], [-2.242616, 43.302003, 85.0], [-2.242867, 43.302046, 84.9], [-2.242976, 43.302056, 84.7], [-2.243049, 43.302054, 84.7], [-2.243117, 43.302048, 84.7], [-2.243163, 43.302035, 84.3], [-2.243228, 43.302011, 84.1], [-2.243356, 43.301958, 83.0], [-2.243447, 43.301919, 81.5], [-2.243682, 43.301791, 78.8], [-2.243788, 43.301738, 78.0], [-2.243901, 43.301674, 76.7], [-2.244073, 43.301575, 72.7], [-2.244235, 43.301479, 69.2], [-2.244378, 43.301392, 65.7], [-2.244471, 43.301329, 64.0], [-2.244652, 43.30121, 60.0], [-2.244855, 43.301053, 57.9], [-2.244944, 43.300975, 57.0], [-2.245009, 43.300905, 56.2], [-2.245057, 43.300834, 55.0], [-2.245064, 43.300802, 54.6], [-2.245079, 43.300603, 52.1], [-2.24507, 43.300413, 48.8], [-2.245067, 43.300335, 46.8], [-2.245082, 43.300282, 45.8], [-2.245109, 43.30023, 44.4], [-2.245146, 43.300185, 43.0], [-2.245204, 43.300142, 41.4], [-2.245293, 43.30009, 40.0], [-2.245357, 43.300055, 38.4], [-2.245406, 43.300015, 37.2], [-2.245437, 43.299975, 36.3], [-2.24546, 43.299932, 35.6], [-2.245479, 43.299869, 34.4], [-2.245515, 43.299765, 32.5], [-2.24557, 43.299655, 29.9], [-2.245636, 43.29955, 27.2], [-2.245704, 43.299453, 24.5], [-2.245764, 43.299364, 21.6], [-2.245815, 43.299295, 19.7], [-2.245892, 43.299226, 18.0], [-2.246024, 43.299134, 16.3], [-2.246081, 43.29908, 15.3], [-2.246152, 43.299001, 13.2], [-2.246189, 43.298954, 11.7], [-2.246222, 43.298912, 11.1], [-2.246222, 43.298911, 11.1], [-2.246224, 43.298908, 11.0], [-2.246226, 43.298906, 11.0], [-2.246228, 43.298903, 10.9], [-2.246231, 43.298901, 10.8], [-2.246233, 43.298899, 10.7], [-2.246236, 43.298897, 10.6], [-2.246239, 43.298896, 10.6], [-2.246243, 43.298894, 10.5], [-2.246246, 43.298893, 10.5], [-2.24625, 43.298892, 10.4], [-2.246253, 43.298891, 10.4], [-2.246257, 43.298891, 10.3], [-2.246261, 43.298891, 10.3], [-2.246265, 43.298891, 10.2], [-2.246269, 43.298891, 10.2], [-2.246385, 43.298901, 9.0], [-2.246469, 43.298917, 9.0], [-2.246582, 43.298932, 8.0], [-2.24667, 43.29884, 7.3], [-2.246734, 43.298775, 7.0], [-2.246796, 43.298718, 6.5], [-2.246899, 43.298623, 6.0], [-2.247054, 43.298476, 6.0], [-2.247341, 43.298247, 7.0], [-2.247797, 43.297901, 7.0], [-2.248204, 43.297601, 5.9], [-2.248666, 43.297255, 6.0], [-2.249178, 43.296869, 6.0], [-2.249605, 43.296561, 6.0], [-2.25023, 43.296103, 6.9], [-2.250547, 43.295829, 7.0], [-2.25096, 43.295538, 7.0], [-2.251155, 43.295367, 7.0], [-2.251261, 43.295268, 7.0], [-2.251345, 43.295203, 7.0], [-2.251473, 43.295151, 7.0], [-2.251629, 43.295041, 6.4], [-2.252032, 43.294745, 0.0], [-2.252835, 43.294157, 0.8], [-2.252859, 43.29414, 1.2], [-2.252874, 43.294128, 1.9], [-2.252908, 43.294102, 2.9], [-2.252932, 43.29409, 3.0], [-2.252957, 43.29408, 3.5], [-2.252967, 43.294079, 3.7], [-2.252977, 43.294079, 3.9], [-2.252987, 43.294081, 4.1], [-2.252997, 43.294083, 4.2], [-2.253006, 43.294087, 4.2], [-2.253014, 43.294092, 3.9], [-2.253021, 43.294097, 3.7], [-2.253027, 43.294103, 3.5], [-2.253063, 43.294128, 3.0], [-2.253103, 43.29415, 3.0], [-2.253147, 43.294171, 3.0], [-2.253194, 43.294189, 3.0], [-2.253232, 43.2942, 3.0], [-2.253338, 43.294234, 3.0], [-2.253704, 43.294287, 3.0], [-2.253772, 43.294304, 3.0], [-2.25399, 43.294373, 3.0], [-2.254312, 43.294469, 3.0], [-2.254862, 43.294632, 3.0], [-2.254952, 43.294662, 3.0], [-2.255043, 43.294696, 3.0], [-2.255133, 43.294737, 3.0], [-2.255225, 43.294788, 3.0], [-2.255285, 43.294835, 3.0], [-2.255363, 43.294895, 3.0], [-2.255413, 43.294943, 3.0], [-2.255551, 43.295087, 3.0], [-2.255704, 43.295245, 3.0], [-2.255853, 43.295406, 3.0], [-2.256009, 43.295562, 3.0], [-2.256148, 43.295707, 3.0], [-2.2563, 43.295867, 3.0], [-2.256316, 43.296036, 1.9], [-2.256597, 43.296328, 3.3], [-2.256742, 43.296418, 3.0], [-2.25669, 43.296457, 3.0], [-2.257, 43.296688, 3.0], [-2.257387, 43.296899, 8.9], [-2.257406, 43.296908, 9.0], [-2.257426, 43.296916, 9.2], [-2.257447, 43.296923, 9.6], [-2.257468, 43.296928, 9.9], [-2.25749, 43.296931, 10.2], [-2.257513, 43.296934, 10.4], [-2.257536, 43.296935, 10.5], [-2.257558, 43.296934, 10.7], [-2.257581, 43.296932, 10.9], [-2.257603, 43.296929, 11.0], [-2.257618, 43.296925, 11.1], [-2.257726, 43.296897, 12.1], [-2.258116, 43.296591, 15.0], [-2.258159, 43.296597, 15.0], [-2.258252, 43.296645, 15.0], [-2.258393, 43.296704, 16.0], [-2.258447, 43.296714, 16.0], [-2.258502, 43.29672, 16.7], [-2.258557, 43.296722, 17.3], [-2.258613, 43.296721, 17.8], [-2.258668, 43.296716, 18.0], [-2.258672, 43.296716, 18.0], [-2.259216, 43.296635, 22.0], [-2.259266, 43.296628, 22.0], [-2.259346, 43.296622, 23.3], [-2.259428, 43.296621, 24.0], [-2.259509, 43.296624, 25.0], [-2.259589, 43.296633, 26.1], [-2.259668, 43.296647, 26.8], [-2.259745, 43.296666, 27.8], [-2.260107, 43.296771, 32.7], [-2.260111, 43.296772, 32.8], [-2.260116, 43.296772, 32.8], [-2.26012, 43.296773, 32.9], [-2.260124, 43.296773, 33.0], [-2.260128, 43.296772, 33.0], [-2.260132, 43.296772, 33.1], [-2.260137, 43.296771, 33.2], [-2.260141, 43.29677, 33.2], [-2.260144, 43.296768, 33.3], [-2.260148, 43.296767, 33.4], [-2.260151, 43.296765, 33.4], [-2.260155, 43.296763, 33.5], [-2.260158, 43.296761, 33.5], [-2.26016, 43.296759, 33.6], [-2.260163, 43.296756, 33.6], [-2.260165, 43.296753, 33.6], [-2.260167, 43.29675, 33.7], [-2.260168, 43.296748, 33.7], [-2.260168, 43.296747, 33.8], [-2.260324, 43.296386, 42.3], [-2.260325, 43.296385, 42.3], [-2.260327, 43.296381, 42.4], [-2.26033, 43.296377, 42.6], [-2.260333, 43.296373, 42.7], [-2.260337, 43.29637, 42.8], [-2.260341, 43.296367, 43.0], [-2.260345, 43.296364, 43.1], [-2.26035, 43.296361, 43.2], [-2.260355, 43.296359, 43.4], [-2.26036, 43.296357, 43.5], [-2.260366, 43.296356, 43.6], [-2.260372, 43.296354, 43.7], [-2.260377, 43.296353, 43.9], [-2.260383, 43.296353, 44.0], [-2.260389, 43.296353, 44.1], [-2.260395, 43.296353, 44.2], [-2.260401, 43.296354, 44.2], [-2.260407, 43.296355, 44.3], [-2.260412, 43.296356, 44.4], [-2.260418, 43.296358, 44.4], [-2.260423, 43.29636, 44.5], [-2.260428, 43.296362, 44.5], [-2.260433, 43.296365, 44.5], [-2.260501, 43.2964, 46.0], [-2.260574, 43.29643, 47.9], [-2.26065, 43.296456, 51.1], [-2.260717, 43.296481, 53.1], [-2.260784, 43.2965, 54.0], [-2.260851, 43.296517, 55.5], [-2.260984, 43.296533, 57.8], [-2.261154, 43.296552, 59.6], [-2.261288, 43.296561, 61.8], [-2.261484, 43.296565, 64.0], [-2.26196, 43.29662, 69.7], [-2.261998, 43.296624, 70.3], [-2.262036, 43.296622, 70.8], [-2.262073, 43.296617, 70.9], [-2.262109, 43.296607, 71.1], [-2.262142, 43.296593, 71.7], [-2.262171, 43.296575, 72.1], [-2.262196, 43.296554, 72.5], [-2.262216, 43.296531, 72.9], [-2.26223, 43.296505, 73.1], [-2.26226, 43.296462, 74.3], [-2.262298, 43.296421, 75.2], [-2.262343, 43.296386, 76.3], [-2.262388, 43.296376, 76.9], [-2.262435, 43.296371, 77.4], [-2.262482, 43.296372, 78.2], [-2.263001, 43.296493, 83.9], [-2.263072, 43.296507, 84.8], [-2.263145, 43.296514, 85.0], [-2.263219, 43.296516, 86.1], [-2.263259, 43.296514, 86.8], [-2.263298, 43.296508, 87.3], [-2.263335, 43.296497, 88.0], [-2.26337, 43.296483, 88.0], [-2.263402, 43.296465, 88.1], [-2.263429, 43.296443, 88.7], [-2.263755, 43.296191, 93.8], [-2.263892, 43.296114, 95.0], [-2.264015, 43.29607, 97.0], [-2.264152, 43.29603, 98.2], [-2.264311, 43.295987, 99.9], [-2.264537, 43.295929, 102.1], [-2.264814, 43.295887, 103.9], [-2.265032, 43.295881, 104.0], [-2.265534, 43.295892, 104.9], [-2.265818, 43.295898, 105.0], [-2.265865, 43.295896, 105.0], [-2.26591, 43.29589, 105.0], [-2.265954, 43.295879, 105.4], [-2.265995, 43.295863, 106.0], [-2.266032, 43.295843, 106.0], [-2.266064, 43.295818, 106.1], [-2.266168, 43.295721, 106.8], [-2.266248, 43.295614, 108.2], [-2.266341, 43.295488, 109.6], [-2.266398, 43.295398, 111.5], [-2.266418, 43.295358, 111.0], [-2.266521, 43.295133, 114.1], [-2.266618, 43.294935, 115.2], [-2.266677, 43.29481, 116.9], [-2.266757, 43.294664, 118.6], [-2.266806, 43.294564, 118.9], [-2.266861, 43.294457, 119.1], [-2.266904, 43.294356, 120.9], [-2.266905, 43.294306, 120.5], [-2.266899, 43.29426, 120.6], [-2.266879, 43.294209, 120.6], [-2.266829, 43.294095, 121.4], [-2.266789, 43.29399, 122.0], [-2.266769, 43.293904, 123.3], [-2.266764, 43.293808, 123.5], [-2.266771, 43.293732, 124.4], [-2.266794, 43.293552, 126.0], [-2.266825, 43.293432, 126.7], [-2.266905, 43.293295, 128.1], [-2.267005, 43.293175, 128.9], [-2.267181, 43.293007, 129.0], [-2.267366, 43.292822, 129.7], [-2.26753, 43.292672, 130.1], [-2.26773, 43.292488, 130.0], [-2.267929, 43.29236, 129.8], [-2.268092, 43.292282, 129.0], [-2.268264, 43.292198, 129.0], [-2.26839, 43.292166, 129.0], [-2.26851, 43.292149, 128.0], [-2.268651, 43.292159, 127.5], [-2.268821, 43.292169, 126.8], [-2.268963, 43.292182, 125.5], [-2.269072, 43.292183, 124.8], [-2.269191, 43.292181, 124.0], [-2.2693, 43.292168, 123.1], [-2.269396, 43.292143, 122.5], [-2.269489, 43.29212, 122.0], [-2.269951, 43.291981, 120.0], [-2.270372, 43.291855, 119.0], [-2.271095, 43.291636, 120.0], [-2.271599, 43.291457, 122.0], [-2.271666, 43.291438, 122.1], [-2.271838, 43.291396, 123.0], [-2.271944, 43.291368, 124.0], [-2.272069, 43.291327, 124.2], [-2.272155, 43.29128, 124.9], [-2.272275, 43.291209, 125.8], [-2.272342, 43.291165, 125.8], [-2.272541, 43.291037, 127.7], [-2.272692, 43.290948, 128.2], [-2.272792, 43.290885, 128.0], [-2.273015, 43.290711, 128.9], [-2.273076, 43.290673, 128.8], [-2.273141, 43.29064, 128.6], [-2.273211, 43.290611, 129.2], [-2.273284, 43.290586, 129.8], [-2.273359, 43.290566, 130.2], [-2.273436, 43.290552, 130.9], [-2.273588, 43.290548, 131.1], [-2.273729, 43.290546, 132.4], [-2.273847, 43.290534, 134.0], [-2.273943, 43.290517, 135.4], [-2.273995, 43.290496, 136.8], [-2.274054, 43.290463, 137.9], [-2.274098, 43.290426, 138.7], [-2.274162, 43.29037, 140.2], [-2.274206, 43.290326, 141.1], [-2.274255, 43.290251, 142.4], [-2.274284, 43.290203, 143.7], [-2.274328, 43.290132, 145.0], [-2.274393, 43.289995, 146.9], [-2.274467, 43.289877, 148.8], [-2.274617, 43.2897, 150.8], [-2.27477, 43.289506, 152.8], [-2.274838, 43.289383, 154.4], [-2.274962, 43.289262, 156.2], [-2.275025, 43.289199, 156.6], [-2.275104, 43.289128, 156.9], [-2.275193, 43.289056, 157.0], [-2.275339, 43.288934, 156.9], [-2.275485, 43.288823, 157.2], [-2.275606, 43.288728, 157.4], [-2.275712, 43.288651, 157.5], [-2.275856, 43.288544, 157.6], [-2.275966, 43.288466, 157.6], [-2.276094, 43.288355, 158.2], [-2.276214, 43.288254, 158.6], [-2.276366, 43.288097, 158.7], [-2.27648, 43.287982, 159.1], [-2.276586, 43.287881, 159.3], [-2.276695, 43.287804, 159.9], [-2.276898, 43.287723, 160.9], [-2.27729, 43.287624, 164.7], [-2.277542, 43.287548, 166.8], [-2.277722, 43.287479, 167.4], [-2.277854, 43.287415, 167.0], [-2.277991, 43.287376, 167.3], [-2.278132, 43.287346, 168.9], [-2.278305, 43.287315, 170.1], [-2.278554, 43.287275, 172.9], [-2.278677, 43.287264, 173.1], [-2.278829, 43.287261, 172.7], [-2.278894, 43.287267, 172.2], [-2.278967, 43.287287, 172.2], [-2.279106, 43.287318, 172.0], [-2.279153, 43.287336, 172.0], [-2.279212, 43.28737, 172.0], [-2.279288, 43.287423, 171.1], [-2.279526, 43.287602, 171.0], [-2.279744, 43.287775, 170.3], [-2.279876, 43.287886, 170.1], [-2.280011, 43.288003, 170.0], [-2.28019, 43.288145, 170.0], [-2.280282, 43.288225, 169.9], [-2.280449, 43.288283, 170.1], [-2.280684, 43.288367, 170.9], [-2.280846, 43.288402, 171.0], [-2.281013, 43.288403, 172.2], [-2.281269, 43.288412, 174.5], [-2.281473, 43.28843, 176.2], [-2.281856, 43.288501, 180.0], [-2.282111, 43.288538, 184.5], [-2.282422, 43.288545, 187.1], [-2.282689, 43.288568, 189.7], [-2.282898, 43.288574, 192.4], [-2.283165, 43.28857, 196.4], [-2.283766, 43.288573, 204.1], [-2.283908, 43.288568, 205.2], [-2.284045, 43.28855, 206.0], [-2.284166, 43.288527, 205.9], [-2.284269, 43.288501, 206.4], [-2.284383, 43.288452, 206.2], [-2.284498, 43.288397, 206.8], [-2.284585, 43.288357, 208.2], [-2.284664, 43.288319, 209.1], [-2.284713, 43.288297, 209.5], [-2.284787, 43.288265, 210.1], [-2.284826, 43.288259, 209.9], [-2.284872, 43.288253, 210.0], [-2.284955, 43.28825, 210.0], [-2.285004, 43.288249, 210.0], [-2.285077, 43.28825, 209.8], [-2.285146, 43.288255, 209.0], [-2.285243, 43.288272, 208.3], [-2.28531, 43.288283, 207.4], [-2.285823, 43.288394, 202.2], [-2.286374, 43.288485, 202.0], [-2.286402, 43.288372, 202.0], [-2.286434, 43.288295, 203.0], [-2.286459, 43.288221, 203.0], [-2.286484, 43.288159, 203.0], [-2.286504, 43.288104, 203.3], [-2.286534, 43.288038, 203.0], [-2.286564, 43.287976, 203.1], [-2.286606, 43.287907, 203.0], [-2.286633, 43.287862, 202.9], [-2.286696, 43.287819, 202.9], [-2.286798, 43.287772, 202.0], [-2.286893, 43.287731, 201.9], [-2.286964, 43.287709, 201.4], [-2.287031, 43.287684, 201.0], [-2.287231, 43.287614, 200.0], [-2.287344, 43.28758, 199.0], [-2.287405, 43.28757, 198.2], [-2.287447, 43.287569, 198.0], [-2.287502, 43.28757, 197.7], [-2.287554, 43.28757, 197.2], [-2.287691, 43.287576, 197.0], [-2.287796, 43.287577, 196.9], [-2.287843, 43.287574, 196.3], [-2.287879, 43.287572, 196.1], [-2.287928, 43.287564, 196.0], [-2.288006, 43.287539, 195.7], [-2.288105, 43.287508, 195.0], [-2.288201, 43.287464, 195.0], [-2.288321, 43.287398, 195.2], [-2.288508, 43.28729, 195.0], [-2.28868, 43.28719, 196.1], [-2.288813, 43.287101, 196.2], [-2.288867, 43.287071, 196.4], [-2.289017, 43.28699, 197.9], [-2.289123, 43.286942, 198.6], [-2.289264, 43.286895, 199.0], [-2.2894, 43.28685, 200.0], [-2.289526, 43.286812, 200.1], [-2.289651, 43.286791, 201.0], [-2.290031, 43.286763, 202.0], [-2.290518, 43.286694, 204.5], [-2.290799, 43.286645, 205.4], [-2.291027, 43.286585, 205.9], [-2.291411, 43.286457, 206.0], [-2.291423, 43.286453, 206.0], [-2.291669, 43.286372, 205.0], [-2.291844, 43.286317, 204.8], [-2.291856, 43.286314, 204.7], [-2.291867, 43.28631, 204.7], [-2.291877, 43.286306, 204.6], [-2.291887, 43.286301, 204.4], [-2.291896, 43.286296, 204.3], [-2.291905, 43.28629, 204.2], [-2.291913, 43.286283, 204.0], [-2.29192, 43.286276, 204.0], [-2.291926, 43.286268, 204.0], [-2.291931, 43.28626, 204.0], [-2.291935, 43.286252, 204.0], [-2.291938, 43.286244, 204.0], [-2.291941, 43.286235, 204.0], [-2.291942, 43.286226, 203.8], [-2.291942, 43.286218, 203.7], [-2.291941, 43.286209, 203.5], [-2.29194, 43.286203, 203.4], [-2.291967, 43.285987, 203.0], [-2.291969, 43.285837, 203.0], [-2.291975, 43.285799, 203.0], [-2.29199, 43.285762, 203.0], [-2.292013, 43.285728, 203.0], [-2.292044, 43.285697, 203.0], [-2.292082, 43.28567, 203.0], [-2.292125, 43.285648, 203.0], [-2.292173, 43.285632, 203.0], [-2.292223, 43.285623, 203.0], [-2.292276, 43.285619, 203.0], [-2.292328, 43.285623, 203.0], [-2.292711, 43.285693, 202.9], [-2.293128, 43.285779, 201.7], [-2.293378, 43.285811, 201.0], [-2.293547, 43.285808, 201.0], [-2.293718, 43.285797, 201.0], [-2.294204, 43.28576, 204.0], [-2.294524, 43.285714, 207.0], [-2.29474, 43.285663, 207.9], [-2.294954, 43.285607, 208.0], [-2.295026, 43.285582, 208.1], [-2.295094, 43.285553, 207.5], [-2.295159, 43.28552, 206.9], [-2.295219, 43.285482, 207.0], [-2.295275, 43.285441, 206.1], [-2.295335, 43.285387, 205.8], [-2.295503, 43.285239, 204.3], [-2.29566, 43.285119, 202.7], [-2.295832, 43.284986, 202.1], [-2.295965, 43.284908, 201.9], [-2.296184, 43.284794, 199.7], [-2.296454, 43.284629, 196.2], [-2.296577, 43.284548, 194.9], [-2.296804, 43.284416, 193.0], [-2.29705, 43.284307, 191.6], [-2.297266, 43.284242, 189.8], [-2.297585, 43.28416, 187.1], [-2.297906, 43.284082, 184.0], [-2.298109, 43.284035, 182.0], [-2.298196, 43.284011, 181.6], [-2.298279, 43.283981, 180.4], [-2.298358, 43.283945, 180.0], [-2.298431, 43.283903, 179.0], [-2.298498, 43.283856, 178.2], [-2.298606, 43.283763, 176.3], [-2.298691, 43.283688, 175.8], [-2.29879, 43.283584, 175.0], [-2.298855, 43.283502, 174.2], [-2.298901, 43.28343, 173.7], [-2.298917, 43.283359, 173.0], [-2.29891, 43.283267, 171.1], [-2.298891, 43.283183, 170.2], [-2.298835, 43.283055, 168.4], [-2.298774, 43.282903, 166.0], [-2.298677, 43.282657, 163.7], [-2.298617, 43.282498, 162.1], [-2.298564, 43.28233, 159.5], [-2.298526, 43.2822, 158.0], [-2.298488, 43.282104, 156.7], [-2.29837, 43.281851, 153.0], [-2.298275, 43.281699, 151.0], [-2.298192, 43.281586, 148.9], [-2.298125, 43.281506, 147.7], [-2.298082, 43.281461, 147.0], [-2.298046, 43.281412, 146.0], [-2.298017, 43.281361, 145.7], [-2.297997, 43.281308, 144.7], [-2.298001, 43.281251, 144.0], [-2.298012, 43.281194, 143.2], [-2.298031, 43.281139, 142.9], [-2.298058, 43.281085, 141.9], [-2.298092, 43.281034, 141.0], [-2.298133, 43.280985, 140.2], [-2.29818, 43.28094, 139.8], [-2.298234, 43.280898, 139.0], [-2.298338, 43.28083, 138.0], [-2.298448, 43.280765, 136.6], [-2.298513, 43.280719, 136.0], [-2.29857, 43.280668, 135.1], [-2.298621, 43.280612, 134.2], [-2.298664, 43.280554, 133.9], [-2.298699, 43.280492, 133.0], [-2.298724, 43.280429, 132.2], [-2.298742, 43.280363, 132.0], [-2.29875, 43.280297, 131.1], [-2.298749, 43.280231, 130.7], [-2.298728, 43.280128, 129.4], [-2.298691, 43.280033, 128.3], [-2.298617, 43.279902, 127.3], [-2.298529, 43.279767, 125.5], [-2.298463, 43.279657, 124.0], [-2.298432, 43.279588, 123.6], [-2.298411, 43.279534, 123.0], [-2.29841, 43.279479, 122.0], [-2.298437, 43.2794, 122.0], [-2.298474, 43.279296, 121.9], [-2.298526, 43.279196, 122.0], [-2.298622, 43.279076, 123.0], [-2.298593, 43.279055, 123.1], [-2.298543, 43.279035, 123.9], [-2.298478, 43.279019, 124.5], [-2.298398, 43.279004, 125.5], [-2.298236, 43.278987, 126.0], [-2.298116, 43.278969, 126.3], [-2.298056, 43.278951, 127.0], [-2.297981, 43.278913, 127.0], [-2.297965, 43.278898, 127.0], [-2.297879, 43.278784, 128.1], [-2.297822, 43.278701, 128.2], [-2.297702, 43.278635, 129.5], [-2.297582, 43.278583, 130.6], [-2.297538, 43.278557, 131.3], [-2.297388, 43.278471, 133.9], [-2.297265, 43.278399, 136.9], [-2.29715, 43.278317, 139.7], [-2.297116, 43.278288, 140.4], [-2.297089, 43.278254, 140.8], [-2.297069, 43.278218, 142.0], [-2.297057, 43.278181, 142.3], [-2.297054, 43.278142, 142.7], [-2.297059, 43.278103, 143.3], [-2.297087, 43.277971, 146.4], [-2.297092, 43.277908, 147.7], [-2.297091, 43.277845, 148.3], [-2.297082, 43.277782, 149.5], [-2.297067, 43.27772, 150.9], [-2.297044, 43.277659, 152.3], [-2.29701, 43.277588, 154.0], [-2.29697, 43.27752, 155.4], [-2.296924, 43.277453, 156.8], [-2.296873, 43.277389, 158.7], [-2.296816, 43.277327, 160.5], [-2.29679, 43.277306, 161.0], [-2.29676, 43.277287, 161.6], [-2.296728, 43.27727, 162.5], [-2.296452, 43.277104, 167.5], [-2.296209, 43.276972, 170.6], [-2.296054, 43.276887, 173.2], [-2.295907, 43.276796, 175.2], [-2.295893, 43.276782, 175.5], [-2.295883, 43.276767, 175.9], [-2.295876, 43.276751, 176.0], [-2.295873, 43.276734, 176.0], [-2.295874, 43.276717, 176.0], [-2.295879, 43.2767, 176.3], [-2.295888, 43.276684, 176.7], [-2.2959, 43.27667, 177.0], [-2.295916, 43.276658, 177.2], [-2.295934, 43.276647, 177.5], [-2.295955, 43.276639, 177.7], [-2.296045, 43.27662, 178.1], [-2.296175, 43.276602, 179.0], [-2.296296, 43.276592, 179.0], [-2.296424, 43.276573, 179.2], [-2.296567, 43.276546, 180.0], [-2.296698, 43.276511, 180.7], [-2.29686, 43.276465, 181.0], [-2.297001, 43.27642, 181.0], [-2.297105, 43.276389, 181.0], [-2.297187, 43.276373, 180.7], [-2.297362, 43.276362, 179.0], [-2.297442, 43.276358, 178.4], [-2.297617, 43.276362, 177.0], [-2.297785, 43.27637, 176.1], [-2.297901, 43.276377, 175.4], [-2.297958, 43.276381, 175.3], [-2.297982, 43.276387, 175.3], [-2.298013, 43.276394, 175.1], [-2.298051, 43.276409, 175.0], [-2.298161, 43.276458, 174.7], [-2.298324, 43.276535, 174.1], [-2.298402, 43.276566, 174.1], [-2.298466, 43.276581, 173.3], [-2.298554, 43.276595, 172.0], [-2.298638, 43.276603, 171.1], [-2.298722, 43.276605, 170.2], [-2.298827, 43.276595, 169.8], [-2.298978, 43.276562, 169.9], [-2.299174, 43.276519, 169.3], [-2.2993, 43.276497, 168.1], [-2.299449, 43.276443, 167.5], [-2.29961, 43.276387, 166.4], [-2.299703, 43.276352, 165.5], [-2.29979, 43.276317, 164.6], [-2.299877, 43.276282, 163.8], [-2.299973, 43.276244, 163.0], [-2.300115, 43.276185, 161.0], [-2.300256, 43.276129, 159.9], [-2.300358, 43.276086, 158.2], [-2.300496, 43.276028, 156.0], [-2.300556, 43.275992, 155.3], [-2.300601, 43.275961, 154.6], [-2.300619, 43.275935, 154.0], [-2.300637, 43.275901, 153.3], [-2.300665, 43.275829, 151.9], [-2.300692, 43.275758, 150.1], [-2.300769, 43.275781, 150.3], [-2.300838, 43.275804, 150.2], [-2.300873, 43.275823, 150.8], [-2.300902, 43.275841, 150.6], [-2.300928, 43.275867, 149.9], [-2.300952, 43.275894, 149.5], [-2.300972, 43.275929, 149.2], [-2.30098, 43.27595, 149.1], [-2.300982, 43.275968, 149.0], [-2.300982, 43.275983, 149.0], [-2.300966, 43.276012, 148.6], [-2.300935, 43.276054, 147.6], [-2.300899, 43.27611, 145.6], [-2.300892, 43.276147, 145.5], [-2.300902, 43.276178, 145.3], [-2.30092, 43.276221, 145.0], [-2.300926, 43.276247, 144.8], [-2.300928, 43.276276, 144.7], [-2.300936, 43.276319, 144.6], [-2.300949, 43.27635, 144.6], [-2.300964, 43.276368, 144.4], [-2.300997, 43.276393, 143.9], [-2.301048, 43.276409, 143.4], [-2.301101, 43.276423, 142.8], [-2.301126, 43.276424, 142.4], [-2.301199, 43.276436, 141.5], [-2.301254, 43.276454, 141.0], [-2.301276, 43.276467, 140.9], [-2.301304, 43.276492, 140.9], [-2.301346, 43.276531, 140.2], [-2.301392, 43.276573, 140.3], [-2.301446, 43.276651, 140.5], [-2.30153, 43.27676, 139.2], [-2.301577, 43.27679, 139.2], [-2.301624, 43.276804, 139.9], [-2.301703, 43.276832, 140.8], [-2.301826, 43.276885, 142.1], [-2.301876, 43.27692, 143.7], [-2.301979, 43.276997, 145.8], [-2.302057, 43.277042, 146.7], [-2.302101, 43.277061, 146.8], [-2.302149, 43.277075, 147.2], [-2.302199, 43.277084, 147.4], [-2.302251, 43.277087, 147.4], [-2.302302, 43.277084, 147.7], [-2.302352, 43.277076, 147.8], [-2.30239, 43.277063, 147.7], [-2.302429, 43.277054, 148.5], [-2.30247, 43.277047, 149.4], [-2.302542, 43.277042, 150.5], [-2.302614, 43.277042, 151.4], [-2.302687, 43.277045, 151.8], [-2.302729, 43.277055, 151.9], [-2.302748, 43.277065, 152.0], [-2.30277, 43.27708, 151.7], [-2.302787, 43.277094, 151.3], [-2.3028, 43.277107, 151.2], [-2.302819, 43.277127, 151.2], [-2.302832, 43.277149, 151.5], [-2.302855, 43.277187, 152.2], [-2.302865, 43.277208, 152.5], [-2.302873, 43.27723, 152.3], [-2.302885, 43.277275, 151.8], [-2.302888, 43.277312, 151.6], [-2.302929, 43.277417, 151.3], [-2.302964, 43.277456, 151.1], [-2.303005, 43.277476, 150.9], [-2.303049, 43.277493, 151.6], [-2.303095, 43.277508, 152.4], [-2.303142, 43.27752, 152.9], [-2.303191, 43.277528, 153.3], [-2.303234, 43.277533, 154.3], [-2.303338, 43.277539, 155.2], [-2.303482, 43.277542, 155.6], [-2.303578, 43.277542, 157.1], [-2.303708, 43.277534, 158.8], [-2.303801, 43.277546, 158.7], [-2.303908, 43.277566, 158.8], [-2.304029, 43.277568, 158.8], [-2.304096, 43.277541, 159.3], [-2.304166, 43.277513, 160.0], [-2.304212, 43.277491, 159.9], [-2.304259, 43.277475, 160.0], [-2.304295, 43.277465, 160.5], [-2.304326, 43.27746, 161.1], [-2.304349, 43.277457, 161.5], [-2.304371, 43.277458, 161.6], [-2.304394, 43.277459, 161.5], [-2.304422, 43.277465, 161.4], [-2.304473, 43.277488, 161.1], [-2.304509, 43.277509, 161.9], [-2.304528, 43.277523, 162.1], [-2.304555, 43.277538, 162.2], [-2.30458, 43.277555, 162.8], [-2.304602, 43.277573, 162.9], [-2.304623, 43.277593, 163.0], [-2.304642, 43.277614, 163.1], [-2.304697, 43.277664, 163.3], [-2.304735, 43.27771, 163.7], [-2.304762, 43.277763, 163.8], [-2.304781, 43.277816, 163.4], [-2.304802, 43.277862, 163.5], [-2.304825, 43.2779, 163.3], [-2.304856, 43.277936, 163.0], [-2.304882, 43.277969, 163.2], [-2.304913, 43.277998, 163.1], [-2.304948, 43.278026, 163.2], [-2.305004, 43.27805, 162.8], [-2.305055, 43.27807, 162.4], [-2.305082, 43.278076, 162.1], [-2.305115, 43.278079, 161.6], [-2.305158, 43.278081, 161.1], [-2.305189, 43.278081, 161.1], [-2.305295, 43.278104, 161.7], [-2.305381, 43.278117, 162.6], [-2.305464, 43.278126, 164.1], [-2.305618, 43.278111, 165.3], [-2.305748, 43.278089, 165.3], [-2.305888, 43.27808, 165.9], [-2.305991, 43.278068, 166.7], [-2.306105, 43.278046, 167.4], [-2.306157, 43.278027, 166.8], [-2.306229, 43.277989, 166.3], [-2.306296, 43.277953, 166.1], [-2.30637, 43.277907, 165.8], [-2.306422, 43.277885, 166.5], [-2.306455, 43.277872, 166.5], [-2.306484, 43.277866, 166.3], [-2.306506, 43.277864, 166.2], [-2.30653, 43.277864, 166.5], [-2.306554, 43.277864, 166.9], [-2.306586, 43.277869, 167.1], [-2.306613, 43.277879, 167.1], [-2.306665, 43.277896, 167.0], [-2.306692, 43.277908, 167.1], [-2.306719, 43.27792, 167.6], [-2.306745, 43.277936, 167.8], [-2.306767, 43.277949, 167.9], [-2.306794, 43.277963, 168.5], [-2.306912, 43.278016, 168.6], [-2.307012, 43.278072, 169.3], [-2.307039, 43.278083, 169.1], [-2.307067, 43.278092, 169.2], [-2.307095, 43.278099, 169.5], [-2.307125, 43.278105, 169.7], [-2.307155, 43.278109, 169.6], [-2.307186, 43.27811, 169.5], [-2.307217, 43.27811, 170.0], [-2.307247, 43.278108, 170.4], [-2.307255, 43.278107, 170.5], [-2.307307, 43.278099, 171.2], [-2.307425, 43.278085, 170.7], [-2.307544, 43.278079, 170.7], [-2.307663, 43.278081, 170.9], [-2.307665, 43.278081, 170.9], [-2.307669, 43.278081, 171.0], [-2.307674, 43.27808, 171.0], [-2.307679, 43.278081, 171.0], [-2.307683, 43.278081, 171.0], [-2.307688, 43.278082, 171.0], [-2.307692, 43.278083, 171.0], [-2.307696, 43.278084, 171.0], [-2.3077, 43.278086, 171.0], [-2.307704, 43.278087, 171.0], [-2.307708, 43.278089, 171.0], [-2.307711, 43.278092, 171.0], [-2.307714, 43.278094, 171.0], [-2.307717, 43.278097, 171.1], [-2.307719, 43.2781, 171.1], [-2.307721, 43.278103, 171.2], [-2.307723, 43.278106, 171.3], [-2.307724, 43.278109, 171.3], [-2.307725, 43.278112, 171.4], [-2.307726, 43.278115, 171.5], [-2.307723, 43.27813, 171.8], [-2.307721, 43.278144, 172.0], [-2.307721, 43.278159, 172.1], [-2.307723, 43.278174, 172.2], [-2.307727, 43.278188, 172.3], [-2.307732, 43.278202, 172.5], [-2.307739, 43.278216, 172.7], [-2.307748, 43.278229, 173.0], [-2.307756, 43.27824, 173.2], [-2.307811, 43.278306, 173.0], [-2.307848, 43.278341, 173.6], [-2.307875, 43.278386, 174.2], [-2.307887, 43.278429, 174.1], [-2.307924, 43.27847, 172.9], [-2.307957, 43.278505, 172.5], [-2.307983, 43.278521, 172.0], [-2.308037, 43.278553, 171.3], [-2.308067, 43.27857, 170.9], [-2.308111, 43.278606, 170.2], [-2.308142, 43.278631, 169.7], [-2.30819, 43.278657, 169.1], [-2.308239, 43.2787, 167.4], [-2.308271, 43.27873, 166.5], [-2.308301, 43.27877, 165.8], [-2.308341, 43.278806, 164.6], [-2.308382, 43.278846, 163.3], [-2.308465, 43.278897, 161.4], [-2.308549, 43.278931, 160.2], [-2.308688, 43.278974, 157.9], [-2.308815, 43.279031, 155.8], [-2.308867, 43.279046, 154.5], [-2.308953, 43.279099, 153.6], [-2.309065, 43.279138, 152.6], [-2.309233, 43.279186, 148.7], [-2.309377, 43.27923, 147.2], [-2.309552, 43.279311, 144.8], [-2.309669, 43.27936, 143.4], [-2.309787, 43.279396, 142.5], [-2.30988, 43.279414, 142.0], [-2.310061, 43.279454, 141.0], [-2.310136, 43.279467, 141.0], [-2.310144, 43.279468, 140.9], [-2.310152, 43.279469, 140.9], [-2.31016, 43.27947, 140.9], [-2.310168, 43.27947, 140.8], [-2.310175, 43.27947, 140.8], [-2.310183, 43.279469, 140.8], [-2.310191, 43.279467, 140.8], [-2.310198, 43.279465, 140.7], [-2.310206, 43.279463, 140.7], [-2.310212, 43.27946, 140.6], [-2.310219, 43.279457, 140.5], [-2.310225, 43.279453, 140.5], [-2.310231, 43.279449, 140.5], [-2.310236, 43.279445, 140.5], [-2.310241, 43.27944, 140.5], [-2.310244, 43.279436, 140.6], [-2.310266, 43.279416, 140.7], [-2.310338, 43.279357, 140.3], [-2.310418, 43.279304, 140.6], [-2.310503, 43.279255, 140.6], [-2.310594, 43.279212, 140.8], [-2.31069, 43.279175, 141.0], [-2.310789, 43.279144, 141.0], [-2.310892, 43.27912, 141.0], [-2.311442, 43.279005, 141.3], [-2.311523, 43.278983, 141.8], [-2.311646, 43.278957, 142.0], [-2.311771, 43.278939, 141.1], [-2.311898, 43.278929, 129.8], [-2.312026, 43.278927, 120.3], [-2.312154, 43.278933, 120.0], [-2.31228, 43.278948, 121.1], [-2.312404, 43.27897, 126.8], [-2.312525, 43.279, 137.9], [-2.312642, 43.279038, 143.2], [-2.312754, 43.279083, 143.7], [-2.312987, 43.279209, 144.0], [-2.313196, 43.279345, 144.0], [-2.313562, 43.279581, 145.0], [-2.313959, 43.279837, 146.0], [-2.314364, 43.280083, 147.0], [-2.31478, 43.280344, 148.0], [-2.315133, 43.28057, 149.0], [-2.31527, 43.280658, 150.0], [-2.315417, 43.280738, 150.0], [-2.315572, 43.280807, 150.9], [-2.315736, 43.280867, 151.5], [-2.315905, 43.280915, 152.0], [-2.315965, 43.28093, 152.0], [-2.316008, 43.280952, 152.3], [-2.316076, 43.28099, 152.8], [-2.316119, 43.281015, 152.2], [-2.31623, 43.281058, 151.0], [-2.316335, 43.281081, 149.4], [-2.316471, 43.281119, 147.9], [-2.31654, 43.281134, 147.3], [-2.316619, 43.281162, 145.4], [-2.316655, 43.281182, 144.7], [-2.316766, 43.281217, 143.8], [-2.316838, 43.28124, 143.2], [-2.316914, 43.281259, 141.5], [-2.316991, 43.281273, 140.3], [-2.317069, 43.281281, 139.9], [-2.317144, 43.281285, 138.7], [-2.317593, 43.2813, 136.2], [-2.317688, 43.281294, 135.2], [-2.317757, 43.281285, 133.9], [-2.317841, 43.281275, 133.3], [-2.317888, 43.281268, 133.0], [-2.317911, 43.281261, 133.0], [-2.317959, 43.281242, 133.3], [-2.318173, 43.281147, 132.8], [-2.318306, 43.281095, 132.0], [-2.318397, 43.281062, 132.5], [-2.318462, 43.281046, 132.9], [-2.318531, 43.281024, 133.9], [-2.318573, 43.281007, 134.4], [-2.318602, 43.280991, 134.9], [-2.31864, 43.280964, 136.0], [-2.318694, 43.28092, 137.2], [-2.318719, 43.280902, 137.7], [-2.318739, 43.280888, 138.0], [-2.318783, 43.280856, 138.2], [-2.318848, 43.280816, 138.3], [-2.318904, 43.280789, 139.3], [-2.318993, 43.280746, 140.0], [-2.319082, 43.28071, 140.4], [-2.319133, 43.280695, 140.0], [-2.319255, 43.280653, 140.7], [-2.319342, 43.28062, 140.7], [-2.319413, 43.280585, 140.3], [-2.319476, 43.280544, 140.2], [-2.319623, 43.280459, 140.1], [-2.319677, 43.280437, 140.3], [-2.319729, 43.280418, 139.9], [-2.319851, 43.280384, 140.5], [-2.319926, 43.280372, 140.1], [-2.32001, 43.280353, 140.4], [-2.320106, 43.28032, 141.3], [-2.320221, 43.280266, 141.5], [-2.320329, 43.28021, 142.4], [-2.320433, 43.280141, 142.7], [-2.320535, 43.280096, 142.2], [-2.320633, 43.280066, 141.2], [-2.320718, 43.280035, 141.2], [-2.320761, 43.280001, 141.8], [-2.320851, 43.279939, 141.6], [-2.320876, 43.279908, 142.2], [-2.320934, 43.279859, 142.2], [-2.320981, 43.279819, 142.1], [-2.321006, 43.279798, 142.3], [-2.32104, 43.27977, 142.5], [-2.321067, 43.279764, 142.5], [-2.321098, 43.27976, 142.6], [-2.321134, 43.279752, 142.9], [-2.321178, 43.27975, 143.4], [-2.321215, 43.27975, 144.0], [-2.321249, 43.279749, 144.0], [-2.321269, 43.279747, 144.1], [-2.321288, 43.279741, 144.2], [-2.321317, 43.279723, 144.6], [-2.321401, 43.279668, 144.7], [-2.321472, 43.27962, 144.5], [-2.32152, 43.279593, 144.2], [-2.321554, 43.279576, 144.4], [-2.321603, 43.279557, 144.1], [-2.321664, 43.279541, 143.5], [-2.321769, 43.279525, 143.1], [-2.321838, 43.27953, 143.0], [-2.321843, 43.279534, 143.0], [-2.321862, 43.279553, 143.0], [-2.321879, 43.279572, 143.0], [-2.321894, 43.279592, 143.0], [-2.321906, 43.279613, 143.0], [-2.321915, 43.279635, 143.0], [-2.321917, 43.279643, 143.0], [-2.321919, 43.27965, 143.0], [-2.321923, 43.279658, 143.0], [-2.321927, 43.279665, 143.0], [-2.321932, 43.279672, 143.3], [-2.321938, 43.279678, 143.6], [-2.321943, 43.279682, 143.8], [-2.321945, 43.279685, 143.9], [-2.321948, 43.279687, 144.0], [-2.32195, 43.279688, 144.0], [-2.321953, 43.27969, 144.1], [-2.321956, 43.279691, 144.2], [-2.321959, 43.279693, 144.2], [-2.321962, 43.279694, 144.2], [-2.321965, 43.279695, 144.3], [-2.321968, 43.279695, 144.2], [-2.321972, 43.279696, 144.2], [-2.321975, 43.279696, 144.2], [-2.321979, 43.279696, 144.1], [-2.321982, 43.279696, 144.1], [-2.321986, 43.279695, 144.0], [-2.321989, 43.279695, 144.0], [-2.321992, 43.279694, 143.9], [-2.321996, 43.279693, 143.8], [-2.321999, 43.279691, 143.8], [-2.322001, 43.27969, 143.7], [-2.322004, 43.279688, 143.6], [-2.322007, 43.279686, 143.6], [-2.3222, 43.279537, 144.1], [-2.322457, 43.279343, 144.3], [-2.322565, 43.27932, 145.0], [-2.323058, 43.279064, 147.0], [-2.323359, 43.278912, 148.7], [-2.323445, 43.278851, 149.0], [-2.323616, 43.278805, 150.2], [-2.323788, 43.278763, 150.6], [-2.32411, 43.278656, 151.8], [-2.324131, 43.278656, 152.0], [-2.324818, 43.278569, 158.9], [-2.325097, 43.278569, 159.6], [-2.325333, 43.278592, 160.2], [-2.325676, 43.278656, 163.3], [-2.325998, 43.278675, 166.2], [-2.326062, 43.278698, 166.0], [-2.326406, 43.27874, 169.9], [-2.326685, 43.278805, 175.5], [-2.326813, 43.278828, 177.7], [-2.326835, 43.278828, 177.8], [-2.326985, 43.27887, 182.4], [-2.327092, 43.278912, 184.5], [-2.327114, 43.278912, 185.0], [-2.327243, 43.278958, 189.7], [-2.327264, 43.278958, 189.8], [-2.327564, 43.279019, 195.8], [-2.327801, 43.279042, 199.8], [-2.327972, 43.279042, 202.4], [-2.328101, 43.279042, 205.0], [-2.32838, 43.278958, 207.6], [-2.32853, 43.27887, 208.8], [-2.328723, 43.278805, 213.4], [-2.328809, 43.278805, 217.1], [-2.328852, 43.278851, 218.8], [-2.328856, 43.278855, 218.9], [-2.328861, 43.278858, 219.1], [-2.328866, 43.278862, 219.3], [-2.328872, 43.278864, 219.5], [-2.328878, 43.278867, 219.7], [-2.328884, 43.278869, 219.9], [-2.328891, 43.278871, 220.1], [-2.328897, 43.278872, 220.2], [-2.328904, 43.278873, 220.4], [-2.328911, 43.278873, 220.6], [-2.328918, 43.278873, 220.7], [-2.328924, 43.278873, 220.9], [-2.328931, 43.278872, 221.0], [-2.328938, 43.278871, 221.0], [-2.328944, 43.278869, 221.0], [-2.32895, 43.278867, 221.0], [-2.328956, 43.278864, 221.0], [-2.328962, 43.278862, 221.0], [-2.328967, 43.278858, 221.0], [-2.32897, 43.278856, 221.0], [-2.32924, 43.2787, 222.0], [-2.32949, 43.278528, 224.0], [-2.329638, 43.27841, 225.9], [-2.330882, 43.276431, 263.3], [-2.330883, 43.276423, 263.3], [-2.330884, 43.276415, 263.3], [-2.330886, 43.276407, 263.3], [-2.330889, 43.276399, 263.4], [-2.330893, 43.276392, 263.4], [-2.330898, 43.276385, 263.5], [-2.330904, 43.276378, 263.8], [-2.330911, 43.276371, 264.1], [-2.330918, 43.276365, 264.3], [-2.330926, 43.276359, 264.6], [-2.330935, 43.276354, 264.7], [-2.330944, 43.27635, 264.8], [-2.330954, 43.276346, 264.9], [-2.330964, 43.276343, 265.0], [-2.330975, 43.27634, 265.0], [-2.330986, 43.276338, 265.1], [-2.330997, 43.276337, 265.2], [-2.331008, 43.276336, 265.4], [-2.331019, 43.276337, 265.6], [-2.33103, 43.276338, 265.7], [-2.331041, 43.276339, 265.9], [-2.331181, 43.276334, 267.4], [-2.33132, 43.276321, 268.7], [-2.331421, 43.276305, 269.0], [-2.331551, 43.276293, 270.2], [-2.331755, 43.276286, 272.3], [-2.33196, 43.276292, 273.4], [-2.332073, 43.276291, 274.3], [-2.332185, 43.276283, 275.4], [-2.332296, 43.276268, 276.0], [-2.332405, 43.276246, 276.3], [-2.332511, 43.276217, 277.0], [-2.33252, 43.276215, 277.0], [-2.332548, 43.276206, 277.2], [-2.332588, 43.276197, 277.5], [-2.332628, 43.276191, 277.8], [-2.332669, 43.276187, 278.0], [-2.33271, 43.276186, 278.0], [-2.332751, 43.276188, 278.0], [-2.332792, 43.276192, 278.0], [-2.332832, 43.276198, 278.0], [-2.332872, 43.276208, 278.2], [-2.332941, 43.276241, 279.0], [-2.333037, 43.276305, 279.3], [-2.33323, 43.27646, 280.3], [-2.333315, 43.276543, 280.4], [-2.333443, 43.276689, 280.9], [-2.333516, 43.276771, 281.1], [-2.333638, 43.276871, 283.1], [-2.333803, 43.276982, 284.4], [-2.333897, 43.277067, 286.0], [-2.333959, 43.277116, 286.4], [-2.334049, 43.277196, 287.6], [-2.334096, 43.277226, 287.7], [-2.334265, 43.277312, 289.3], [-2.334337, 43.277338, 290.1], [-2.334426, 43.277353, 290.9], [-2.334545, 43.277371, 291.9], [-2.334683, 43.277428, 291.7], [-2.3349, 43.277525, 291.4], [-2.335087, 43.277658, 290.2], [-2.335186, 43.277742, 289.6], [-2.335298, 43.277829, 289.3], [-2.33543, 43.277956, 288.3], [-2.335518, 43.278043, 287.6], [-2.33556, 43.278092, 287.0], [-2.335652, 43.278171, 285.9], [-2.335785, 43.278288, 284.5], [-2.335876, 43.278358, 283.8], [-2.335961, 43.278423, 283.0], [-2.336075, 43.278499, 281.7], [-2.336133, 43.278527, 281.2], [-2.336259, 43.278569, 280.2], [-2.33646, 43.278626, 277.9], [-2.336539, 43.278667, 278.1], [-2.336618, 43.278727, 277.7], [-2.336871, 43.279005, 276.9], [-2.337012, 43.279121, 276.7], [-2.337098, 43.279211, 276.7], [-2.337271, 43.279358, 277.5], [-2.337337, 43.27942, 277.0], [-2.337427, 43.279529, 277.0], [-2.337509, 43.279692, 274.9], [-2.337631, 43.279866, 272.8], [-2.337716, 43.279973, 270.5], [-2.337769, 43.280048, 269.9], [-2.337845, 43.280131, 268.7], [-2.337928, 43.280196, 268.6], [-2.338041, 43.280286, 267.4], [-2.338127, 43.280346, 266.0], [-2.338262, 43.280447, 264.9], [-2.338342, 43.280502, 264.6], [-2.338427, 43.280566, 263.2], [-2.338486, 43.280613, 263.1], [-2.338576, 43.280659, 261.4], [-2.338691, 43.28071, 260.2], [-2.338889, 43.280793, 257.2], [-2.338948, 43.280817, 256.2], [-2.338977, 43.280837, 255.3], [-2.339034, 43.280882, 255.1], [-2.339062, 43.280903, 254.7], [-2.339072, 43.280918, 254.4], [-2.339077, 43.280927, 254.3], [-2.33908, 43.280945, 254.2], [-2.339101, 43.281061, 253.5], [-2.339107, 43.281161, 252.0], [-2.339122, 43.281284, 250.1], [-2.339121, 43.281349, 249.8], [-2.339116, 43.281417, 248.3], [-2.339119, 43.281481, 247.7], [-2.339136, 43.281575, 245.9], [-2.339165, 43.281664, 244.5], [-2.339199, 43.281763, 242.8], [-2.339248, 43.281847, 241.8], [-2.339267, 43.281875, 241.2], [-2.339317, 43.28194, 239.7], [-2.339361, 43.281994, 239.0], [-2.339389, 43.282056, 238.4], [-2.33939, 43.282059, 238.4], [-2.339392, 43.282062, 238.4], [-2.339393, 43.282065, 238.4], [-2.339393, 43.282069, 238.3], [-2.339394, 43.282072, 238.3], [-2.339393, 43.282075, 238.3], [-2.339393, 43.282079, 238.2], [-2.339392, 43.282082, 238.2], [-2.33939, 43.282085, 238.2], [-2.339388, 43.282088, 238.1], [-2.339386, 43.282091, 238.1], [-2.339384, 43.282094, 238.1], [-2.339355, 43.282113, 237.7], [-2.339328, 43.282134, 237.1], [-2.339305, 43.282156, 236.9], [-2.339283, 43.28218, 236.0], [-2.339265, 43.282205, 235.3], [-2.33925, 43.282231, 235.0], [-2.339238, 43.282258, 234.6], [-2.339229, 43.282285, 234.0], [-2.339224, 43.282314, 233.4], [-2.339222, 43.282342, 232.8], [-2.339222, 43.282343, 232.8], [-2.339226, 43.2824, 231.5], [-2.33922, 43.282457, 230.2], [-2.339204, 43.282513, 230.0], [-2.339179, 43.282568, 228.8], [-2.339146, 43.282619, 227.6], [-2.339139, 43.282628, 227.4], [-2.339133, 43.282637, 227.2], [-2.339128, 43.282646, 227.0], [-2.339124, 43.282656, 226.8], [-2.339122, 43.282666, 226.6], [-2.33912, 43.282676, 226.3], [-2.33912, 43.282686, 226.1], [-2.339121, 43.282696, 226.0], [-2.339123, 43.282706, 226.0], [-2.339127, 43.282715, 226.0], [-2.339131, 43.282725, 226.0], [-2.339133, 43.282728, 226.0], [-2.339195, 43.282793, 224.9], [-2.339289, 43.282901, 223.3], [-2.339337, 43.283079, 221.8], [-2.339372, 43.283201, 220.4], [-2.339404, 43.283296, 219.9], [-2.339475, 43.283483, 218.1], [-2.339586, 43.283677, 217.4], [-2.339652, 43.283772, 216.3], [-2.339676, 43.283821, 216.0], [-2.339704, 43.283865, 216.3], [-2.33986, 43.284029, 214.8], [-2.339929, 43.284125, 214.5], [-2.34001, 43.284253, 213.2], [-2.34014, 43.284507, 212.0], [-2.340314, 43.284788, 210.0], [-2.340365, 43.284869, 208.9], [-2.340441, 43.285003, 207.1], [-2.340506, 43.285142, 205.8], [-2.340538, 43.285236, 205.0], [-2.340603, 43.285348, 204.2], [-2.340625, 43.285408, 204.0], [-2.340632, 43.28552, 204.1], [-2.340599, 43.285721, 203.1], [-2.340545, 43.285879, 203.3], [-2.340501, 43.285973, 201.4], [-2.34048, 43.286071, 201.3], [-2.340476, 43.286242, 200.1], [-2.340477, 43.286376, 199.5], [-2.340491, 43.286513, 199.0], [-2.340504, 43.286545, 199.1], [-2.340524, 43.286597, 198.7], [-2.340541, 43.286636, 198.1], [-2.340579, 43.286696, 198.1], [-2.340601, 43.28673, 198.0], [-2.34066, 43.286801, 197.9], [-2.340705, 43.286857, 197.3], [-2.340724, 43.286885, 197.1], [-2.340739, 43.286903, 197.0], [-2.340756, 43.286926, 197.1], [-2.340776, 43.286948, 196.9], [-2.340798, 43.286969, 197.0], [-2.340816, 43.286984, 197.3], [-2.340897, 43.287079, 196.0], [-2.340974, 43.287153, 196.0], [-2.340986, 43.287167, 196.0], [-2.341007, 43.287194, 196.0], [-2.341024, 43.287223, 195.6], [-2.341037, 43.287253, 195.0], [-2.341047, 43.287283, 195.0], [-2.341054, 43.287314, 195.0], [-2.341056, 43.287345, 195.0], [-2.341055, 43.287354, 195.0], [-2.341055, 43.287363, 195.0], [-2.341056, 43.287372, 195.0], [-2.341058, 43.28738, 195.0], [-2.341061, 43.287389, 195.0], [-2.341065, 43.287398, 195.0], [-2.341069, 43.287406, 195.0], [-2.341075, 43.287413, 195.0], [-2.341082, 43.287421, 195.0], [-2.34109, 43.287428, 195.0], [-2.341098, 43.287434, 195.1], [-2.341108, 43.28744, 195.3], [-2.341117, 43.287445, 195.5], [-2.341122, 43.287447, 195.6], [-2.34114, 43.287462, 195.9], [-2.341171, 43.287489, 196.3], [-2.341198, 43.287518, 196.9], [-2.341222, 43.287549, 197.0], [-2.341242, 43.287581, 197.0], [-2.341258, 43.287614, 197.0], [-2.34127, 43.287649, 197.2], [-2.341293, 43.28784, 200.1], [-2.341314, 43.287899, 201.0], [-2.341328, 43.288073, 203.2], [-2.341327, 43.288098, 203.7], [-2.341322, 43.288141, 203.9], [-2.341312, 43.288183, 204.7], [-2.341297, 43.288224, 205.2], [-2.341272, 43.288299, 205.3], [-2.34126, 43.288348, 205.8], [-2.341259, 43.288381, 205.8], [-2.341259, 43.288418, 205.8], [-2.341259, 43.288475, 205.8], [-2.341279, 43.288544, 206.2], [-2.341306, 43.288612, 206.6], [-2.341342, 43.288677, 207.2], [-2.341383, 43.288738, 207.0], [-2.341412, 43.28878, 208.3], [-2.341443, 43.288835, 208.0], [-2.341467, 43.288892, 208.5], [-2.341484, 43.28895, 209.4], [-2.341545, 43.289128, 211.1], [-2.341593, 43.289382, 211.5], [-2.341651, 43.289558, 212.3], [-2.341722, 43.289739, 211.5], [-2.34182, 43.289922, 209.9], [-2.341901, 43.290069, 207.8], [-2.341984, 43.290162, 206.6], [-2.342078, 43.29025, 205.7], [-2.342183, 43.290331, 204.3], [-2.342297, 43.290406, 203.2], [-2.342403, 43.290465, 202.8], [-2.342506, 43.290523, 202.2], [-2.342598, 43.290562, 202.0], [-2.342719, 43.290605, 201.0], [-2.342874, 43.290667, 201.1], [-2.343028, 43.290726, 200.2], [-2.343321, 43.290878, 198.8], [-2.343485, 43.290977, 198.2], [-2.343639, 43.291059, 197.7], [-2.343795, 43.291134, 197.1], [-2.343926, 43.291186, 196.0], [-2.343967, 43.291195, 196.0], [-2.344003, 43.291201, 195.7], [-2.344031, 43.291202, 195.5], [-2.344065, 43.291203, 195.1], [-2.344105, 43.291203, 195.4], [-2.344143, 43.291203, 196.0], [-2.344171, 43.291203, 196.0], [-2.344204, 43.291203, 196.0], [-2.344227, 43.291205, 195.6], [-2.344264, 43.291208, 195.0], [-2.344301, 43.291213, 195.0], [-2.344357, 43.291222, 194.6], [-2.34459, 43.291267, 193.5], [-2.344771, 43.29132, 191.8], [-2.344877, 43.291353, 190.0], [-2.344982, 43.291395, 188.8], [-2.345082, 43.291443, 186.7], [-2.345176, 43.291497, 184.2], [-2.345207, 43.291518, 183.8], [-2.345241, 43.291536, 183.1], [-2.345277, 43.291553, 182.5], [-2.345314, 43.291567, 182.2], [-2.345354, 43.291579, 181.4], [-2.345394, 43.291588, 180.6], [-2.345436, 43.291594, 179.9], [-2.345478, 43.291598, 179.2], [-2.345505, 43.291599, 178.8], [-2.345584, 43.29161, 177.9], [-2.345635, 43.291625, 177.1], [-2.34568, 43.29164, 175.9], [-2.345732, 43.291665, 175.6], [-2.345814, 43.29171, 174.4], [-2.345875, 43.291746, 173.3], [-2.345909, 43.291766, 172.7], [-2.345943, 43.291791, 172.2], [-2.345994, 43.29183, 171.1], [-2.346074, 43.291889, 170.2], [-2.346123, 43.291916, 168.7], [-2.346163, 43.291961, 167.1], [-2.346219, 43.291989, 165.8], [-2.346329, 43.292068, 163.4], [-2.346402, 43.292103, 162.2], [-2.346493, 43.292137, 160.9], [-2.346604, 43.29217, 158.9], [-2.346694, 43.292202, 157.7], [-2.346766, 43.292227, 156.7], [-2.346855, 43.292249, 156.1], [-2.346944, 43.292266, 155.0], [-2.346976, 43.292268, 154.5], [-2.34704, 43.292271, 153.6], [-2.347129, 43.292272, 152.3], [-2.347178, 43.292271, 151.5], [-2.347236, 43.292266, 151.6], [-2.347283, 43.292257, 151.4], [-2.347335, 43.292247, 149.5], [-2.34741, 43.292228, 148.3], [-2.347452, 43.292212, 148.2], [-2.347512, 43.292175, 146.7], [-2.347603, 43.292124, 144.4], [-2.3477, 43.29207, 142.8], [-2.347824, 43.292009, 140.1], [-2.347943, 43.291973, 137.2], [-2.348089, 43.29193, 134.9], [-2.348206, 43.291897, 133.4], [-2.348335, 43.29186, 132.0], [-2.348436, 43.291832, 131.1], [-2.34858, 43.291788, 129.3], [-2.348794, 43.291721, 127.0], [-2.349007, 43.291682, 123.4], [-2.349131, 43.291636, 120.9], [-2.349202, 43.29162, 118.9], [-2.34927, 43.29161, 117.7], [-2.349308, 43.291608, 117.1], [-2.349364, 43.291608, 116.2], [-2.349441, 43.291608, 114.9], [-2.349613, 43.291607, 112.4], [-2.349748, 43.291603, 110.9], [-2.34994, 43.291601, 109.0], [-2.3501, 43.29158, 108.0], [-2.350379, 43.291553, 104.7], [-2.350383, 43.291553, 104.6], [-2.350431, 43.291546, 103.9], [-2.350479, 43.291543, 103.2], [-2.350528, 43.291543, 102.4], [-2.350576, 43.291546, 102.2], [-2.350624, 43.291552, 101.7], [-2.350672, 43.291562, 100.0], [-2.350717, 43.291574, 99.4], [-2.350762, 43.291589, 98.8], [-2.350908, 43.29165, 96.2], [-2.35109, 43.291741, 92.3], [-2.351248, 43.291842, 87.9], [-2.351302, 43.291868, 86.7], [-2.351323, 43.291878, 86.3], [-2.35135, 43.291891, 85.9], [-2.351374, 43.291904, 85.5], [-2.351389, 43.291917, 85.3], [-2.351413, 43.291939, 84.9], [-2.351434, 43.291972, 84.2], [-2.351458, 43.292003, 83.8], [-2.351486, 43.292033, 83.4], [-2.351517, 43.292061, 83.0], [-2.351552, 43.292087, 82.0], [-2.351577, 43.292103, 81.3], [-2.351636, 43.292144, 80.3], [-2.35183, 43.292262, 77.0], [-2.352066, 43.292424, 70.8], [-2.352424, 43.29263, 59.7], [-2.352611, 43.29275, 54.0], [-2.352761, 43.292887, 48.6], [-2.352811, 43.292924, 46.9], [-2.353021, 43.293043, 41.1], [-2.353067, 43.293098, 38.5], [-2.353226, 43.293182, 34.9], [-2.353382, 43.293274, 26.1], [-2.353435, 43.293324, 23.8], [-2.353456, 43.293364, 22.1], [-2.353447, 43.293434, 20.0], [-2.353445, 43.293437, 19.9], [-2.353444, 43.29344, 19.8], [-2.353444, 43.293443, 19.7], [-2.353444, 43.293446, 19.6], [-2.353444, 43.293449, 19.4], [-2.353445, 43.293452, 19.3], [-2.353446, 43.293456, 19.1], [-2.353447, 43.293459, 18.9], [-2.353449, 43.293462, 18.8], [-2.353451, 43.293464, 18.6], [-2.353453, 43.293467, 18.5], [-2.353456, 43.29347, 18.3], [-2.35346, 43.293475, 18.0], [-2.353465, 43.29348, 17.7], [-2.35347, 43.293484, 17.5], [-2.353476, 43.293489, 17.1], [-2.353482, 43.293493, 16.9], [-2.353489, 43.293496, 16.8], [-2.353496, 43.293499, 16.5], [-2.353504, 43.293502, 16.3], [-2.353511, 43.293504, 16.1], [-2.353517, 43.293505, 15.9], [-2.35352, 43.293506, 15.8], [-2.353522, 43.293507, 15.7], [-2.353525, 43.293508, 15.6], [-2.353527, 43.293509, 15.6], [-2.353529, 43.29351, 15.5], [-2.353531, 43.293512, 15.3], [-2.353533, 43.293514, 15.2], [-2.353534, 43.293515, 15.2], [-2.353535, 43.293517, 15.1], [-2.353537, 43.293519, 14.9], [-2.353537, 43.293521, 14.8], [-2.353538, 43.293523, 14.7], [-2.353538, 43.293525, 14.6], [-2.353539, 43.293527, 14.5], [-2.353538, 43.293529, 14.5], [-2.353538, 43.293531, 14.4], [-2.353508, 43.293601, 10.5], [-2.353477, 43.29367, 11.9], [-2.353454, 43.29374, 8.5], [-2.35344, 43.293812, 6.9], [-2.353439, 43.29382, 6.8], [-2.35344, 43.293838, 6.5], [-2.353443, 43.293855, 6.3], [-2.353449, 43.293873, 6.3], [-2.353456, 43.29389, 6.3], [-2.353465, 43.293907, 6.2], [-2.353477, 43.293922, 6.0], [-2.35349, 43.293937, 5.8], [-2.353505, 43.293952, 5.6], [-2.353522, 43.293965, 5.3], [-2.35354, 43.293977, 5.0], [-2.353559, 43.293988, 5.0], [-2.35358, 43.293997, 5.0], [-2.353602, 43.294006, 5.0], [-2.353624, 43.294012, 5.0], [-2.35363, 43.294014, 5.0], [-2.353703, 43.294033, 5.0], [-2.353774, 43.294056, 5.0], [-2.353841, 43.294084, 5.0], [-2.353905, 43.294117, 5.0], [-2.353908, 43.294118, 5.0], [-2.353972, 43.294148, 5.0], [-2.354039, 43.294174, 5.0], [-2.354109, 43.294195, 5.0], [-2.354182, 43.294212, 5.0], [-2.354205, 43.294216, 5.0], [-2.354545, 43.29431, 5.0]]}}, {"type": "Feature", "properties": {"order": 3, "group": "camino-del-norte-irun-arzua", "source_file": "04a-deba-markina.gpx", "reversed_from_source": false, "point_count": 2800, "source": "CNIG/IGN - Rutas de Caminos de Santiago 2020-2026 (datos FEAACS)", "license": "CC-BY 4.0", "attribution": "Obra derivada de Rutas de Caminos de Santiago 2020-2026 CC-BY 4.0 FEAACS"}, "geometry": {"type": "LineString", "coordinates": [[-2.354545, 43.29431, 5.0], [-2.354948, 43.294403, 4.0], [-2.354968, 43.294408, 3.8], [-2.355047, 43.294432, 3.0], [-2.355141, 43.294451, 3.0], [-2.355196, 43.294461, 3.0], [-2.355229, 43.294392, 3.0], [-2.355241, 43.294379, 3.0], [-2.355254, 43.294366, 3.0], [-2.355269, 43.294355, 3.0], [-2.355285, 43.294345, 3.0], [-2.355302, 43.294336, 3.0], [-2.35532, 43.294328, 3.0], [-2.355339, 43.294321, 3.0], [-2.355359, 43.294315, 3.0], [-2.355379, 43.294311, 3.0], [-2.3554, 43.294307, 3.3], [-2.355421, 43.294306, 3.6], [-2.355442, 43.294305, 3.8], [-2.355461, 43.294306, 3.9], [-2.355474, 43.294306, 3.9], [-2.355487, 43.294306, 4.0], [-2.355501, 43.294304, 4.0], [-2.355514, 43.294302, 4.0], [-2.355526, 43.294299, 3.9], [-2.355539, 43.294295, 3.8], [-2.35555, 43.29429, 3.7], [-2.355562, 43.294284, 3.5], [-2.355572, 43.294278, 3.3], [-2.355582, 43.294271, 3.1], [-2.355591, 43.294264, 3.0], [-2.355599, 43.294256, 3.0], [-2.355606, 43.294248, 3.0], [-2.355611, 43.294239, 3.0], [-2.355616, 43.29423, 3.0], [-2.35562, 43.29422, 3.0], [-2.355623, 43.294211, 3.0], [-2.355624, 43.294201, 3.0], [-2.355624, 43.294194, 3.0], [-2.355663, 43.293791, 3.4], [-2.355753, 43.293076, 3.4], [-2.355763, 43.293021, 3.0], [-2.355779, 43.292966, 3.0], [-2.355801, 43.292912, 3.0], [-2.35583, 43.29286, 3.0], [-2.355865, 43.29281, 3.3], [-2.355888, 43.292782, 3.0], [-2.356114, 43.2925, 3.0], [-2.357164, 43.292836, 0.0], [-2.357296, 43.292866, 0.2], [-2.357357, 43.292887, 2.0], [-2.357382, 43.2929, 2.5], [-2.357406, 43.292915, 3.2], [-2.357427, 43.292927, 4.5], [-2.357446, 43.292942, 6.1], [-2.357466, 43.29296, 6.5], [-2.357482, 43.292982, 6.0], [-2.357492, 43.293003, 6.0], [-2.357512, 43.293032, 6.0], [-2.357531, 43.293075, 6.0], [-2.357547, 43.293121, 6.0], [-2.357563, 43.293256, 6.0], [-2.357567, 43.293346, 6.0], [-2.357562, 43.293375, 6.0], [-2.357567, 43.293396, 6.0], [-2.357595, 43.293438, 6.0], [-2.357604, 43.293478, 6.0], [-2.357594, 43.29351, 6.0], [-2.357435, 43.293729, 5.0], [-2.356898, 43.294451, 4.4], [-2.356896, 43.294453, 4.5], [-2.356894, 43.294455, 4.5], [-2.356893, 43.294458, 4.5], [-2.356892, 43.29446, 4.5], [-2.356892, 43.294463, 4.6], [-2.356891, 43.294465, 4.6], [-2.356891, 43.294468, 4.6], [-2.356892, 43.29447, 4.7], [-2.356892, 43.294473, 4.7], [-2.356893, 43.294475, 4.7], [-2.356894, 43.294477, 4.8], [-2.356896, 43.29448, 4.8], [-2.356897, 43.294482, 4.8], [-2.356899, 43.294484, 4.9], [-2.356901, 43.294486, 4.9], [-2.356904, 43.294487, 4.9], [-2.356906, 43.294489, 4.9], [-2.356909, 43.294491, 5.0], [-2.356912, 43.294492, 5.0], [-2.356915, 43.294493, 5.0], [-2.356918, 43.294494, 5.0], [-2.356921, 43.294494, 5.0], [-2.356952, 43.294499, 5.0], [-2.357056, 43.294504, 5.2], [-2.357125, 43.294496, 6.5], [-2.357214, 43.294473, 9.4], [-2.357317, 43.294466, 10.4], [-2.357478, 43.294478, 9.9], [-2.35773, 43.2945, 12.9], [-2.357856, 43.2945, 14.0], [-2.357956, 43.294505, 15.0], [-2.358032, 43.294534, 16.3], [-2.358128, 43.294573, 18.5], [-2.358212, 43.29462, 20.5], [-2.358276, 43.294654, 22.3], [-2.358285, 43.294661, 22.4], [-2.358342, 43.294702, 24.7], [-2.358424, 43.294759, 26.6], [-2.358472, 43.294787, 27.4], [-2.358517, 43.294802, 28.1], [-2.358553, 43.294818, 28.8], [-2.358586, 43.29483, 29.3], [-2.358619, 43.294849, 29.6], [-2.358649, 43.294865, 29.8], [-2.358684, 43.294885, 30.5], [-2.358716, 43.294907, 30.8], [-2.358747, 43.294933, 31.7], [-2.358768, 43.294959, 32.0], [-2.358791, 43.294989, 33.0], [-2.358802, 43.295005, 33.5], [-2.358818, 43.295028, 34.3], [-2.358836, 43.295058, 34.7], [-2.358842, 43.295092, 34.6], [-2.358843, 43.295145, 35.9], [-2.358844, 43.295185, 36.8], [-2.358858, 43.295227, 38.4], [-2.358873, 43.295265, 40.2], [-2.358915, 43.295323, 41.7], [-2.358968, 43.295383, 43.6], [-2.359007, 43.295403, 44.0], [-2.359038, 43.295422, 44.4], [-2.359095, 43.295456, 44.6], [-2.35912, 43.295359, 45.1], [-2.359136, 43.295304, 46.4], [-2.359164, 43.295248, 47.9], [-2.3592, 43.295184, 49.0], [-2.359226, 43.295165, 49.4], [-2.359272, 43.295144, 50.2], [-2.359322, 43.295136, 51.0], [-2.359374, 43.295134, 51.8], [-2.359398, 43.295156, 52.4], [-2.359408, 43.295193, 52.5], [-2.359407, 43.295236, 53.4], [-2.359417, 43.295269, 53.6], [-2.359462, 43.295303, 54.3], [-2.359629, 43.295409, 56.0], [-2.359716, 43.295419, 57.3], [-2.359811, 43.295433, 59.0], [-2.359871, 43.295444, 59.4], [-2.359948, 43.295449, 61.2], [-2.360012, 43.295453, 62.1], [-2.360083, 43.295455, 62.6], [-2.360127, 43.295463, 63.1], [-2.360193, 43.295483, 63.8], [-2.360313, 43.295519, 64.9], [-2.360463, 43.295573, 66.3], [-2.360578, 43.295608, 66.7], [-2.360655, 43.295615, 66.9], [-2.360785, 43.295627, 68.6], [-2.36091, 43.295635, 69.5], [-2.361033, 43.295646, 70.9], [-2.361177, 43.295651, 73.3], [-2.361262, 43.29565, 75.5], [-2.361419, 43.295627, 78.7], [-2.361426, 43.295527, 80.5], [-2.36144, 43.295478, 81.7], [-2.361456, 43.295417, 82.7], [-2.361467, 43.295372, 82.8], [-2.361482, 43.295336, 83.2], [-2.361501, 43.295283, 84.1], [-2.36151, 43.295249, 84.5], [-2.361516, 43.295225, 85.0], [-2.361516, 43.295218, 85.0], [-2.361513, 43.295083, 85.9], [-2.361499, 43.294966, 87.4], [-2.361407, 43.294717, 89.5], [-2.361283, 43.294505, 88.0], [-2.361245, 43.294444, 87.3], [-2.361472, 43.294482, 90.8], [-2.361479, 43.294501, 91.4], [-2.36156, 43.294637, 93.3], [-2.361613, 43.294696, 94.1], [-2.361742, 43.294798, 96.2], [-2.361844, 43.294884, 98.0], [-2.361894, 43.294945, 99.2], [-2.361982, 43.295024, 101.1], [-2.362037, 43.295054, 101.3], [-2.362094, 43.29508, 101.9], [-2.362153, 43.295105, 102.9], [-2.362207, 43.295128, 102.9], [-2.362256, 43.295146, 103.2], [-2.362339, 43.295179, 103.9], [-2.362494, 43.29524, 105.1], [-2.362563, 43.295266, 104.7], [-2.362648, 43.295288, 104.2], [-2.362791, 43.295308, 104.0], [-2.362912, 43.295331, 104.0], [-2.362998, 43.295365, 104.0], [-2.363111, 43.295403, 104.0], [-2.363254, 43.29544, 104.0], [-2.36347, 43.295489, 105.0], [-2.363653, 43.295533, 106.0], [-2.363945, 43.295591, 109.0], [-2.36404, 43.295737, 111.0], [-2.364112, 43.295844, 112.8], [-2.364167, 43.295936, 114.7], [-2.364199, 43.296033, 116.6], [-2.36421, 43.29609, 117.8], [-2.364179, 43.296168, 118.3], [-2.363962, 43.296424, 123.7], [-2.363745, 43.296636, 126.9], [-2.363559, 43.296808, 130.4], [-2.363408, 43.296946, 131.9], [-2.363339, 43.297025, 133.5], [-2.36328, 43.297142, 136.9], [-2.363217, 43.297262, 139.2], [-2.363181, 43.297335, 140.4], [-2.363159, 43.297406, 142.1], [-2.363159, 43.297504, 143.0], [-2.363222, 43.297605, 142.5], [-2.36329, 43.297705, 141.4], [-2.363328, 43.297761, 140.8], [-2.36343, 43.297873, 141.2], [-2.363572, 43.298004, 143.5], [-2.363596, 43.298024, 144.3], [-2.363618, 43.298044, 144.9], [-2.363637, 43.298066, 145.2], [-2.363653, 43.29809, 145.7], [-2.363667, 43.298114, 146.0], [-2.363678, 43.298139, 146.2], [-2.363685, 43.298164, 146.3], [-2.36369, 43.29819, 146.4], [-2.363692, 43.298216, 146.4], [-2.36369, 43.298242, 146.6], [-2.363686, 43.298265, 146.9], [-2.363682, 43.298307, 147.2], [-2.363615, 43.298486, 150.9], [-2.363516, 43.298624, 153.7], [-2.363357, 43.298789, 155.1], [-2.363277, 43.298988, 160.9], [-2.363277, 43.299083, 162.0], [-2.363192, 43.299057, 162.0], [-2.363092, 43.299, 162.0], [-2.362941, 43.298943, 160.9], [-2.362875, 43.298909, 159.4], [-2.362734, 43.298827, 155.8], [-2.362645, 43.298782, 154.9], [-2.362588, 43.298746, 154.0], [-2.362454, 43.298752, 155.7], [-2.362286, 43.298761, 157.0], [-2.362, 43.298779, 157.9], [-2.36182, 43.298785, 159.5], [-2.361679, 43.298798, 159.9], [-2.361686, 43.298821, 160.4], [-2.361833, 43.298854, 162.1], [-2.361933, 43.298887, 162.8], [-2.362034, 43.298934, 163.9], [-2.362101, 43.299003, 165.4], [-2.362165, 43.299099, 167.5], [-2.362218, 43.299181, 169.3], [-2.362296, 43.299326, 172.5], [-2.362393, 43.299459, 173.9], [-2.362475, 43.299565, 175.1], [-2.362531, 43.299638, 176.0], [-2.362601, 43.299679, 176.0], [-2.362673, 43.299719, 176.0], [-2.36273, 43.299758, 176.1], [-2.362802, 43.299814, 177.0], [-2.362848, 43.299857, 177.0], [-2.362876, 43.29988, 177.0], [-2.362922, 43.299906, 177.2], [-2.363002, 43.299952, 178.0], [-2.363077, 43.299998, 178.7], [-2.363133, 43.300034, 179.6], [-2.363154, 43.300043, 180.0], [-2.363176, 43.30005, 180.0], [-2.363199, 43.300054, 180.0], [-2.363223, 43.300056, 180.1], [-2.363248, 43.300054, 180.3], [-2.363272, 43.300051, 180.5], [-2.363296, 43.300045, 180.6], [-2.363319, 43.300037, 180.7], [-2.363338, 43.300025, 181.0], [-2.363398, 43.299956, 181.4], [-2.363509, 43.299833, 182.4], [-2.363597, 43.29974, 183.2], [-2.363679, 43.299662, 183.8], [-2.363733, 43.299616, 184.6], [-2.363771, 43.299593, 185.2], [-2.363813, 43.299575, 185.5], [-2.363885, 43.299552, 186.4], [-2.364004, 43.299508, 187.9], [-2.364125, 43.299462, 188.9], [-2.364205, 43.299434, 189.9], [-2.364269, 43.299413, 190.0], [-2.364329, 43.299387, 190.9], [-2.364384, 43.299356, 191.0], [-2.364477, 43.299267, 192.0], [-2.36458, 43.299173, 193.0], [-2.36463, 43.299132, 193.8], [-2.364696, 43.29911, 194.0], [-2.364791, 43.299093, 194.0], [-2.36489, 43.299091, 194.0], [-2.36502, 43.299095, 195.0], [-2.365123, 43.299101, 195.0], [-2.365184, 43.299112, 195.9], [-2.365263, 43.29913, 196.2], [-2.365332, 43.299133, 196.2], [-2.365446, 43.299133, 197.1], [-2.365561, 43.29914, 197.9], [-2.365664, 43.299154, 198.4], [-2.365736, 43.299174, 199.0], [-2.365857, 43.299222, 199.0], [-2.365971, 43.299264, 198.4], [-2.366169, 43.29931, 198.4], [-2.366443, 43.299373, 196.9], [-2.366603, 43.299418, 196.9], [-2.366797, 43.299458, 197.1], [-2.366995, 43.299487, 196.8], [-2.367189, 43.299516, 196.8], [-2.367383, 43.299551, 196.2], [-2.367459, 43.299573, 196.1], [-2.367584, 43.299627, 194.4], [-2.367713, 43.299675, 194.3], [-2.367877, 43.299737, 192.6], [-2.368105, 43.2998, 190.9], [-2.368299, 43.299851, 190.8], [-2.368458, 43.299899, 190.0], [-2.368656, 43.299942, 190.2], [-2.368869, 43.299985, 189.8], [-2.369098, 43.300011, 191.1], [-2.369301, 43.300017, 193.0], [-2.369507, 43.300022, 194.0], [-2.369814, 43.300011, 196.3], [-2.370115, 43.300021, 197.9], [-2.370361, 43.300035, 197.0], [-2.370523, 43.300036, 197.0], [-2.370668, 43.300008, 196.8], [-2.370808, 43.299992, 196.7], [-2.37093, 43.299981, 196.0], [-2.37112, 43.299994, 195.9], [-2.371293, 43.300007, 194.4], [-2.371466, 43.300028, 192.2], [-2.371605, 43.300017, 191.2], [-2.371723, 43.300001, 191.6], [-2.371896, 43.299986, 191.0], [-2.372114, 43.299971, 191.3], [-2.372381, 43.299976, 191.3], [-2.372554, 43.299986, 191.0], [-2.372733, 43.300007, 190.0], [-2.372827, 43.300024, 189.1], [-2.372881, 43.300026, 189.0], [-2.37295, 43.300016, 188.5], [-2.373041, 43.299994, 188.0], [-2.37313, 43.299979, 188.3], [-2.373214, 43.299965, 187.4], [-2.373325, 43.299958, 187.0], [-2.373439, 43.299962, 186.8], [-2.373571, 43.299975, 186.4], [-2.373689, 43.30002, 186.5], [-2.37379, 43.300082, 186.0], [-2.373855, 43.300109, 186.0], [-2.37395, 43.300127, 186.2], [-2.374077, 43.300166, 187.2], [-2.374187, 43.30019, 187.7], [-2.374265, 43.300208, 188.1], [-2.374366, 43.300233, 188.9], [-2.374461, 43.300258, 189.1], [-2.374558, 43.300278, 189.8], [-2.374684, 43.300306, 190.3], [-2.374789, 43.30033, 190.9], [-2.374907, 43.30036, 191.7], [-2.374994, 43.300375, 192.0], [-2.375051, 43.300395, 192.0], [-2.375104, 43.300428, 191.0], [-2.375168, 43.300473, 190.6], [-2.37523, 43.300514, 189.7], [-2.375347, 43.300581, 188.2], [-2.375494, 43.30064, 186.6], [-2.375675, 43.300694, 184.8], [-2.375902, 43.300741, 181.8], [-2.375982, 43.300766, 181.1], [-2.376079, 43.300788, 180.7], [-2.376172, 43.300809, 179.8], [-2.376247, 43.300834, 178.7], [-2.376334, 43.300869, 177.9], [-2.376393, 43.300899, 177.2], [-2.376483, 43.300949, 176.3], [-2.376608, 43.30102, 175.0], [-2.37669, 43.301078, 174.3], [-2.376722, 43.3011, 173.8], [-2.376758, 43.301113, 173.5], [-2.376808, 43.301115, 173.8], [-2.376904, 43.3011, 174.9], [-2.377, 43.301092, 175.8], [-2.377108, 43.301085, 177.3], [-2.377264, 43.301068, 179.6], [-2.377469, 43.301016, 183.3], [-2.377748, 43.300937, 189.9], [-2.377884, 43.300879, 194.0], [-2.377982, 43.300825, 195.8], [-2.378111, 43.300734, 197.4], [-2.378143, 43.300707, 197.5], [-2.378175, 43.300617, 199.0], [-2.378181, 43.300599, 199.3], [-2.378266, 43.30059, 198.3], [-2.378373, 43.300588, 199.0], [-2.378483, 43.300592, 201.0], [-2.378588, 43.300592, 202.1], [-2.378679, 43.3006, 203.1], [-2.378737, 43.3006, 203.2], [-2.378847, 43.300587, 203.5], [-2.378882, 43.300582, 203.6], [-2.378946, 43.300559, 204.1], [-2.379001, 43.300519, 203.9], [-2.379075, 43.300471, 204.8], [-2.379224, 43.300391, 206.0], [-2.379546, 43.30031, 209.7], [-2.37959, 43.300302, 209.9], [-2.379739, 43.300291, 212.4], [-2.37986, 43.300283, 214.4], [-2.379945, 43.300281, 215.2], [-2.379987, 43.300279, 215.4], [-2.380014, 43.300265, 215.8], [-2.380054, 43.300188, 216.8], [-2.380123, 43.300052, 217.6], [-2.380136, 43.300017, 218.0], [-2.380154, 43.299954, 218.5], [-2.380169, 43.299889, 219.0], [-2.380185, 43.299838, 218.5], [-2.380209, 43.299734, 218.4], [-2.380234, 43.299683, 218.0], [-2.380249, 43.299622, 217.5], [-2.38026, 43.299541, 217.2], [-2.380256, 43.299514, 217.3], [-2.380249, 43.299472, 217.7], [-2.380261, 43.299453, 217.9], [-2.380293, 43.299437, 218.0], [-2.38035, 43.299422, 217.6], [-2.380437, 43.299392, 218.4], [-2.380543, 43.299355, 219.1], [-2.380628, 43.299332, 220.6], [-2.380691, 43.299319, 221.2], [-2.380742, 43.299305, 222.4], [-2.38078, 43.299287, 223.4], [-2.380821, 43.299263, 223.6], [-2.380818, 43.299231, 223.9], [-2.380818, 43.299189, 225.2], [-2.380832, 43.299167, 225.7], [-2.380864, 43.299147, 225.5], [-2.38094, 43.299115, 226.1], [-2.381042, 43.299102, 227.2], [-2.381117, 43.299082, 228.3], [-2.381193, 43.299042, 229.1], [-2.381251, 43.299014, 229.7], [-2.381357, 43.298973, 232.1], [-2.381409, 43.298965, 231.7], [-2.381455, 43.298948, 232.6], [-2.381569, 43.298928, 232.6], [-2.381616, 43.298936, 233.2], [-2.381702, 43.298973, 233.0], [-2.381808, 43.299022, 234.2], [-2.381902, 43.299067, 235.6], [-2.38196, 43.299091, 236.0], [-2.382016, 43.299109, 236.1], [-2.382084, 43.299118, 236.4], [-2.382161, 43.299119, 237.1], [-2.382241, 43.299092, 238.6], [-2.382304, 43.299043, 239.8], [-2.382367, 43.298995, 241.7], [-2.382434, 43.298935, 243.6], [-2.382499, 43.298884, 245.0], [-2.382557, 43.298816, 246.3], [-2.382591, 43.298747, 247.0], [-2.38263, 43.298664, 248.8], [-2.382658, 43.298603, 250.0], [-2.382677, 43.298548, 250.1], [-2.382679, 43.29851, 250.5], [-2.382675, 43.298476, 250.6], [-2.382667, 43.298433, 250.0], [-2.382658, 43.298394, 249.9], [-2.382645, 43.298353, 249.6], [-2.382643, 43.298319, 249.1], [-2.382644, 43.298299, 249.1], [-2.382652, 43.298238, 249.0], [-2.382655, 43.298183, 249.0], [-2.382658, 43.298113, 248.9], [-2.382651, 43.298051, 249.1], [-2.382637, 43.297988, 249.4], [-2.382612, 43.297929, 248.7], [-2.382563, 43.297869, 249.2], [-2.382531, 43.297838, 249.1], [-2.382498, 43.297809, 249.2], [-2.382467, 43.297788, 249.1], [-2.382408, 43.297752, 249.2], [-2.382331, 43.297702, 248.4], [-2.382253, 43.297653, 248.5], [-2.382181, 43.297612, 248.1], [-2.382151, 43.297592, 248.1], [-2.382126, 43.297575, 248.2], [-2.3821, 43.297558, 248.1], [-2.382075, 43.297539, 248.2], [-2.38205, 43.297518, 248.0], [-2.38203, 43.2975, 248.3], [-2.382007, 43.297475, 248.6], [-2.38199, 43.29745, 248.4], [-2.381983, 43.297424, 248.0], [-2.381984, 43.297393, 248.0], [-2.381989, 43.297367, 247.8], [-2.381998, 43.297337, 247.5], [-2.382003, 43.297312, 247.6], [-2.38203, 43.297251, 247.3], [-2.382073, 43.297162, 246.5], [-2.38211, 43.297093, 246.4], [-2.382145, 43.297028, 245.9], [-2.382217, 43.296921, 244.9], [-2.382267, 43.29685, 244.4], [-2.382295, 43.296782, 245.0], [-2.382313, 43.296722, 243.9], [-2.38232, 43.296668, 243.3], [-2.382323, 43.296599, 242.9], [-2.382321, 43.296545, 242.7], [-2.382313, 43.296445, 242.6], [-2.382304, 43.296367, 241.9], [-2.382297, 43.296296, 242.2], [-2.382295, 43.296211, 241.1], [-2.38229, 43.296144, 240.7], [-2.382279, 43.296064, 240.3], [-2.382265, 43.295986, 240.0], [-2.382255, 43.295897, 240.0], [-2.382231, 43.295732, 240.0], [-2.382222, 43.29567, 239.1], [-2.382215, 43.295608, 239.3], [-2.382214, 43.295546, 239.0], [-2.382218, 43.295499, 239.0], [-2.382235, 43.295445, 239.3], [-2.382253, 43.295404, 239.9], [-2.382284, 43.295354, 239.0], [-2.382327, 43.295306, 239.0], [-2.382355, 43.295278, 239.0], [-2.382406, 43.295236, 239.0], [-2.382474, 43.295188, 238.2], [-2.382576, 43.295126, 237.2], [-2.382663, 43.295084, 236.3], [-2.382759, 43.295037, 236.0], [-2.3828, 43.29501, 235.3], [-2.382839, 43.294974, 234.6], [-2.382883, 43.294929, 234.1], [-2.382917, 43.294891, 234.0], [-2.382945, 43.294853, 234.1], [-2.382965, 43.294818, 234.5], [-2.382982, 43.294787, 234.8], [-2.382996, 43.294755, 235.0], [-2.383012, 43.294723, 235.0], [-2.383027, 43.294693, 235.0], [-2.38304, 43.294665, 234.8], [-2.383049, 43.294622, 234.8], [-2.383054, 43.294573, 235.4], [-2.383045, 43.294507, 235.5], [-2.383015, 43.294405, 237.3], [-2.382996, 43.294351, 237.4], [-2.382942, 43.294187, 240.0], [-2.3829, 43.29407, 241.9], [-2.382887, 43.294, 242.5], [-2.382891, 43.293967, 243.3], [-2.382899, 43.293934, 244.1], [-2.382912, 43.293902, 244.5], [-2.382937, 43.293874, 244.9], [-2.382968, 43.29385, 245.4], [-2.383003, 43.29383, 246.0], [-2.383043, 43.293814, 246.8], [-2.383085, 43.293803, 247.3], [-2.383211, 43.293784, 248.4], [-2.383362, 43.293759, 249.9], [-2.383436, 43.293749, 250.0], [-2.383521, 43.293737, 251.0], [-2.383588, 43.29373, 251.1], [-2.383687, 43.293724, 252.0], [-2.383759, 43.293731, 252.6], [-2.383942, 43.293774, 255.1], [-2.384052, 43.293797, 256.0], [-2.384345, 43.293872, 260.0], [-2.384486, 43.293915, 261.4], [-2.384741, 43.294001, 264.1], [-2.38479, 43.294009, 264.3], [-2.384828, 43.294017, 264.6], [-2.38488, 43.294023, 265.4], [-2.384933, 43.294027, 266.0], [-2.384983, 43.294029, 266.1], [-2.385025, 43.29403, 266.8], [-2.385262, 43.294039, 269.9], [-2.385336, 43.294045, 271.0], [-2.385391, 43.294049, 270.9], [-2.385444, 43.294054, 271.3], [-2.385502, 43.294058, 271.6], [-2.385544, 43.294061, 271.7], [-2.385602, 43.29406, 272.5], [-2.385639, 43.29406, 272.5], [-2.385672, 43.294059, 272.8], [-2.385773, 43.294051, 273.5], [-2.385864, 43.294037, 273.9], [-2.385962, 43.294019, 273.2], [-2.386032, 43.294009, 272.9], [-2.386098, 43.294017, 271.8], [-2.386167, 43.29402, 271.1], [-2.386207, 43.294019, 271.0], [-2.386252, 43.294016, 270.8], [-2.386276, 43.294013, 270.6], [-2.386293, 43.294004, 270.4], [-2.38632, 43.293973, 270.1], [-2.386358, 43.293932, 269.6], [-2.386397, 43.29388, 269.0], [-2.386414, 43.293851, 269.0], [-2.386421, 43.293827, 269.0], [-2.386418, 43.293771, 268.2], [-2.386405, 43.293688, 267.9], [-2.386388, 43.293604, 268.0], [-2.38637, 43.29352, 268.0], [-2.386391, 43.293429, 268.0], [-2.386406, 43.293338, 266.9], [-2.386422, 43.293293, 266.4], [-2.386439, 43.293258, 266.0], [-2.386458, 43.293229, 266.0], [-2.386542, 43.293148, 266.0], [-2.386642, 43.29305, 266.0], [-2.386698, 43.292968, 266.6], [-2.386738, 43.292936, 267.1], [-2.386963, 43.292861, 269.1], [-2.387213, 43.292787, 271.7], [-2.387369, 43.292741, 272.8], [-2.387548, 43.29272, 274.5], [-2.38773, 43.292701, 275.7], [-2.387913, 43.292687, 277.5], [-2.388119, 43.292683, 280.1], [-2.388286, 43.292675, 281.7], [-2.388363, 43.292668, 282.0], [-2.388448, 43.292647, 283.0], [-2.388553, 43.292617, 283.7], [-2.388648, 43.292587, 284.3], [-2.388776, 43.292523, 285.7], [-2.388878, 43.292432, 287.0], [-2.388993, 43.292366, 288.3], [-2.389085, 43.292309, 289.4], [-2.38921, 43.292252, 290.8], [-2.389358, 43.292188, 292.4], [-2.389507, 43.29214, 293.6], [-2.389658, 43.292093, 295.6], [-2.389815, 43.29204, 296.6], [-2.38995, 43.291996, 298.5], [-2.390148, 43.291916, 300.6], [-2.390259, 43.291867, 301.3], [-2.390351, 43.291811, 301.9], [-2.390489, 43.291741, 303.6], [-2.390624, 43.291667, 305.3], [-2.390761, 43.291598, 307.5], [-2.391123, 43.29147, 311.0], [-2.391336, 43.291391, 312.3], [-2.391385, 43.291371, 312.1], [-2.391422, 43.291346, 312.3], [-2.391445, 43.291323, 312.9], [-2.391456, 43.291304, 313.0], [-2.391456, 43.291289, 313.0], [-2.391452, 43.291271, 313.0], [-2.391437, 43.29126, 313.2], [-2.391409, 43.291254, 313.3], [-2.391379, 43.291253, 313.8], [-2.391361, 43.291252, 314.2], [-2.391345, 43.291255, 314.4], [-2.39131, 43.291282, 314.7], [-2.391289, 43.291303, 315.0], [-2.391265, 43.291313, 315.4], [-2.391229, 43.291327, 315.6], [-2.391196, 43.291339, 316.0], [-2.39115, 43.291349, 316.5], [-2.391108, 43.291354, 317.0], [-2.391019, 43.291361, 317.2], [-2.390954, 43.291368, 317.8], [-2.390862, 43.291376, 318.5], [-2.390788, 43.291386, 319.4], [-2.390631, 43.291401, 320.6], [-2.390507, 43.291409, 321.9], [-2.390365, 43.2914, 322.9], [-2.390238, 43.291391, 324.2], [-2.390135, 43.29138, 325.5], [-2.390032, 43.291363, 326.0], [-2.389925, 43.291343, 327.1], [-2.389829, 43.291325, 327.5], [-2.389805, 43.291316, 327.7], [-2.389811, 43.291295, 328.0], [-2.389836, 43.291256, 328.5], [-2.389872, 43.291231, 329.6], [-2.389918, 43.291203, 331.7], [-2.389953, 43.291197, 332.4], [-2.390037, 43.291179, 333.4], [-2.390108, 43.291175, 334.7], [-2.390152, 43.291175, 335.9], [-2.390213, 43.291178, 337.7], [-2.390285, 43.291183, 339.1], [-2.390321, 43.291184, 339.4], [-2.390355, 43.29118, 339.6], [-2.390398, 43.291169, 340.6], [-2.390463, 43.291151, 340.9], [-2.390565, 43.291104, 340.2], [-2.390607, 43.291047, 340.7], [-2.390641, 43.290936, 342.5], [-2.390652, 43.29086, 343.8], [-2.390619, 43.290771, 344.0], [-2.390566, 43.290681, 343.0], [-2.390509, 43.290588, 341.8], [-2.390464, 43.290513, 341.2], [-2.390435, 43.290423, 341.0], [-2.390426, 43.29033, 340.6], [-2.39044, 43.290238, 340.9], [-2.390468, 43.290171, 339.6], [-2.390573, 43.290038, 338.0], [-2.390733, 43.289872, 338.1], [-2.390781, 43.289809, 337.6], [-2.390798, 43.289676, 337.3], [-2.39083, 43.289624, 336.1], [-2.390819, 43.289555, 335.8], [-2.390798, 43.289427, 336.0], [-2.390788, 43.289383, 336.0], [-2.390805, 43.289299, 335.4], [-2.390876, 43.289206, 334.8], [-2.39098, 43.289089, 335.3], [-2.391121, 43.288992, 334.6], [-2.391178, 43.288948, 333.8], [-2.391194, 43.288924, 332.9], [-2.391184, 43.28885, 331.7], [-2.391185, 43.288735, 330.5], [-2.391186, 43.28861, 331.4], [-2.391187, 43.288511, 331.4], [-2.391185, 43.28846, 331.5], [-2.391165, 43.288377, 331.9], [-2.391114, 43.288261, 333.2], [-2.391084, 43.288189, 334.1], [-2.391071, 43.288136, 335.6], [-2.391049, 43.28809, 336.6], [-2.391018, 43.28798, 336.9], [-2.391, 43.287897, 336.8], [-2.390983, 43.287817, 337.5], [-2.390986, 43.287717, 337.5], [-2.390998, 43.287629, 337.3], [-2.391003, 43.287595, 336.9], [-2.391, 43.287515, 337.0], [-2.391007, 43.287452, 336.5], [-2.391019, 43.287376, 336.0], [-2.391042, 43.287343, 336.0], [-2.391054, 43.287249, 335.4], [-2.391083, 43.287202, 335.0], [-2.391145, 43.287142, 336.0], [-2.3912, 43.287117, 336.0], [-2.391252, 43.287094, 336.0], [-2.391287, 43.28708, 336.0], [-2.391325, 43.287069, 336.0], [-2.39135, 43.287064, 336.1], [-2.391468, 43.287115, 336.2], [-2.391612, 43.287176, 334.9], [-2.391733, 43.28722, 333.9], [-2.39195, 43.287268, 332.9], [-2.392127, 43.287301, 332.1], [-2.392243, 43.287335, 331.7], [-2.392358, 43.287392, 331.2], [-2.39264, 43.287575, 328.1], [-2.392956, 43.287824, 325.0], [-2.393036, 43.28793, 324.8], [-2.393231, 43.288179, 324.0], [-2.393368, 43.288336, 324.3], [-2.393421, 43.288436, 324.1], [-2.393514, 43.288593, 323.5], [-2.39366, 43.288857, 321.1], [-2.39375, 43.288937, 319.5], [-2.393837, 43.289013, 317.3], [-2.393908, 43.289101, 315.4], [-2.393959, 43.289181, 313.6], [-2.394002, 43.289263, 311.8], [-2.394086, 43.28939, 310.0], [-2.39422, 43.289463, 307.8], [-2.394297, 43.289476, 306.6], [-2.39437, 43.28948, 305.3], [-2.394459, 43.28948, 303.9], [-2.394522, 43.289473, 303.3], [-2.394606, 43.289456, 302.8], [-2.394763, 43.289414, 300.0], [-2.395009, 43.289326, 295.0], [-2.395174, 43.289277, 293.0], [-2.395443, 43.289217, 290.9], [-2.395637, 43.289214, 289.0], [-2.395692, 43.289221, 288.0], [-2.395812, 43.289247, 287.3], [-2.39597, 43.289277, 285.2], [-2.396063, 43.289297, 284.2], [-2.39627, 43.289344, 282.4], [-2.396433, 43.28939, 281.4], [-2.396649, 43.289456, 279.2], [-2.396826, 43.28952, 278.4], [-2.397, 43.289586, 278.0], [-2.397077, 43.289589, 278.1], [-2.397136, 43.289591, 278.6], [-2.397231, 43.289576, 278.9], [-2.397357, 43.289556, 275.4], [-2.397541, 43.289518, 272.2], [-2.397732, 43.289483, 268.1], [-2.397884, 43.289456, 266.3], [-2.398003, 43.28944, 264.7], [-2.398125, 43.289429, 263.0], [-2.39824, 43.289426, 261.2], [-2.398354, 43.289421, 259.8], [-2.398435, 43.289422, 259.2], [-2.398469, 43.289429, 258.6], [-2.398506, 43.289437, 258.5], [-2.398613, 43.289473, 258.5], [-2.398755, 43.289522, 257.1], [-2.398826, 43.289561, 255.7], [-2.398876, 43.289604, 255.6], [-2.398898, 43.289633, 255.3], [-2.398941, 43.289717, 253.8], [-2.398993, 43.289811, 252.0], [-2.399061, 43.289926, 249.5], [-2.3991, 43.289964, 248.7], [-2.399136, 43.289987, 248.4], [-2.399191, 43.290008, 248.7], [-2.399274, 43.290022, 247.6], [-2.399323, 43.290025, 247.5], [-2.399378, 43.29003, 247.4], [-2.399481, 43.290036, 245.8], [-2.399573, 43.290044, 243.1], [-2.399664, 43.290043, 242.4], [-2.399772, 43.290041, 240.4], [-2.399853, 43.290033, 239.2], [-2.399921, 43.290027, 238.6], [-2.400012, 43.290018, 237.7], [-2.400058, 43.290018, 237.7], [-2.400101, 43.290026, 237.6], [-2.400145, 43.29004, 237.4], [-2.400217, 43.290065, 237.4], [-2.400287, 43.290084, 237.5], [-2.400359, 43.290109, 236.5], [-2.400412, 43.290117, 236.5], [-2.40058, 43.290138, 235.7], [-2.400744, 43.290141, 235.4], [-2.400882, 43.290139, 236.8], [-2.401036, 43.290119, 237.0], [-2.401244, 43.290054, 235.7], [-2.401503, 43.289994, 235.0], [-2.401528, 43.289994, 235.0], [-2.401549, 43.289993, 235.0], [-2.401566, 43.28999, 235.0], [-2.401587, 43.289984, 235.0], [-2.401611, 43.289972, 235.0], [-2.401698, 43.289934, 234.3], [-2.401804, 43.289891, 234.5], [-2.401928, 43.289842, 233.2], [-2.402045, 43.28979, 232.0], [-2.402108, 43.289766, 231.6], [-2.402206, 43.289733, 230.2], [-2.402273, 43.289715, 229.6], [-2.402374, 43.289694, 227.9], [-2.402463, 43.289675, 227.0], [-2.402505, 43.28967, 226.5], [-2.402574, 43.289664, 226.1], [-2.402646, 43.289659, 225.0], [-2.402709, 43.289656, 223.8], [-2.402769, 43.28966, 223.0], [-2.4028, 43.289667, 222.6], [-2.402852, 43.289683, 221.3], [-2.402903, 43.289701, 220.6], [-2.402939, 43.289715, 220.3], [-2.403014, 43.289761, 219.0], [-2.403079, 43.289805, 216.9], [-2.403129, 43.289848, 215.3], [-2.403183, 43.289891, 214.2], [-2.403228, 43.289933, 212.5], [-2.403253, 43.289955, 212.1], [-2.40327, 43.289976, 211.7], [-2.403277, 43.28999, 211.2], [-2.40328, 43.290002, 210.8], [-2.403283, 43.290012, 210.5], [-2.403281, 43.290031, 210.1], [-2.403277, 43.290063, 209.5], [-2.403262, 43.290111, 208.9], [-2.403249, 43.290147, 208.5], [-2.403201, 43.290242, 207.0], [-2.403196, 43.29027, 207.0], [-2.403195, 43.290305, 206.7], [-2.403194, 43.290348, 205.8], [-2.403194, 43.290386, 205.0], [-2.403205, 43.290423, 204.6], [-2.403233, 43.290478, 203.4], [-2.403265, 43.290531, 202.5], [-2.403275, 43.290543, 202.1], [-2.403291, 43.290562, 202.0], [-2.403312, 43.290579, 202.0], [-2.403336, 43.290593, 201.6], [-2.403363, 43.290604, 201.2], [-2.403392, 43.290611, 201.0], [-2.403422, 43.290614, 200.9], [-2.403453, 43.290614, 200.7], [-2.403483, 43.29061, 200.3], [-2.403512, 43.290603, 200.0], [-2.404344, 43.290397, 199.2], [-2.404377, 43.290393, 198.9], [-2.40441, 43.290391, 199.0], [-2.404443, 43.290394, 198.9], [-2.404475, 43.290399, 199.0], [-2.404509, 43.290406, 199.0], [-2.404543, 43.290409, 199.0], [-2.404578, 43.290409, 199.0], [-2.404613, 43.290406, 199.0], [-2.404652, 43.290391, 199.0], [-2.404689, 43.290373, 199.3], [-2.40489, 43.290289, 200.0], [-2.404936, 43.290261, 200.0], [-2.405006, 43.290204, 201.0], [-2.405267, 43.290061, 202.6], [-2.405351, 43.289985, 202.9], [-2.405494, 43.289879, 203.1], [-2.40567, 43.289768, 203.1], [-2.40573, 43.289738, 203.6], [-2.405792, 43.289707, 203.3], [-2.405829, 43.289685, 203.3], [-2.405876, 43.289645, 203.0], [-2.406043, 43.289455, 201.0], [-2.406182, 43.289293, 201.0], [-2.406321, 43.289053, 199.6], [-2.40636, 43.288995, 199.8], [-2.406723, 43.288702, 200.0], [-2.406804, 43.288639, 199.2], [-2.406883, 43.288574, 199.0], [-2.406976, 43.288459, 198.9], [-2.407113, 43.288347, 198.0], [-2.407394, 43.288174, 198.6], [-2.407602, 43.288046, 199.0], [-2.407786, 43.287905, 199.0], [-2.407846, 43.287851, 199.0], [-2.407876, 43.28783, 199.0], [-2.407928, 43.287805, 198.7], [-2.407953, 43.287792, 198.1], [-2.408029, 43.287764, 198.3], [-2.40807, 43.28775, 197.9], [-2.408106, 43.287739, 197.5], [-2.408152, 43.287732, 197.6], [-2.408302, 43.287728, 197.5], [-2.408466, 43.287714, 197.1], [-2.408624, 43.287675, 195.4], [-2.408832, 43.287627, 194.3], [-2.409069, 43.28758, 194.1], [-2.409159, 43.287559, 194.4], [-2.409227, 43.287543, 194.5], [-2.409268, 43.287535, 194.1], [-2.409303, 43.28753, 194.0], [-2.409361, 43.287531, 194.6], [-2.409452, 43.28754, 195.5], [-2.409593, 43.287558, 196.9], [-2.409702, 43.287582, 198.1], [-2.409761, 43.287596, 198.4], [-2.409821, 43.287606, 198.5], [-2.409882, 43.287612, 198.0], [-2.409943, 43.287614, 197.7], [-2.409992, 43.287613, 197.7], [-2.410124, 43.287612, 197.7], [-2.410255, 43.287603, 196.4], [-2.410384, 43.287585, 196.0], [-2.410415, 43.28758, 195.8], [-2.410487, 43.287564, 195.1], [-2.410556, 43.287544, 195.2], [-2.410623, 43.287519, 194.6], [-2.410687, 43.28749, 195.0], [-2.410711, 43.287478, 194.8], [-2.410722, 43.287474, 194.7], [-2.410801, 43.287448, 195.0], [-2.410883, 43.287427, 195.0], [-2.410967, 43.287412, 195.1], [-2.411053, 43.287402, 196.0], [-2.411139, 43.287398, 195.9], [-2.411546, 43.287373, 197.2], [-2.411955, 43.287346, 198.4], [-2.412125, 43.287348, 198.9], [-2.412444, 43.287374, 200.0], [-2.412547, 43.287382, 200.7], [-2.412631, 43.287385, 200.9], [-2.412671, 43.287384, 201.0], [-2.41269, 43.287384, 201.0], [-2.412712, 43.287378, 201.0], [-2.412743, 43.287367, 201.6], [-2.412814, 43.287344, 202.6], [-2.413097, 43.287227, 206.4], [-2.413428, 43.287087, 208.2], [-2.413771, 43.286956, 210.3], [-2.41398, 43.286873, 211.2], [-2.414293, 43.28675, 211.9], [-2.414495, 43.286661, 212.2], [-2.414623, 43.286597, 213.5], [-2.414819, 43.286486, 213.9], [-2.414972, 43.286375, 215.6], [-2.415117, 43.28626, 217.3], [-2.415242, 43.286157, 217.5], [-2.415308, 43.286113, 217.6], [-2.415437, 43.286069, 217.5], [-2.415559, 43.286024, 218.5], [-2.41565, 43.285984, 217.8], [-2.415749, 43.285941, 218.2], [-2.415874, 43.285882, 219.4], [-2.415966, 43.285841, 219.3], [-2.416087, 43.285806, 219.1], [-2.41618, 43.285778, 219.0], [-2.416257, 43.285756, 218.8], [-2.416282, 43.285747, 218.4], [-2.416321, 43.285729, 218.0], [-2.416342, 43.285717, 218.1], [-2.416378, 43.285693, 217.8], [-2.416425, 43.28566, 217.5], [-2.416463, 43.285639, 217.3], [-2.416502, 43.285626, 217.1], [-2.416551, 43.285613, 217.0], [-2.416592, 43.285605, 216.8], [-2.416645, 43.285599, 216.8], [-2.416696, 43.285595, 216.9], [-2.416806, 43.285588, 217.1], [-2.416915, 43.285588, 217.2], [-2.41703, 43.285586, 217.3], [-2.417093, 43.285581, 218.1], [-2.417152, 43.285576, 218.6], [-2.417195, 43.285571, 219.0], [-2.417224, 43.285563, 219.0], [-2.41725, 43.285555, 218.9], [-2.417293, 43.28554, 219.3], [-2.417503, 43.285457, 219.7], [-2.417696, 43.285389, 221.1], [-2.418086, 43.285264, 222.8], [-2.418312, 43.285198, 222.9], [-2.418473, 43.285157, 223.8], [-2.418744, 43.285127, 225.5], [-2.418909, 43.285119, 227.0], [-2.418964, 43.285114, 227.0], [-2.419025, 43.285103, 228.1], [-2.419165, 43.285073, 228.3], [-2.419236, 43.285061, 228.1], [-2.419261, 43.285061, 228.1], [-2.419384, 43.285068, 228.7], [-2.419429, 43.285075, 228.7], [-2.419478, 43.285084, 228.9], [-2.419517, 43.285093, 229.4], [-2.419596, 43.285115, 230.2], [-2.41972, 43.285153, 231.1], [-2.419754, 43.285162, 231.0], [-2.419806, 43.285175, 232.1], [-2.419849, 43.285187, 232.8], [-2.419899, 43.285205, 232.9], [-2.41995, 43.285226, 233.1], [-2.420001, 43.285241, 234.0], [-2.420024, 43.285247, 234.3], [-2.420051, 43.285251, 234.6], [-2.420181, 43.285267, 236.0], [-2.420218, 43.285268, 236.5], [-2.420336, 43.285271, 237.7], [-2.420468, 43.285271, 239.0], [-2.420579, 43.285269, 240.2], [-2.420684, 43.285262, 240.7], [-2.420791, 43.285262, 242.3], [-2.420867, 43.285262, 242.7], [-2.420952, 43.285271, 244.3], [-2.421094, 43.285281, 246.7], [-2.42123, 43.285293, 248.0], [-2.421249, 43.285295, 248.1], [-2.421292, 43.285291, 248.3], [-2.421324, 43.285284, 248.9], [-2.421364, 43.285268, 249.7], [-2.4214, 43.285254, 250.6], [-2.421483, 43.285234, 251.9], [-2.421605, 43.285218, 252.0], [-2.42177, 43.285195, 252.7], [-2.421819, 43.28519, 252.7], [-2.421943, 43.285158, 254.7], [-2.422014, 43.285139, 255.8], [-2.42212, 43.285114, 256.2], [-2.422182, 43.285055, 257.5], [-2.422229, 43.285015, 258.4], [-2.422268, 43.284981, 259.9], [-2.422317, 43.284941, 261.4], [-2.422451, 43.284832, 264.5], [-2.422496, 43.284788, 265.3], [-2.422543, 43.284726, 266.8], [-2.422577, 43.284647, 268.6], [-2.422593, 43.284578, 270.2], [-2.422604, 43.284507, 271.7], [-2.422608, 43.284452, 272.9], [-2.422615, 43.284411, 273.7], [-2.422625, 43.28437, 274.7], [-2.422693, 43.284122, 278.6], [-2.422711, 43.284034, 279.4], [-2.422736, 43.28395, 279.8], [-2.422778, 43.283851, 280.3], [-2.422786, 43.283793, 280.8], [-2.422802, 43.283758, 281.0], [-2.422799, 43.283676, 282.0], [-2.422771, 43.283579, 282.4], [-2.422763, 43.28354, 282.6], [-2.422764, 43.283499, 283.1], [-2.4228, 43.283368, 284.0], [-2.422826, 43.283176, 285.2], [-2.422816, 43.283092, 285.6], [-2.422833, 43.282957, 288.1], [-2.42285, 43.282835, 290.9], [-2.422866, 43.282706, 293.7], [-2.422896, 43.282583, 296.5], [-2.422923, 43.282534, 297.5], [-2.422958, 43.282412, 299.9], [-2.422983, 43.282374, 300.1], [-2.423006, 43.282294, 302.3], [-2.423029, 43.282224, 302.3], [-2.423046, 43.282152, 303.6], [-2.423062, 43.282094, 304.6], [-2.423098, 43.281971, 306.6], [-2.423124, 43.281883, 307.2], [-2.423154, 43.281718, 309.4], [-2.423191, 43.281643, 310.6], [-2.4232, 43.281591, 311.2], [-2.423209, 43.281549, 311.7], [-2.423221, 43.281512, 312.2], [-2.423223, 43.281472, 312.7], [-2.423229, 43.281412, 313.4], [-2.423227, 43.281385, 313.4], [-2.423213, 43.281313, 314.5], [-2.423194, 43.281254, 315.3], [-2.423109, 43.281036, 318.0], [-2.423081, 43.280887, 321.2], [-2.423071, 43.280775, 322.0], [-2.423076, 43.280711, 323.2], [-2.423082, 43.280651, 324.4], [-2.423076, 43.280598, 325.6], [-2.423075, 43.280564, 326.3], [-2.423081, 43.280532, 327.0], [-2.423095, 43.280515, 327.0], [-2.423117, 43.280509, 327.0], [-2.423139, 43.280509, 327.1], [-2.423172, 43.280516, 327.9], [-2.423191, 43.280524, 328.2], [-2.423214, 43.280546, 328.8], [-2.423375, 43.280729, 331.9], [-2.423422, 43.280771, 332.6], [-2.423464, 43.280785, 333.6], [-2.423494, 43.280794, 334.1], [-2.423549, 43.280807, 334.8], [-2.423612, 43.280826, 334.8], [-2.423654, 43.28084, 335.5], [-2.423677, 43.280849, 335.9], [-2.423691, 43.280858, 336.1], [-2.423701, 43.280864, 336.3], [-2.423706, 43.280882, 336.6], [-2.423674, 43.280956, 337.0], [-2.423663, 43.281028, 338.0], [-2.423673, 43.281117, 338.7], [-2.423685, 43.281154, 339.1], [-2.423749, 43.281236, 340.2], [-2.423806, 43.281308, 341.1], [-2.423833, 43.281334, 341.9], [-2.423856, 43.281351, 341.8], [-2.423891, 43.281371, 342.8], [-2.423913, 43.281385, 343.1], [-2.423934, 43.281397, 343.1], [-2.423953, 43.281408, 343.3], [-2.423975, 43.281421, 343.7], [-2.423999, 43.281435, 344.2], [-2.424025, 43.28145, 344.6], [-2.42404, 43.281459, 344.9], [-2.424052, 43.281468, 345.1], [-2.424066, 43.281483, 345.3], [-2.424081, 43.281503, 345.9], [-2.424088, 43.281521, 346.4], [-2.424085, 43.281568, 346.6], [-2.424083, 43.281597, 347.3], [-2.424079, 43.281712, 350.1], [-2.424069, 43.281752, 350.7], [-2.424068, 43.281895, 352.7], [-2.424068, 43.281958, 352.8], [-2.424092, 43.282171, 355.6], [-2.424115, 43.282313, 357.6], [-2.424144, 43.282456, 358.2], [-2.424194, 43.282528, 359.9], [-2.424274, 43.282628, 360.7], [-2.424298, 43.282664, 361.6], [-2.424312, 43.282692, 362.0], [-2.424324, 43.282722, 362.1], [-2.424336, 43.282738, 362.6], [-2.424362, 43.282771, 363.6], [-2.424386, 43.282809, 364.0], [-2.424417, 43.28284, 364.2], [-2.424436, 43.282855, 364.5], [-2.424459, 43.282866, 364.9], [-2.424496, 43.282873, 365.0], [-2.424557, 43.282881, 365.5], [-2.4246, 43.282883, 366.0], [-2.424636, 43.282883, 366.0], [-2.424681, 43.282876, 366.2], [-2.424765, 43.282861, 366.5], [-2.424824, 43.282844, 366.9], [-2.424878, 43.282825, 367.4], [-2.424939, 43.282786, 367.6], [-2.425001, 43.282747, 368.1], [-2.425054, 43.282697, 368.3], [-2.425122, 43.282621, 369.3], [-2.42515, 43.282583, 369.7], [-2.425186, 43.282518, 370.2], [-2.425203, 43.282469, 371.0], [-2.425223, 43.282405, 371.6], [-2.425252, 43.282295, 373.0], [-2.425271, 43.282243, 373.4], [-2.425297, 43.282188, 374.0], [-2.425353, 43.282103, 374.4], [-2.425397, 43.282061, 375.0], [-2.425484, 43.281993, 375.8], [-2.425601, 43.281933, 377.0], [-2.425729, 43.281883, 378.9], [-2.425759, 43.281875, 379.4], [-2.425819, 43.281868, 379.7], [-2.425893, 43.28185, 381.2], [-2.425942, 43.281844, 382.1], [-2.425975, 43.281842, 382.3], [-2.426005, 43.281841, 382.3], [-2.426032, 43.281831, 382.7], [-2.426133, 43.28179, 384.5], [-2.426338, 43.281683, 386.0], [-2.426432, 43.281622, 387.3], [-2.426555, 43.281539, 388.8], [-2.426678, 43.281466, 390.5], [-2.42675, 43.281413, 391.8], [-2.426821, 43.281345, 393.4], [-2.426857, 43.281308, 394.2], [-2.426863, 43.281276, 395.0], [-2.426855, 43.281244, 395.7], [-2.426833, 43.28122, 396.2], [-2.426798, 43.281202, 396.6], [-2.42673, 43.281193, 396.9], [-2.426643, 43.281201, 397.6], [-2.426588, 43.281211, 397.4], [-2.426432, 43.281244, 397.8], [-2.42628, 43.281279, 398.0], [-2.426176, 43.281296, 398.4], [-2.426102, 43.281298, 398.8], [-2.426034, 43.281288, 399.5], [-2.425972, 43.281265, 400.1], [-2.425942, 43.281245, 400.5], [-2.425918, 43.281205, 401.4], [-2.425918, 43.281177, 402.0], [-2.425943, 43.28115, 402.6], [-2.426052, 43.281107, 403.3], [-2.42617, 43.281065, 404.0], [-2.426216, 43.281042, 404.1], [-2.426271, 43.281004, 404.9], [-2.426351, 43.280945, 406.0], [-2.426455, 43.280876, 407.0], [-2.426578, 43.280799, 409.5], [-2.426656, 43.280751, 411.6], [-2.426801, 43.280704, 413.5], [-2.426941, 43.280706, 414.5], [-2.427089, 43.280741, 417.0], [-2.42731, 43.280809, 419.2], [-2.42748, 43.280899, 421.2], [-2.42772, 43.281013, 424.4], [-2.427831, 43.281098, 426.3], [-2.427961, 43.281181, 428.2], [-2.428102, 43.28127, 428.8], [-2.428362, 43.281352, 428.4], [-2.428456, 43.281382, 428.8], [-2.428545, 43.281405, 429.0], [-2.428501, 43.281328, 429.0], [-2.42845, 43.281238, 431.0], [-2.428419, 43.281179, 431.4], [-2.428403, 43.28112, 432.0], [-2.42831, 43.280949, 434.4], [-2.428287, 43.280921, 435.0], [-2.428249, 43.280876, 435.0], [-2.42818, 43.280798, 436.7], [-2.428121, 43.280742, 437.0], [-2.428049, 43.280676, 438.4], [-2.427992, 43.280606, 439.1], [-2.427907, 43.280484, 441.5], [-2.427818, 43.28035, 444.0], [-2.427735, 43.280187, 447.1], [-2.427675, 43.28009, 448.8], [-2.427647, 43.280045, 450.2], [-2.427618, 43.280012, 451.0], [-2.427563, 43.279972, 452.2], [-2.427522, 43.27992, 453.9], [-2.427433, 43.279825, 456.3], [-2.427366, 43.279721, 458.2], [-2.42729, 43.27961, 460.7], [-2.427251, 43.279589, 461.6], [-2.427111, 43.279459, 465.0], [-2.427025, 43.279369, 467.0], [-2.426958, 43.279312, 468.6], [-2.426868, 43.279251, 470.6], [-2.426839, 43.279218, 471.0], [-2.42683, 43.279187, 471.2], [-2.42683, 43.279152, 471.3], [-2.42685, 43.279074, 472.0], [-2.426887, 43.278957, 474.0], [-2.426917, 43.278846, 474.8], [-2.426986, 43.278684, 477.3], [-2.427071, 43.278517, 480.7], [-2.427121, 43.278428, 482.4], [-2.427181, 43.278343, 483.8], [-2.427245, 43.278273, 485.0], [-2.427314, 43.278193, 486.0], [-2.427376, 43.278119, 486.7], [-2.427431, 43.278034, 487.7], [-2.427476, 43.27794, 489.0], [-2.427505, 43.277857, 490.4], [-2.427517, 43.277808, 490.6], [-2.42752, 43.277748, 491.5], [-2.427522, 43.277658, 492.2], [-2.427535, 43.277487, 493.3], [-2.427566, 43.277375, 493.6], [-2.42757, 43.277272, 493.5], [-2.427555, 43.277114, 492.9], [-2.427491, 43.276896, 493.5], [-2.427441, 43.276736, 493.7], [-2.427354, 43.276464, 494.3], [-2.427299, 43.276334, 495.1], [-2.427259, 43.276198, 494.9], [-2.427202, 43.276078, 495.4], [-2.42717, 43.275964, 495.4], [-2.42714, 43.275919, 495.7], [-2.427072, 43.275783, 495.8], [-2.42696, 43.275545, 495.5], [-2.426944, 43.275486, 495.0], [-2.426895, 43.275412, 495.7], [-2.426834, 43.275325, 495.7], [-2.42679, 43.275246, 495.6], [-2.426707, 43.27512, 495.8], [-2.426604, 43.27498, 496.7], [-2.426508, 43.274893, 497.7], [-2.426368, 43.274777, 498.1], [-2.426257, 43.274679, 498.3], [-2.426153, 43.274556, 497.8], [-2.426094, 43.274504, 497.6], [-2.425977, 43.274451, 497.6], [-2.425847, 43.274402, 498.4], [-2.425789, 43.274383, 498.1], [-2.425689, 43.274358, 498.8], [-2.425538, 43.27433, 498.8], [-2.425434, 43.274317, 498.6], [-2.425295, 43.2743, 498.3], [-2.425177, 43.274284, 496.9], [-2.425013, 43.274253, 496.9], [-2.424914, 43.274233, 496.7], [-2.424744, 43.274215, 496.9], [-2.424473, 43.274181, 496.5], [-2.424258, 43.274168, 496.5], [-2.424022, 43.274161, 495.7], [-2.423714, 43.274174, 495.5], [-2.423466, 43.274194, 494.3], [-2.423198, 43.274204, 494.4], [-2.422934, 43.274206, 494.5], [-2.422851, 43.274205, 494.4], [-2.422795, 43.274201, 494.5], [-2.422734, 43.274188, 494.2], [-2.422651, 43.27416, 493.8], [-2.422563, 43.274124, 493.7], [-2.422429, 43.274072, 492.8], [-2.422263, 43.274006, 491.2], [-2.422129, 43.273948, 489.3], [-2.422016, 43.273905, 488.1], [-2.42191, 43.273875, 487.4], [-2.42183, 43.273849, 486.9], [-2.421759, 43.273839, 486.4], [-2.421677, 43.273829, 486.1], [-2.421567, 43.273811, 485.0], [-2.421473, 43.27379, 484.4], [-2.421398, 43.273763, 485.0], [-2.42137, 43.273746, 485.0], [-2.421377, 43.273719, 484.9], [-2.421394, 43.273701, 484.6], [-2.42141, 43.273676, 484.0], [-2.421428, 43.273629, 484.0], [-2.421434, 43.273594, 484.0], [-2.421434, 43.273551, 484.0], [-2.421425, 43.273489, 484.0], [-2.421412, 43.273437, 484.0], [-2.421388, 43.273395, 484.3], [-2.42136, 43.273345, 483.5], [-2.421345, 43.273284, 483.2], [-2.42133, 43.273233, 482.4], [-2.421329, 43.2732, 482.1], [-2.421331, 43.273151, 482.0], [-2.421337, 43.273084, 481.2], [-2.421323, 43.273012, 480.1], [-2.421264, 43.272867, 478.4], [-2.421241, 43.272817, 477.7], [-2.421221, 43.272773, 477.1], [-2.421186, 43.272702, 476.2], [-2.42115, 43.272636, 475.7], [-2.421119, 43.27255, 475.0], [-2.421112, 43.272438, 474.1], [-2.42111, 43.272291, 473.2], [-2.42111, 43.272151, 472.3], [-2.421134, 43.271912, 469.8], [-2.421141, 43.271809, 469.1], [-2.421159, 43.271702, 468.4], [-2.42118, 43.271555, 467.0], [-2.421201, 43.271451, 465.8], [-2.421224, 43.271374, 464.9], [-2.421248, 43.27127, 464.0], [-2.421281, 43.271185, 463.5], [-2.42134, 43.271028, 461.6], [-2.421385, 43.270884, 460.7], [-2.421465, 43.270637, 457.8], [-2.421487, 43.270565, 457.3], [-2.421545, 43.270433, 455.4], [-2.421565, 43.270385, 455.0], [-2.421596, 43.270339, 454.5], [-2.421664, 43.270245, 453.4], [-2.421738, 43.270143, 452.2], [-2.421767, 43.270105, 451.8], [-2.421801, 43.270057, 451.4], [-2.421817, 43.270028, 451.0], [-2.421829, 43.270001, 450.8], [-2.421835, 43.269985, 450.6], [-2.421836, 43.269968, 450.3], [-2.421836, 43.26995, 450.0], [-2.421835, 43.269921, 449.6], [-2.421835, 43.269887, 449.2], [-2.421829, 43.26985, 448.7], [-2.421831, 43.26982, 448.1], [-2.42183, 43.269783, 448.0], [-2.421838, 43.269738, 448.7], [-2.421947, 43.269632, 449.0], [-2.421976, 43.26959, 449.4], [-2.421997, 43.269545, 449.3], [-2.422009, 43.269499, 448.9], [-2.422011, 43.269452, 449.9], [-2.422029, 43.269378, 449.9], [-2.422052, 43.269332, 449.7], [-2.42214, 43.269192, 448.0], [-2.422182, 43.269088, 447.4], [-2.422219, 43.268965, 446.0], [-2.422255, 43.26889, 445.1], [-2.42229, 43.268843, 445.3], [-2.422367, 43.268777, 444.2], [-2.422419, 43.26869, 443.4], [-2.422469, 43.268538, 441.6], [-2.422503, 43.268396, 441.1], [-2.42251, 43.268315, 440.7], [-2.42251, 43.268307, 440.5], [-2.422513, 43.268288, 440.0], [-2.422518, 43.268269, 439.7], [-2.422525, 43.26825, 439.5], [-2.422534, 43.268233, 439.3], [-2.422546, 43.268215, 439.2], [-2.422559, 43.268199, 439.2], [-2.422575, 43.268184, 438.9], [-2.422628, 43.26812, 438.2], [-2.422639, 43.268106, 437.9], [-2.422649, 43.268091, 437.5], [-2.422656, 43.268075, 437.2], [-2.422662, 43.268059, 437.0], [-2.422666, 43.268042, 436.8], [-2.422667, 43.268026, 436.6], [-2.422667, 43.268009, 436.4], [-2.422665, 43.267993, 436.3], [-2.422664, 43.267992, 436.3], [-2.422652, 43.267806, 434.4], [-2.422643, 43.26772, 433.9], [-2.422644, 43.267614, 432.9], [-2.422631, 43.267474, 432.5], [-2.422636, 43.267453, 432.2], [-2.422649, 43.267426, 431.8], [-2.42266, 43.267401, 431.2], [-2.422673, 43.267376, 431.1], [-2.422689, 43.267346, 431.2], [-2.422719, 43.267304, 430.7], [-2.422781, 43.267232, 430.4], [-2.422837, 43.267166, 429.8], [-2.422853, 43.267151, 430.0], [-2.422866, 43.267135, 430.2], [-2.422876, 43.267117, 430.5], [-2.422881, 43.267098, 430.3], [-2.422883, 43.267079, 430.3], [-2.422876, 43.267064, 430.4], [-2.422865, 43.267049, 430.4], [-2.422851, 43.267036, 430.3], [-2.422835, 43.267025, 430.0], [-2.422816, 43.267016, 430.0], [-2.422796, 43.26701, 430.0], [-2.422774, 43.267006, 430.0], [-2.422718, 43.267003, 430.0], [-2.422605, 43.267, 429.4], [-2.422449, 43.266992, 428.1], [-2.422395, 43.26698, 427.1], [-2.422338, 43.266954, 426.4], [-2.422327, 43.266948, 426.3], [-2.422318, 43.266941, 426.2], [-2.42231, 43.266933, 426.0], [-2.422303, 43.266925, 425.9], [-2.422299, 43.266915, 425.8], [-2.422298, 43.266888, 425.7], [-2.422304, 43.266862, 426.2], [-2.422316, 43.266837, 426.5], [-2.422354, 43.266797, 425.8], [-2.422391, 43.266739, 426.2], [-2.422411, 43.26666, 425.8], [-2.422412, 43.266604, 425.4], [-2.422405, 43.26641, 425.0], [-2.42239, 43.266308, 424.6], [-2.422357, 43.266189, 423.9], [-2.422317, 43.266103, 423.8], [-2.422296, 43.266069, 423.6], [-2.422262, 43.266018, 423.5], [-2.42223, 43.265973, 422.6], [-2.422181, 43.265919, 422.2], [-2.422135, 43.26588, 421.9], [-2.42204, 43.265837, 420.7], [-2.421941, 43.2658, 419.2], [-2.421921, 43.265791, 418.7], [-2.421903, 43.265779, 418.8], [-2.421887, 43.265766, 418.7], [-2.421875, 43.265751, 418.4], [-2.421866, 43.265735, 418.2], [-2.42186, 43.265718, 417.9], [-2.421859, 43.265683, 417.9], [-2.421871, 43.265657, 417.7], [-2.421897, 43.265629, 417.9], [-2.421935, 43.26558, 418.0], [-2.421975, 43.265534, 418.2], [-2.421997, 43.265505, 417.8], [-2.422017, 43.265472, 417.4], [-2.422057, 43.265413, 416.8], [-2.422081, 43.265392, 416.5], [-2.422101, 43.26538, 416.5], [-2.422146, 43.265364, 416.6], [-2.4222, 43.265349, 417.1], [-2.422299, 43.265332, 417.6], [-2.422409, 43.26533, 418.3], [-2.422688, 43.265333, 415.4], [-2.422911, 43.265323, 415.7], [-2.422994, 43.265336, 415.6], [-2.423173, 43.265357, 415.3], [-2.423376, 43.265381, 413.6], [-2.423554, 43.265393, 413.5], [-2.423809, 43.265409, 412.1], [-2.424107, 43.265416, 410.9], [-2.424253, 43.265407, 410.6], [-2.424328, 43.265397, 410.6], [-2.424471, 43.26538, 409.0], [-2.424515, 43.265373, 409.0], [-2.424558, 43.265361, 409.1], [-2.424597, 43.265343, 408.6], [-2.424631, 43.265321, 409.1], [-2.424693, 43.265243, 409.8], [-2.424741, 43.265158, 409.6], [-2.424763, 43.265116, 408.9], [-2.424784, 43.26506, 408.6], [-2.424788, 43.265016, 408.5], [-2.424777, 43.264964, 407.7], [-2.42475, 43.264897, 407.7], [-2.424713, 43.264839, 407.0], [-2.424668, 43.264787, 406.1], [-2.424613, 43.264735, 405.3], [-2.424556, 43.264687, 404.1], [-2.424493, 43.264645, 402.9], [-2.424428, 43.264614, 402.5], [-2.42435, 43.264586, 401.5], [-2.424255, 43.264564, 401.5], [-2.424141, 43.26454, 400.7], [-2.424046, 43.264509, 399.6], [-2.423987, 43.264486, 399.5], [-2.423931, 43.264447, 398.4], [-2.423885, 43.264418, 398.5], [-2.423844, 43.264376, 397.9], [-2.423803, 43.264339, 398.2], [-2.42376, 43.264294, 397.7], [-2.423711, 43.264248, 397.5], [-2.423662, 43.264199, 396.3], [-2.423621, 43.264157, 396.0], [-2.423584, 43.264107, 395.3], [-2.423551, 43.264064, 394.7], [-2.423529, 43.264028, 394.6], [-2.4235, 43.263979, 394.0], [-2.423473, 43.263924, 394.1], [-2.423449, 43.263874, 393.4], [-2.423434, 43.263823, 392.9], [-2.423427, 43.263771, 392.9], [-2.42345, 43.263693, 393.1], [-2.423494, 43.263627, 393.3], [-2.423542, 43.263552, 393.9], [-2.423559, 43.263512, 393.7], [-2.423578, 43.263464, 394.1], [-2.423588, 43.263422, 394.3], [-2.423592, 43.263379, 394.4], [-2.423591, 43.263336, 394.7], [-2.423583, 43.263294, 395.3], [-2.42357, 43.263243, 395.0], [-2.423551, 43.263158, 395.8], [-2.42352, 43.263076, 396.4], [-2.423477, 43.263019, 397.2], [-2.42342, 43.262938, 398.1], [-2.423348, 43.26283, 399.6], [-2.423286, 43.262752, 400.8], [-2.423239, 43.262689, 401.1], [-2.423189, 43.262615, 400.7], [-2.423118, 43.262516, 402.0], [-2.423068, 43.262447, 402.7], [-2.423007, 43.262361, 403.7], [-2.422957, 43.262289, 405.2], [-2.422903, 43.262208, 405.6], [-2.422873, 43.262154, 406.1], [-2.422846, 43.262111, 406.9], [-2.422821, 43.262062, 406.9], [-2.422791, 43.261996, 407.0], [-2.422786, 43.261968, 406.7], [-2.422786, 43.26194, 406.0], [-2.422792, 43.261912, 406.0], [-2.422803, 43.261885, 406.0], [-2.42282, 43.26186, 406.0], [-2.422841, 43.261837, 406.0], [-2.422912, 43.261809, 405.9], [-2.423007, 43.261764, 405.9], [-2.423243, 43.261671, 407.0], [-2.423419, 43.261616, 408.1], [-2.42362, 43.261546, 409.8], [-2.423774, 43.261496, 410.9], [-2.423852, 43.261478, 411.3], [-2.423924, 43.261461, 412.0], [-2.42403, 43.261444, 413.0], [-2.424146, 43.261425, 412.8], [-2.424263, 43.261398, 413.4], [-2.424355, 43.261364, 413.9], [-2.424432, 43.261331, 413.6], [-2.424481, 43.2613, 414.1], [-2.424559, 43.261247, 413.8], [-2.424609, 43.261192, 414.8], [-2.424651, 43.261131, 414.5], [-2.424712, 43.261039, 415.2], [-2.424814, 43.260926, 415.8], [-2.424953, 43.26082, 417.2], [-2.425026, 43.260758, 418.9], [-2.425106, 43.260692, 419.0], [-2.425196, 43.260625, 420.8], [-2.425308, 43.260601, 419.7], [-2.425494, 43.260542, 419.9], [-2.425661, 43.260536, 419.5], [-2.425784, 43.260517, 418.9], [-2.425897, 43.26049, 419.4], [-2.426004, 43.26046, 418.0], [-2.426151, 43.260429, 417.1], [-2.426272, 43.260413, 418.9], [-2.426439, 43.26041, 419.5], [-2.426542, 43.260405, 419.8], [-2.426669, 43.260399, 419.0], [-2.426784, 43.260387, 418.9], [-2.426909, 43.260361, 419.1], [-2.426993, 43.260322, 418.0], [-2.427062, 43.260262, 417.4], [-2.427124, 43.260186, 416.6], [-2.427192, 43.260096, 415.5], [-2.427241, 43.260054, 415.1], [-2.427305, 43.260011, 413.7], [-2.427504, 43.259915, 410.4], [-2.427599, 43.259841, 408.9], [-2.427783, 43.259689, 407.0], [-2.427904, 43.259605, 405.9], [-2.427979, 43.25957, 404.8], [-2.428171, 43.259492, 402.4], [-2.428408, 43.259374, 403.0], [-2.428731, 43.259209, 406.1], [-2.429019, 43.259102, 406.4], [-2.429142, 43.25906, 406.2], [-2.429229, 43.259041, 405.2], [-2.429282, 43.259035, 405.8], [-2.429337, 43.259036, 406.3], [-2.429385, 43.259045, 406.2], [-2.429454, 43.259067, 407.3], [-2.429527, 43.259101, 409.3], [-2.429577, 43.259131, 409.5], [-2.429647, 43.259185, 409.4], [-2.429688, 43.259228, 409.3], [-2.429731, 43.259296, 409.3], [-2.429764, 43.259389, 407.9], [-2.429838, 43.259661, 404.2], [-2.429867, 43.259814, 403.4], [-2.429892, 43.259969, 403.6], [-2.42993, 43.260062, 404.6], [-2.42999, 43.260204, 406.4], [-2.430042, 43.260329, 405.7], [-2.430059, 43.260419, 404.4], [-2.430085, 43.260554, 401.9], [-2.430129, 43.26069, 400.3], [-2.430193, 43.260859, 399.3], [-2.430275, 43.261021, 398.1], [-2.430341, 43.261186, 397.1], [-2.430413, 43.261399, 396.6], [-2.430429, 43.261472, 396.2], [-2.430479, 43.261656, 394.1], [-2.43052, 43.261826, 392.1], [-2.430554, 43.261888, 391.0], [-2.430567, 43.261908, 390.5], [-2.430584, 43.261926, 390.2], [-2.430606, 43.261942, 389.8], [-2.43063, 43.261955, 389.5], [-2.430658, 43.261964, 389.6], [-2.430687, 43.261971, 389.9], [-2.430717, 43.261974, 390.1], [-2.430747, 43.261973, 390.2], [-2.430777, 43.261969, 390.4], [-2.430899, 43.261946, 391.8], [-2.431091, 43.261914, 393.8], [-2.431289, 43.261875, 395.2], [-2.43148, 43.261842, 395.3], [-2.431681, 43.261816, 394.5], [-2.431923, 43.261768, 393.8], [-2.432101, 43.261708, 392.6], [-2.432238, 43.261627, 391.2], [-2.432371, 43.26152, 391.3], [-2.432427, 43.261466, 391.7], [-2.432495, 43.261388, 392.6], [-2.432552, 43.261318, 394.0], [-2.432602, 43.261213, 396.1], [-2.432646, 43.261123, 398.0], [-2.4327, 43.261054, 398.0], [-2.432785, 43.260979, 397.9], [-2.432849, 43.260935, 398.6], [-2.432902, 43.260901, 399.3], [-2.432957, 43.260868, 399.4], [-2.433041, 43.260816, 400.1], [-2.433135, 43.260761, 400.3], [-2.433226, 43.260721, 400.6], [-2.43333, 43.260678, 400.9], [-2.433409, 43.260657, 400.0], [-2.433504, 43.26064, 398.8], [-2.433614, 43.26062, 397.8], [-2.433727, 43.2606, 395.0], [-2.433856, 43.260574, 393.5], [-2.433936, 43.260566, 392.1], [-2.434029, 43.260562, 391.6], [-2.434152, 43.260562, 392.7], [-2.434262, 43.260562, 392.1], [-2.434303, 43.260562, 391.7], [-2.434348, 43.260563, 391.5], [-2.434387, 43.260563, 391.5], [-2.434444, 43.260564, 391.6], [-2.434489, 43.260564, 391.7], [-2.434538, 43.260564, 391.8], [-2.434579, 43.260561, 392.0], [-2.43462, 43.260556, 392.0], [-2.434665, 43.260545, 392.2], [-2.434706, 43.260525, 391.6], [-2.434749, 43.260496, 390.9], [-2.434777, 43.260463, 390.2], [-2.434803, 43.260429, 389.3], [-2.434831, 43.260381, 388.4], [-2.434868, 43.260309, 386.9], [-2.434942, 43.260163, 384.9], [-2.434985, 43.260072, 383.5], [-2.435027, 43.259986, 383.1], [-2.435048, 43.259936, 382.3], [-2.435075, 43.259914, 381.5], [-2.435141, 43.259862, 382.2], [-2.435204, 43.259824, 383.0], [-2.435276, 43.259806, 383.5], [-2.435358, 43.259795, 385.0], [-2.435522, 43.25979, 386.4], [-2.43565, 43.25979, 386.3], [-2.435727, 43.259785, 387.3], [-2.435802, 43.259781, 386.9], [-2.435889, 43.259775, 386.1], [-2.436002, 43.259778, 386.6], [-2.436061, 43.259778, 387.6], [-2.436138, 43.25979, 389.2], [-2.436213, 43.259804, 388.9], [-2.436311, 43.259812, 389.7], [-2.436415, 43.259805, 390.9], [-2.43652, 43.259781, 392.4], [-2.436614, 43.259743, 393.2], [-2.436681, 43.259705, 393.2], [-2.436752, 43.259654, 394.4], [-2.436823, 43.259598, 394.5], [-2.436882, 43.25954, 394.7], [-2.436947, 43.259472, 394.3], [-2.437021, 43.259379, 395.1], [-2.437086, 43.259267, 396.0], [-2.437097, 43.259195, 397.3], [-2.437101, 43.259122, 398.1], [-2.437099, 43.259056, 398.8], [-2.437089, 43.258989, 399.8], [-2.43708, 43.258911, 400.0], [-2.437085, 43.25883, 400.5], [-2.437083, 43.258729, 401.0], [-2.437076, 43.258638, 401.1], [-2.437054, 43.258567, 401.2], [-2.437024, 43.258524, 401.0], [-2.43696, 43.258476, 401.5], [-2.436895, 43.258439, 401.7], [-2.436842, 43.258408, 401.9], [-2.436794, 43.258386, 402.0], [-2.436723, 43.25836, 402.8], [-2.436657, 43.258338, 402.9], [-2.43658, 43.25832, 403.5], [-2.436495, 43.258288, 403.0], [-2.43641, 43.25826, 402.6], [-2.43635, 43.258236, 401.5], [-2.436298, 43.258209, 400.3], [-2.436253, 43.258184, 400.2], [-2.436205, 43.25815, 400.9], [-2.436157, 43.258113, 401.1], [-2.43609, 43.258043, 399.3], [-2.436034, 43.257989, 398.7], [-2.435973, 43.257926, 396.9], [-2.435907, 43.257864, 395.4], [-2.435816, 43.257789, 395.0], [-2.435786, 43.257758, 394.6], [-2.435715, 43.257688, 393.7], [-2.435647, 43.257625, 392.7], [-2.4356, 43.25757, 390.3], [-2.435531, 43.257514, 388.4], [-2.43546, 43.2575, 389.5], [-2.43541, 43.25747, 388.7], [-2.435399, 43.257448, 387.8], [-2.435411, 43.25741, 386.3], [-2.435427, 43.257384, 386.0], [-2.435447, 43.257355, 386.1], [-2.435465, 43.257319, 387.4], [-2.435469, 43.25728, 389.1], [-2.435476, 43.257243, 389.9], [-2.435477, 43.257185, 390.4], [-2.435484, 43.257121, 391.6], [-2.435484, 43.257059, 392.9], [-2.435484, 43.256988, 392.3], [-2.435485, 43.256919, 392.2], [-2.435489, 43.256856, 392.5], [-2.435489, 43.256831, 393.0], [-2.43551, 43.256745, 393.0], [-2.435857, 43.25668, 385.4], [-2.436162, 43.256603, 383.2], [-2.436502, 43.256412, 380.7], [-2.438337, 43.256578, 365.3], [-2.438644, 43.256345, 355.7], [-2.438896, 43.255852, 351.6], [-2.439096, 43.255504, 350.5], [-2.439268, 43.255619, 351.2], [-2.439416, 43.255632, 350.4], [-2.439491, 43.25562, 350.3], [-2.43959, 43.255573, 350.1], [-2.439672, 43.255561, 348.9], [-2.439779, 43.255604, 348.1], [-2.439943, 43.255695, 351.2], [-2.440057, 43.255834, 354.8], [-2.440114, 43.255912, 354.9], [-2.440113, 43.255991, 354.8], [-2.440113, 43.256069, 355.8], [-2.440112, 43.256141, 355.8], [-2.440144, 43.256201, 356.1], [-2.44021, 43.256226, 356.3], [-2.44035, 43.256275, 357.5], [-2.44044, 43.256281, 358.8], [-2.440564, 43.256288, 360.6], [-2.440703, 43.256319, 361.3], [-2.440794, 43.256355, 361.0], [-2.440859, 43.256362, 360.7], [-2.441008, 43.256362, 360.1], [-2.441107, 43.256339, 360.3], [-2.441322, 43.256267, 362.0], [-2.441454, 43.256226, 361.9], [-2.441561, 43.256226, 362.8], [-2.441717, 43.256227, 362.9], [-2.442087, 43.256295, 368.4], [-2.44254, 43.256394, 367.6], [-2.442893, 43.256487, 366.4], [-2.443102, 43.256574, 368.9], [-2.443203, 43.256581, 369.5], [-2.443397, 43.256595, 369.9], [-2.443657, 43.256628, 370.4], [-2.443847, 43.256658, 370.2], [-2.444072, 43.256714, 371.2], [-2.444336, 43.25677, 374.0], [-2.444551, 43.256849, 376.5], [-2.444714, 43.256908, 378.0], [-2.444912, 43.256999, 377.9], [-2.445013, 43.257048, 377.1], [-2.445132, 43.257052, 377.0], [-2.44526, 43.257052, 376.0], [-2.445263, 43.257117, 375.0], [-2.445244, 43.257271, 375.0], [-2.445228, 43.257395, 374.5], [-2.445209, 43.257514, 373.0], [-2.445207, 43.257636, 373.0], [-2.445227, 43.257746, 372.1], [-2.445282, 43.257865, 371.1], [-2.445367, 43.25799, 370.3], [-2.445457, 43.258085, 370.0], [-2.445573, 43.258191, 368.9], [-2.445722, 43.258336, 368.1], [-2.445847, 43.25846, 366.9], [-2.445934, 43.258566, 365.9], [-2.445988, 43.258646, 365.3], [-2.446029, 43.258689, 365.0], [-2.446083, 43.258737, 364.7], [-2.446156, 43.258785, 364.0], [-2.446241, 43.258826, 363.2], [-2.446333, 43.258864, 362.6], [-2.446456, 43.258913, 361.6], [-2.446619, 43.25898, 360.0], [-2.446759, 43.259043, 359.7], [-2.446919, 43.259136, 359.0], [-2.447082, 43.259241, 358.8], [-2.447202, 43.259326, 358.8], [-2.44729, 43.25939, 358.9], [-2.44738, 43.259458, 359.4], [-2.447731, 43.259684, 362.1], [-2.447776, 43.259707, 362.8], [-2.447846, 43.259746, 363.0], [-2.447915, 43.259791, 363.1], [-2.44797, 43.259839, 364.0], [-2.448003, 43.259889, 364.0], [-2.44803, 43.259941, 364.0], [-2.44805, 43.259995, 364.0], [-2.448064, 43.26005, 364.0], [-2.448096, 43.260175, 365.0], [-2.448111, 43.260381, 365.0], [-2.448127, 43.260475, 365.0], [-2.448187, 43.260625, 365.0], [-2.448258, 43.260729, 366.0], [-2.448355, 43.260879, 366.7], [-2.448521, 43.261116, 367.0], [-2.448646, 43.261312, 368.0], [-2.448719, 43.261437, 369.0], [-2.448752, 43.261522, 369.1], [-2.448773, 43.261648, 370.0], [-2.448775, 43.261722, 370.0], [-2.448772, 43.261812, 370.0], [-2.448756, 43.261905, 370.0], [-2.448734, 43.262002, 370.0], [-2.448697, 43.262103, 369.2], [-2.448685, 43.262146, 369.0], [-2.448676, 43.262192, 368.4], [-2.448675, 43.262237, 368.0], [-2.448675, 43.262264, 368.0], [-2.448677, 43.262332, 367.2], [-2.448681, 43.26242, 367.0], [-2.448687, 43.262504, 365.3], [-2.448692, 43.262613, 364.1], [-2.448683, 43.262743, 363.0], [-2.448658, 43.262836, 363.0], [-2.448605, 43.262944, 363.0], [-2.448538, 43.263055, 362.0], [-2.448504, 43.263124, 361.4], [-2.448495, 43.263168, 361.0], [-2.4485, 43.263227, 360.9], [-2.448508, 43.263262, 360.3], [-2.44853, 43.263298, 359.6], [-2.448569, 43.263337, 359.0], [-2.448616, 43.26337, 359.0], [-2.448683, 43.263394, 357.9], [-2.448739, 43.263408, 357.0], [-2.448784, 43.263416, 356.3], [-2.448823, 43.263418, 355.6], [-2.448869, 43.26342, 355.0], [-2.448931, 43.263414, 355.0], [-2.449014, 43.263404, 353.5], [-2.449149, 43.263381, 352.3], [-2.449256, 43.263365, 351.7], [-2.449358, 43.263354, 351.0], [-2.449421, 43.263352, 350.5], [-2.449465, 43.263357, 350.1], [-2.449508, 43.263363, 350.0], [-2.449551, 43.263372, 350.0], [-2.449584, 43.263387, 350.0], [-2.449629, 43.263418, 350.0], [-2.449682, 43.263461, 349.8], [-2.449742, 43.263523, 349.4], [-2.449778, 43.263563, 349.0], [-2.449811, 43.263596, 349.1], [-2.44987, 43.263641, 348.7], [-2.449959, 43.263678, 348.7], [-2.449987, 43.263685, 348.6], [-2.45003, 43.263691, 348.1], [-2.450068, 43.263692, 348.0], [-2.450128, 43.263694, 348.0], [-2.45021, 43.26369, 347.3], [-2.450384, 43.263662, 346.3], [-2.450605, 43.263617, 345.2], [-2.450759, 43.263585, 345.0], [-2.450849, 43.263573, 345.0], [-2.450928, 43.263574, 344.9], [-2.450994, 43.263577, 344.9], [-2.451064, 43.263583, 345.0], [-2.451138, 43.263591, 345.0], [-2.451226, 43.263607, 345.0], [-2.451334, 43.263641, 345.2], [-2.451425, 43.263673, 345.9], [-2.451558, 43.26373, 346.3], [-2.451727, 43.263801, 347.0], [-2.451914, 43.263869, 347.7], [-2.45202, 43.2639, 348.0], [-2.452171, 43.263932, 348.9], [-2.45234, 43.263964, 348.7], [-2.452493, 43.263992, 348.6], [-2.452637, 43.264018, 348.2], [-2.452756, 43.264032, 347.5], [-2.452908, 43.264035, 346.8], [-2.45303, 43.264033, 345.8], [-2.453189, 43.26403, 344.8], [-2.453304, 43.264027, 343.9], [-2.453379, 43.264027, 343.9], [-2.453446, 43.264027, 343.9], [-2.453512, 43.264038, 343.7], [-2.453619, 43.264065, 343.1], [-2.453696, 43.264084, 343.0], [-2.453771, 43.264103, 343.0], [-2.4539, 43.264124, 342.1], [-2.453985, 43.264131, 341.7], [-2.454058, 43.26413, 341.4], [-2.454133, 43.26413, 340.8], [-2.454205, 43.264126, 340.8], [-2.454279, 43.264118, 340.0], [-2.454308, 43.264114, 340.1], [-2.454661, 43.264072, 341.0], [-2.454865, 43.264056, 342.0], [-2.454887, 43.264055, 342.0], [-2.454914, 43.264053, 342.3], [-2.454949, 43.264051, 342.9], [-2.454978, 43.26405, 343.0], [-2.455009, 43.264049, 343.0], [-2.455044, 43.264048, 343.0], [-2.455095, 43.264046, 343.0], [-2.455128, 43.264045, 343.0], [-2.455169, 43.264051, 343.0], [-2.455202, 43.264063, 343.0], [-2.455223, 43.264084, 342.9], [-2.455241, 43.264117, 342.1], [-2.455262, 43.264164, 341.1], [-2.455306, 43.264274, 340.9], [-2.455343, 43.264364, 341.0], [-2.455399, 43.264477, 341.0], [-2.455443, 43.264574, 341.0], [-2.455491, 43.264658, 341.0], [-2.455541, 43.264753, 341.0], [-2.455595, 43.264832, 341.3], [-2.455619, 43.264876, 341.9], [-2.455636, 43.264904, 342.0], [-2.455651, 43.264932, 342.0], [-2.455672, 43.264989, 343.0], [-2.455682, 43.265036, 343.2], [-2.45568, 43.265069, 344.0], [-2.455673, 43.265115, 345.0], [-2.455662, 43.265158, 345.9], [-2.455642, 43.265189, 346.4], [-2.455607, 43.265217, 346.0], [-2.455563, 43.265253, 346.1], [-2.455512, 43.265287, 346.0], [-2.455351, 43.265394, 345.9], [-2.455282, 43.265446, 346.1], [-2.455265, 43.265462, 346.1], [-2.455251, 43.265478, 346.1], [-2.455243, 43.265508, 346.7], [-2.45524, 43.265533, 347.2], [-2.455235, 43.265566, 348.0], [-2.455233, 43.265603, 348.0], [-2.455233, 43.265628, 348.0], [-2.455237, 43.265646, 348.0], [-2.455241, 43.265657, 348.0], [-2.455245, 43.265663, 348.0], [-2.455253, 43.265666, 348.1], [-2.455269, 43.265666, 348.3], [-2.455324, 43.265659, 349.2], [-2.455456, 43.265645, 350.7], [-2.455596, 43.265624, 352.9], [-2.45563, 43.265619, 353.2], [-2.455677, 43.265613, 353.9], [-2.455725, 43.265605, 354.3], [-2.455773, 43.265602, 354.8], [-2.455827, 43.265607, 355.5], [-2.455855, 43.265615, 355.8], [-2.455912, 43.265642, 357.0], [-2.455991, 43.265679, 359.1], [-2.456088, 43.265721, 361.0], [-2.456153, 43.265756, 362.3], [-2.456243, 43.265812, 364.0], [-2.456304, 43.265853, 365.2], [-2.456404, 43.265919, 367.0], [-2.456491, 43.265979, 368.6], [-2.456568, 43.266029, 370.0], [-2.456652, 43.266082, 371.3], [-2.456735, 43.266134, 373.2], [-2.456877, 43.266219, 375.7], [-2.457002, 43.26628, 378.0], [-2.457106, 43.266317, 379.8], [-2.457215, 43.266352, 381.3], [-2.457358, 43.266377, 383.9], [-2.45748, 43.266393, 385.2], [-2.45758, 43.266406, 386.0], [-2.457699, 43.266421, 386.8], [-2.457836, 43.266437, 388.2], [-2.457928, 43.266449, 388.7], [-2.45807, 43.26647, 389.8], [-2.458182, 43.266492, 392.4], [-2.458214, 43.266498, 393.0], [-2.458253, 43.266507, 393.6], [-2.458328, 43.266522, 393.9], [-2.458393, 43.266543, 394.8], [-2.458463, 43.266564, 395.3], [-2.458539, 43.266586, 396.5], [-2.458622, 43.266611, 396.9], [-2.458663, 43.266629, 397.4], [-2.458851, 43.266735, 399.6], [-2.458965, 43.266856, 401.8], [-2.459037, 43.266941, 403.1], [-2.459154, 43.267088, 404.8], [-2.459262, 43.267213, 404.8], [-2.459409, 43.267368, 405.6], [-2.459479, 43.267442, 406.3], [-2.459632, 43.267584, 407.6], [-2.459764, 43.267779, 408.4], [-2.459836, 43.26785, 408.5], [-2.460054, 43.268066, 404.9], [-2.460163, 43.268114, 403.9], [-2.46024, 43.268136, 404.1], [-2.460318, 43.268146, 404.2], [-2.460459, 43.26816, 403.9], [-2.460746, 43.26815, 402.3], [-2.46096, 43.268146, 403.5], [-2.461092, 43.268148, 404.3], [-2.461189, 43.268153, 404.3], [-2.461333, 43.26815, 405.2], [-2.461498, 43.268168, 404.7], [-2.461683, 43.268184, 403.0], [-2.462055, 43.268287, 399.5], [-2.46217, 43.268347, 399.6], [-2.462234, 43.268385, 399.1], [-2.462322, 43.268429, 400.0], [-2.462432, 43.268485, 399.9], [-2.462538, 43.268527, 399.3], [-2.46267, 43.26858, 399.0], [-2.462833, 43.268618, 399.0], [-2.462928, 43.268631, 398.9], [-2.463071, 43.268643, 397.6], [-2.463307, 43.268676, 395.1], [-2.463469, 43.268714, 393.5], [-2.463696, 43.268806, 390.5], [-2.463786, 43.268848, 389.0], [-2.463871, 43.268865, 388.0], [-2.464058, 43.268893, 385.6], [-2.464241, 43.268937, 384.6], [-2.464399, 43.268976, 383.0], [-2.464504, 43.268998, 383.1], [-2.46467, 43.269047, 382.2], [-2.464836, 43.269086, 382.0], [-2.464996, 43.269111, 381.8], [-2.465425, 43.269127, 381.0], [-2.465519, 43.269123, 381.0], [-2.465665, 43.269103, 380.5], [-2.465826, 43.269062, 380.6], [-2.465945, 43.269019, 380.0], [-2.466106, 43.268947, 380.0], [-2.466274, 43.268889, 378.7], [-2.466459, 43.268861, 378.0], [-2.466602, 43.268855, 378.0], [-2.466794, 43.26885, 378.0], [-2.467085, 43.268817, 378.0], [-2.467196, 43.268805, 378.5], [-2.467239, 43.268802, 379.0], [-2.46731, 43.268803, 378.9], [-2.467336, 43.268804, 378.8], [-2.46735, 43.268808, 378.8], [-2.467417, 43.268838, 378.6], [-2.467448, 43.268854, 378.2], [-2.467478, 43.268873, 378.0], [-2.467497, 43.268888, 378.3], [-2.467546, 43.268937, 378.4], [-2.467563, 43.268957, 378.3], [-2.467575, 43.268966, 378.5], [-2.46763, 43.269012, 378.8], [-2.467665, 43.269039, 379.0], [-2.467752, 43.269127, 379.0], [-2.46787, 43.269223, 379.0], [-2.468012, 43.269323, 379.7], [-2.4682, 43.26944, 381.7], [-2.468288, 43.269482, 382.2], [-2.468352, 43.269514, 383.0], [-2.468427, 43.269537, 383.4], [-2.468528, 43.269559, 384.0], [-2.468595, 43.269593, 384.0], [-2.468708, 43.269578, 383.7], [-2.468819, 43.269615, 383.2], [-2.46893, 43.269668, 383.0], [-2.469051, 43.269713, 382.8], [-2.469163, 43.269736, 383.1], [-2.469335, 43.269751, 382.5], [-2.469528, 43.269745, 382.4], [-2.46966, 43.269738, 381.8], [-2.469812, 43.269746, 381.7], [-2.469954, 43.269739, 381.2], [-2.470106, 43.269747, 381.4], [-2.470228, 43.269763, 381.4], [-2.470339, 43.269763, 381.4], [-2.470481, 43.269756, 381.0], [-2.470603, 43.269735, 380.1], [-2.470735, 43.269698, 378.6], [-2.470847, 43.26964, 376.9], [-2.47102, 43.269603, 376.1], [-2.471152, 43.269574, 375.7], [-2.471244, 43.269575, 375.4], [-2.471406, 43.269575, 374.4], [-2.471527, 43.269598, 373.9], [-2.471659, 43.269636, 373.1], [-2.471801, 43.269681, 372.6], [-2.471922, 43.269719, 372.4], [-2.472054, 43.269756, 372.0], [-2.472185, 43.269794, 372.2], [-2.472286, 43.269809, 371.5], [-2.472428, 43.269817, 371.7], [-2.47256, 43.269833, 371.5], [-2.472712, 43.269848, 371.3], [-2.472824, 43.269856, 371.5], [-2.472955, 43.269857, 371.0], [-2.473097, 43.269865, 371.3], [-2.47329, 43.269858, 370.7], [-2.473432, 43.269859, 371.9], [-2.473666, 43.269823, 374.0], [-2.473818, 43.269816, 373.0], [-2.47397, 43.269817, 370.6], [-2.474071, 43.269855, 369.9], [-2.474212, 43.269952, 369.2], [-2.474313, 43.270034, 368.5], [-2.474424, 43.27013, 367.4], [-2.474514, 43.270249, 367.4], [-2.474584, 43.270339, 366.6], [-2.474675, 43.27045, 365.6], [-2.474745, 43.270554, 365.6], [-2.474855, 43.270674, 364.7], [-2.474936, 43.270778, 365.1], [-2.475036, 43.270852, 364.5], [-2.475137, 43.270942, 363.6], [-2.475248, 43.271009, 362.5], [-2.475389, 43.271091, 361.6], [-2.475521, 43.271129, 361.5], [-2.475683, 43.271167, 362.3], [-2.475825, 43.271167, 361.4], [-2.476018, 43.27119, 360.9], [-2.476159, 43.271206, 360.1], [-2.476271, 43.271214, 358.3], [-2.476332, 43.271244, 358.0], [-2.476372, 43.271259, 356.9], [-2.476402, 43.271355, 357.2], [-2.476472, 43.271437, 356.3], [-2.476522, 43.271563, 355.9], [-2.476591, 43.271712, 354.5], [-2.476651, 43.271853, 353.0], [-2.4767, 43.271987, 350.9], [-2.47677, 43.272105, 349.4], [-2.47679, 43.272187, 349.9], [-2.47684, 43.272254, 349.9], [-2.476921, 43.272321, 350.1], [-2.477032, 43.272374, 349.5], [-2.477194, 43.272404, 347.6], [-2.477366, 43.272405, 347.6], [-2.477468, 43.272376, 347.6], [-2.47756, 43.272317, 346.4], [-2.477641, 43.272273, 346.2], [-2.477733, 43.272214, 345.6], [-2.477835, 43.27217, 345.3], [-2.477937, 43.272126, 344.5], [-2.478029, 43.272082, 343.1], [-2.47813, 43.272023, 341.4], [-2.478243, 43.271971, 341.0], [-2.478263, 43.271949, 340.6], [-2.478406, 43.271868, 339.6], [-2.478457, 43.271824, 339.2], [-2.478559, 43.271736, 338.1], [-2.478661, 43.271677, 337.7], [-2.478793, 43.271596, 336.5], [-2.478967, 43.271515, 335.9], [-2.479027, 43.27153, 336.0], [-2.478832, 43.271694, 338.3], [-2.47882, 43.271706, 338.6], [-2.478822, 43.271707, 338.5], [-2.478824, 43.271709, 338.5], [-2.478826, 43.271711, 338.5], [-2.478827, 43.271713, 338.5], [-2.478828, 43.271715, 338.5], [-2.478828, 43.271717, 338.6], [-2.478828, 43.271719, 338.6], [-2.478827, 43.271721, 338.6], [-2.478826, 43.271722, 338.6], [-2.478824, 43.271726, 338.7], [-2.478823, 43.271728, 338.7], [-2.478688, 43.271909, 338.4], [-2.478642, 43.271989, 337.2], [-2.478604, 43.272072, 336.1], [-2.478574, 43.272156, 334.5], [-2.478552, 43.272242, 334.0], [-2.478491, 43.272598, 330.0], [-2.478474, 43.272704, 329.0], [-2.478451, 43.272809, 327.9], [-2.478433, 43.272848, 327.3], [-2.478424, 43.272889, 326.8], [-2.478424, 43.272931, 326.7], [-2.478433, 43.272972, 327.2], [-2.478454, 43.273024, 328.0], [-2.478483, 43.273074, 328.2], [-2.47852, 43.273121, 328.9], [-2.478564, 43.273164, 329.3], [-2.478651, 43.273229, 329.1], [-2.478742, 43.273291, 328.2], [-2.478835, 43.273351, 327.8], [-2.479154, 43.273559, 326.3], [-2.479299, 43.27366, 326.1], [-2.479436, 43.273766, 324.9], [-2.479527, 43.273841, 323.6], [-2.479616, 43.273918, 322.7], [-2.479649, 43.273962, 321.8], [-2.479676, 43.274009, 321.7], [-2.479695, 43.274057, 321.1], [-2.479705, 43.274104, 319.8], [-2.479724, 43.27415, 319.2], [-2.479751, 43.274193, 318.4], [-2.479858, 43.274353, 314.7], [-2.47989, 43.274417, 313.6], [-2.479914, 43.274482, 312.7], [-2.479929, 43.274549, 311.7], [-2.479931, 43.274632, 311.6], [-2.479925, 43.274715, 308.4], [-2.47991, 43.274797, 307.1], [-2.479905, 43.274827, 306.4], [-2.479894, 43.274856, 306.3], [-2.479877, 43.274884, 305.6], [-2.479855, 43.274909, 304.7], [-2.479768, 43.275045, 302.7], [-2.479727, 43.275104, 301.3], [-2.479681, 43.275161, 300.0], [-2.479654, 43.275203, 299.3], [-2.47962, 43.275243, 298.7], [-2.47958, 43.275279, 298.4], [-2.479485, 43.275362, 299.1], [-2.479395, 43.275447, 297.5], [-2.479351, 43.275471, 297.8], [-2.479313, 43.2755, 298.0], [-2.479281, 43.275533, 298.3], [-2.479256, 43.275568, 297.6], [-2.479244, 43.2756, 296.8], [-2.479237, 43.275632, 296.4], [-2.479234, 43.275665, 295.5], [-2.479198, 43.275725, 293.8], [-2.479154, 43.275783, 292.5], [-2.479075, 43.275853, 289.2], [-2.478999, 43.275926, 286.4], [-2.478974, 43.275971, 285.3], [-2.478957, 43.276018, 284.8], [-2.47895, 43.276066, 284.1], [-2.478945, 43.276164, 282.9], [-2.478932, 43.276261, 281.2], [-2.478922, 43.276331, 278.2], [-2.478904, 43.276401, 276.9], [-2.478893, 43.276407, 276.7], [-2.478883, 43.276414, 276.5], [-2.478875, 43.276423, 276.3], [-2.478869, 43.276432, 276.2], [-2.478866, 43.276441, 276.2], [-2.478864, 43.276451, 276.3], [-2.478864, 43.276461, 276.3], [-2.478867, 43.276471, 276.3], [-2.478872, 43.276481, 276.2], [-2.478878, 43.276489, 276.0], [-2.478933, 43.276553, 275.8], [-2.478983, 43.276618, 275.8], [-2.479062, 43.276692, 275.7], [-2.479146, 43.276763, 276.2], [-2.479206, 43.276811, 276.1], [-2.47927, 43.276856, 276.1], [-2.479339, 43.276898, 275.5], [-2.479385, 43.276929, 275.0], [-2.479437, 43.276955, 274.8], [-2.479492, 43.276975, 273.9], [-2.479601, 43.276997, 272.6], [-2.47971, 43.277014, 271.2], [-2.479821, 43.277026, 269.7], [-2.479946, 43.277039, 268.0], [-2.480071, 43.277046, 265.2], [-2.480196, 43.277048, 262.7], [-2.480309, 43.27703, 260.9], [-2.480423, 43.277017, 258.7], [-2.480498, 43.277021, 257.9], [-2.480572, 43.27703, 256.5], [-2.480644, 43.277044, 255.8], [-2.480718, 43.277074, 255.0], [-2.480794, 43.2771, 254.3], [-2.480873, 43.277122, 252.6], [-2.480976, 43.277145, 251.8], [-2.48108, 43.277164, 251.0], [-2.481186, 43.277178, 250.4], [-2.481375, 43.277197, 249.0], [-2.481563, 43.277218, 247.1], [-2.481743, 43.277241, 245.5], [-2.481922, 43.27727, 245.2], [-2.482068, 43.277304, 245.0], [-2.482215, 43.277333, 243.8], [-2.482411, 43.277359, 243.0], [-2.482606, 43.277382, 242.0], [-2.482687, 43.27739, 242.0], [-2.482765, 43.277404, 242.0], [-2.482841, 43.277424, 241.2], [-2.482894, 43.27745, 241.1], [-2.482941, 43.277481, 240.4], [-2.482981, 43.277517, 239.4], [-2.483013, 43.277557, 238.6], [-2.483041, 43.277607, 238.1], [-2.483063, 43.277659, 238.2], [-2.483077, 43.277712, 237.7], [-2.483085, 43.277766, 237.3], [-2.483097, 43.277887, 235.7], [-2.483107, 43.278008, 234.9], [-2.483112, 43.278068, 234.9], [-2.483124, 43.278127, 234.4], [-2.483143, 43.278185, 234.0], [-2.483177, 43.278231, 234.0], [-2.483219, 43.278273, 233.9], [-2.483268, 43.278311, 233.7], [-2.483328, 43.278361, 233.5], [-2.483392, 43.278409, 233.5], [-2.48346, 43.278454, 232.6], [-2.483593, 43.278536, 231.9], [-2.483726, 43.278616, 232.1], [-2.483766, 43.278644, 231.7], [-2.48381, 43.278668, 230.9], [-2.483857, 43.278688, 230.6], [-2.483907, 43.278704, 229.6], [-2.484, 43.278744, 227.9], [-2.484088, 43.278788, 226.0], [-2.484145, 43.27883, 225.0], [-2.484196, 43.278876, 224.3], [-2.484241, 43.278925, 224.2], [-2.484446, 43.279117, 220.7], [-2.484507, 43.279171, 219.5], [-2.484563, 43.279227, 219.2], [-2.484614, 43.279286, 219.3], [-2.484674, 43.279352, 218.9], [-2.484741, 43.279415, 219.2], [-2.484792, 43.279468, 219.5], [-2.484837, 43.279525, 220.1], [-2.484877, 43.279583, 220.7], [-2.48491, 43.279644, 221.5], [-2.48494, 43.279709, 220.8], [-2.484964, 43.279775, 221.5], [-2.48498, 43.279842, 220.9], [-2.484986, 43.279867, 220.5], [-2.484997, 43.279891, 220.6], [-2.485014, 43.279914, 221.0], [-2.485036, 43.279934, 220.9], [-2.485062, 43.279951, 220.9], [-2.485106, 43.279974, 221.0], [-2.485154, 43.279992, 221.4], [-2.485206, 43.280004, 221.9], [-2.48526, 43.280009, 222.3], [-2.485617, 43.280006, 223.7], [-2.485703, 43.280009, 223.4], [-2.485788, 43.280017, 222.3], [-2.485873, 43.280028, 220.9], [-2.485905, 43.280047, 220.5], [-2.485933, 43.280069, 220.0], [-2.485955, 43.280094, 219.1], [-2.485972, 43.280121, 218.3], [-2.485983, 43.28015, 217.2], [-2.48601, 43.280233, 215.5], [-2.486033, 43.280316, 213.2], [-2.48605, 43.2804, 211.6], [-2.486086, 43.280468, 210.2], [-2.486127, 43.280534, 209.0], [-2.486174, 43.280598, 207.3], [-2.486222, 43.280638, 206.7], [-2.486276, 43.280673, 204.8], [-2.486336, 43.280702, 204.0], [-2.486501, 43.280781, 203.2], [-2.486662, 43.280864, 201.8], [-2.486714, 43.280882, 201.0], [-2.486763, 43.280904, 200.4], [-2.486774, 43.280907, 200.2], [-2.486786, 43.280908, 200.0], [-2.486798, 43.280909, 200.0], [-2.48681, 43.280907, 200.0], [-2.486822, 43.280905, 200.0], [-2.486832, 43.280901, 200.0], [-2.486842, 43.280896, 200.0], [-2.486899, 43.280872, 200.2], [-2.486951, 43.280843, 199.9], [-2.486998, 43.28081, 199.7], [-2.487038, 43.280772, 200.0], [-2.487082, 43.280736, 200.3], [-2.487129, 43.280703, 200.1], [-2.487182, 43.280673, 200.8], [-2.487239, 43.280648, 200.4], [-2.487298, 43.280626, 199.5], [-2.487361, 43.280609, 199.5], [-2.487454, 43.280583, 199.0], [-2.487551, 43.280562, 199.0], [-2.487649, 43.280547, 198.6], [-2.487747, 43.280544, 198.1], [-2.487843, 43.280535, 198.5], [-2.487938, 43.280519, 199.2], [-2.488006, 43.280496, 198.8], [-2.48807, 43.280468, 199.1], [-2.488129, 43.280433, 199.1], [-2.488181, 43.280394, 198.5], [-2.488249, 43.280344, 197.5], [-2.488323, 43.280298, 197.1], [-2.488401, 43.280256, 196.0], [-2.488709, 43.280103, 190.9], [-2.488955, 43.27999, 185.1], [-2.4892, 43.279876, 179.4], [-2.489411, 43.279776, 173.6], [-2.489624, 43.279677, 168.2], [-2.489756, 43.279615, 165.0], [-2.489885, 43.279549, 161.9], [-2.490009, 43.279479, 158.5], [-2.490064, 43.279427, 157.4], [-2.490113, 43.279373, 155.6], [-2.490156, 43.279315, 153.5], [-2.490175, 43.279267, 152.3], [-2.490188, 43.279218, 150.8], [-2.490194, 43.279168, 149.6], [-2.490194, 43.279118, 148.4], [-2.490194, 43.279075, 147.0], [-2.490201, 43.279033, 145.9], [-2.490214, 43.278991, 145.3], [-2.490235, 43.278951, 144.2], [-2.490261, 43.278913, 142.9], [-2.490329, 43.278865, 141.7], [-2.490402, 43.278821, 140.7], [-2.490479, 43.278781, 139.1], [-2.49056, 43.278745, 138.1], [-2.490772, 43.278655, 135.6], [-2.490987, 43.278569, 133.8], [-2.491125, 43.278525, 132.8], [-2.49126, 43.278478, 130.7], [-2.491391, 43.278426, 128.7], [-2.491525, 43.27837, 127.1], [-2.491662, 43.278319, 125.4], [-2.491802, 43.278271, 123.0], [-2.491892, 43.278244, 122.5], [-2.491984, 43.27822, 120.1], [-2.492077, 43.2782, 118.7], [-2.492192, 43.27817, 116.7], [-2.492305, 43.278136, 114.4], [-2.492414, 43.278097, 113.1], [-2.49248, 43.27806, 112.0], [-2.492542, 43.278019, 111.0], [-2.492598, 43.277974, 110.0], [-2.492662, 43.277912, 108.1], [-2.492719, 43.277847, 106.2], [-2.492771, 43.277779, 104.3], [-2.492809, 43.277707, 103.0], [-2.492839, 43.277634, 102.3], [-2.492859, 43.277558, 101.5], [-2.492875, 43.277448, 100.7], [-2.492886, 43.277337, 98.8], [-2.492922, 43.277103, 95.4], [-2.492949, 43.276978, 93.4], [-2.492966, 43.276852, 92.3], [-2.492973, 43.27681, 92.1], [-2.492973, 43.276767, 91.2], [-2.492967, 43.276725, 90.6], [-2.492954, 43.276684, 90.2], [-2.492926, 43.276599, 90.0], [-2.492892, 43.276516, 88.6], [-2.492884, 43.276478, 87.6], [-2.492882, 43.27644, 87.0], [-2.492886, 43.276403, 87.0], [-2.492897, 43.276366, 86.5], [-2.492915, 43.27633, 85.5], [-2.492957, 43.276277, 85.0], [-2.493003, 43.276226, 84.0], [-2.493051, 43.276199, 83.3], [-2.493101, 43.276173, 83.0], [-2.493125, 43.27617, 82.9], [-2.493149, 43.276168, 82.8], [-2.493174, 43.27617, 82.7], [-2.493198, 43.276174, 82.5], [-2.493287, 43.276177, 82.0], [-2.493376, 43.276177, 80.7], [-2.493384, 43.276179, 80.6], [-2.493393, 43.276179, 80.5], [-2.493401, 43.276179, 80.3], [-2.49341, 43.276177, 80.2], [-2.493418, 43.276175, 80.1], [-2.493425, 43.276171, 80.0], [-2.493431, 43.276167, 80.0], [-2.493437, 43.276162, 80.0], [-2.493441, 43.276156, 80.0], [-2.493444, 43.276151, 80.0], [-2.493445, 43.276144, 80.0], [-2.493454, 43.27612, 79.8], [-2.493457, 43.276096, 79.4], [-2.493454, 43.276072, 79.2], [-2.493446, 43.276048, 79.0], [-2.493441, 43.275988, 79.0], [-2.49344, 43.275929, 79.0], [-2.493444, 43.27587, 79.0], [-2.493497, 43.275823, 79.0], [-2.493605, 43.275772, 78.3], [-2.493763, 43.27575, 78.0], [-2.493952, 43.275732, 78.1], [-2.494101, 43.275699, 77.9], [-2.494306, 43.275618, 78.5], [-2.494399, 43.275454, 79.8], [-2.494425, 43.275372, 79.8], [-2.494452, 43.275279, 80.4], [-2.494473, 43.275193, 80.1], [-2.494489, 43.275126, 80.0], [-2.494494, 43.275066, 80.7], [-2.494495, 43.274992, 80.7], [-2.494495, 43.274928, 80.7], [-2.494496, 43.274872, 80.7], [-2.494481, 43.274786, 81.0], [-2.494461, 43.274734, 81.0], [-2.494416, 43.274663, 81.1], [-2.494355, 43.274595, 82.0], [-2.494304, 43.274539, 81.9], [-2.494259, 43.274475, 82.0], [-2.494208, 43.274412, 82.3], [-2.494168, 43.274341, 83.0], [-2.494153, 43.274277, 83.0], [-2.494139, 43.274217, 83.0], [-2.494129, 43.274158, 84.0], [-2.49412, 43.274004, 84.5], [-2.49417, 43.273863, 85.4], [-2.494269, 43.273773, 85.0], [-2.494339, 43.273707, 85.2], [-2.494406, 43.273636, 85.3], [-2.494486, 43.273536, 85.1], [-2.494571, 43.273432, 84.8], [-2.494666, 43.273324, 84.3], [-2.494736, 43.273248, 84.1], [-2.49483, 43.273158, 83.4], [-2.494888, 43.273096, 83.0], [-2.494942, 43.273037, 82.8], [-2.494997, 43.272966, 82.0], [-2.495053, 43.272857, 82.0], [-2.495083, 43.272768, 82.1], [-2.495112, 43.272652, 82.1], [-2.49513, 43.272562, 81.5], [-2.495141, 43.272466, 80.7], [-2.495166, 43.27228, 81.4], [-2.495185, 43.272155, 80.8], [-2.495201, 43.272063, 80.3], [-2.49521, 43.271969, 80.8], [-2.495211, 43.271892, 80.8], [-2.49521, 43.271863, 80.4], [-2.495206, 43.271835, 79.8], [-2.495199, 43.271806, 79.7], [-2.495189, 43.271779, 79.9], [-2.495175, 43.271752, 80.0], [-2.495174, 43.271725, 79.8], [-2.495175, 43.27168, 78.9], [-2.495182, 43.271623, 78.0], [-2.495292, 43.271538, 76.6], [-2.495296, 43.271515, 76.9], [-2.495287, 43.271447, 77.0], [-2.495273, 43.271414, 77.0], [-2.495238, 43.271349, 77.0], [-2.495192, 43.271286, 77.0], [-2.495157, 43.271234, 77.0], [-2.495115, 43.271187, 77.2], [-2.49508, 43.271146, 77.8], [-2.495048, 43.271096, 78.3], [-2.495005, 43.271047, 78.7], [-2.494985, 43.270987, 78.7], [-2.494943, 43.270976, 79.0], [-2.494919, 43.270945, 79.0], [-2.494915, 43.270917, 78.9], [-2.494903, 43.270869, 78.4], [-2.494879, 43.270821, 78.0], [-2.494784, 43.270718, 77.1], [-2.494718, 43.270624, 76.6], [-2.494577, 43.270396, 77.1], [-2.494488, 43.270242, 76.9], [-2.494406, 43.270025, 76.8], [-2.494384, 43.269901, 77.4], [-2.494339, 43.269798, 77.9], [-2.494309, 43.269743, 78.7], [-2.494278, 43.269636, 78.5], [-2.494244, 43.269561, 79.0], [-2.494215, 43.269449, 79.0], [-2.494282, 43.269361, 79.0], [-2.494248, 43.269341, 79.0], [-2.494224, 43.269311, 79.0], [-2.494194, 43.269289, 79.1], [-2.494161, 43.269266, 79.7], [-2.494101, 43.269251, 79.2], [-2.494052, 43.269238, 79.6], [-2.493985, 43.26921, 79.0], [-2.493962, 43.269183, 79.0], [-2.493813, 43.269008, 79.0], [-2.49358, 43.268608, 79.0], [-2.493266, 43.268066, 81.0], [-2.49325, 43.268031, 81.1], [-2.493237, 43.267995, 81.9], [-2.493229, 43.267958, 82.0], [-2.493226, 43.267921, 82.2], [-2.493226, 43.267884, 82.5], [-2.493232, 43.267846, 83.0], [-2.493241, 43.26781, 83.0], [-2.493255, 43.267774, 83.8], [-2.493273, 43.267739, 84.0], [-2.493417, 43.267476, 85.1], [-2.49364, 43.267176, 85.7], [-2.493647, 43.267166, 85.6], [-2.493657, 43.267154, 85.4], [-2.493668, 43.267142, 85.2], [-2.493681, 43.267132, 85.0], [-2.493695, 43.267122, 85.0], [-2.493711, 43.267113, 85.0], [-2.493727, 43.267105, 85.0], [-2.493744, 43.267098, 85.0], [-2.493762, 43.267092, 85.0], [-2.493781, 43.267087, 85.0], [-2.4938, 43.267084, 85.0], [-2.493819, 43.267082, 85.0], [-2.493839, 43.267081, 85.0], [-2.493859, 43.267081, 85.0], [-2.493878, 43.267083, 84.8], [-2.493898, 43.267085, 84.5], [-2.494216, 43.267124, 83.0], [-2.494441, 43.267149, 82.0], [-2.494982, 43.267202, 80.0], [-2.495608, 43.267297, 78.8], [-2.495741, 43.267308, 80.0], [-2.49654, 43.267319, 80.0], [-2.496566, 43.267318, 80.0], [-2.496591, 43.267315, 80.0], [-2.496616, 43.267311, 80.0], [-2.49664, 43.267306, 80.0], [-2.496664, 43.267299, 80.0], [-2.496686, 43.26729, 80.0], [-2.496708, 43.26728, 80.0], [-2.496728, 43.267269, 80.0], [-2.496747, 43.267256, 80.0], [-2.496761, 43.267246, 80.0], [-2.496764, 43.267243, 80.0], [-2.496769, 43.26724, 80.0], [-2.496774, 43.267237, 80.0], [-2.496779, 43.267235, 80.0], [-2.496785, 43.267233, 80.0], [-2.496791, 43.267231, 80.0], [-2.496797, 43.26723, 80.0], [-2.496803, 43.267229, 80.0], [-2.496809, 43.267229, 80.0], [-2.496816, 43.267229, 80.0], [-2.496822, 43.267229, 80.0], [-2.496828, 43.26723, 80.0], [-2.496834, 43.267231, 80.0], [-2.49684, 43.267232, 80.0], [-2.496846, 43.267234, 80.0], [-2.496851, 43.267236, 80.0], [-2.496857, 43.267239, 80.0], [-2.496862, 43.267242, 80.0], [-2.496866, 43.267245, 80.0], [-2.49687, 43.267249, 80.0], [-2.496874, 43.267252, 80.0], [-2.496877, 43.267256, 80.0], [-2.49688, 43.26726, 80.0], [-2.497087, 43.26765, 82.0], [-2.497091, 43.267653, 82.0], [-2.497094, 43.267655, 82.0], [-2.497098, 43.267657, 82.0], [-2.497103, 43.267658, 82.0], [-2.497107, 43.267659, 82.0], [-2.497112, 43.26766, 82.0], [-2.497116, 43.267661, 82.0], [-2.497121, 43.267662, 82.0], [-2.497126, 43.267662, 82.0], [-2.49713, 43.267662, 82.0], [-2.497135, 43.267661, 82.0], [-2.49714, 43.26766, 82.1], [-2.497144, 43.267659, 82.1], [-2.497149, 43.267658, 82.1], [-2.497153, 43.267656, 82.1], [-2.497157, 43.267654, 82.1], [-2.49716, 43.267652, 82.1], [-2.497163, 43.267651, 82.0], [-2.498015, 43.26718, 84.0], [-2.498168, 43.267094, 84.9], [-2.498169, 43.267093, 84.9], [-2.498174, 43.267091, 85.0], [-2.498179, 43.267089, 85.0], [-2.498184, 43.267087, 85.0], [-2.498189, 43.267086, 85.1], [-2.498195, 43.267084, 85.1], [-2.498201, 43.267084, 85.1], [-2.498207, 43.267083, 85.2], [-2.498212, 43.267083, 85.2], [-2.498218, 43.267084, 85.2], [-2.498224, 43.267084, 85.3], [-2.49823, 43.267085, 85.3], [-2.498235, 43.267087, 85.4], [-2.49824, 43.267089, 85.5], [-2.498245, 43.267091, 85.6], [-2.49825, 43.267093, 85.6], [-2.498255, 43.267096, 85.7], [-2.498259, 43.267099, 85.8], [-2.498263, 43.267102, 85.9], [-2.498266, 43.267106, 85.9]]}}, {"type": "Feature", "properties": {"order": 4, "group": "camino-del-norte-irun-arzua", "source_file": "05a-markina-gernika.gpx", "reversed_from_source": false, "point_count": 578, "source": "CNIG/IGN - Rutas de Caminos de Santiago 2020-2026 (datos FEAACS)", "license": "CC-BY 4.0", "attribution": "Obra derivada de Rutas de Caminos de Santiago 2020-2026 CC-BY 4.0 FEAACS"}, "geometry": {"type": "LineString", "coordinates": [[-2.496765, 43.267165, 80.2], [-2.496942, 43.267215, 80.3], [-2.497725, 43.266885, 82.8], [-2.497828, 43.266814, 83.6], [-2.497967, 43.266909, 83.9], [-2.498101, 43.266938, 84.7], [-2.498704, 43.266652, 88.5], [-2.499734, 43.266001, 92.1], [-2.499904, 43.265934, 91.8], [-2.500696, 43.265824, 90.7], [-2.502832, 43.26558, 88.5], [-2.502885, 43.265671, 88.5], [-2.504384, 43.265468, 87.4], [-2.504577, 43.265693, 87.9], [-2.504698, 43.265822, 87.4], [-2.505256, 43.265579, 87.9], [-2.50588, 43.265554, 86.4], [-2.50616, 43.265511, 87.3], [-2.506427, 43.265459, 88.3], [-2.506555, 43.265452, 89.3], [-2.506592, 43.265501, 89.5], [-2.506532, 43.265623, 88.3], [-2.506498, 43.265656, 90.1], [-2.506598, 43.265748, 90.7], [-2.50675, 43.265687, 90.2], [-2.506848, 43.26552, 87.9], [-2.506961, 43.26539, 89.7], [-2.507148, 43.265248, 90.1], [-2.507309, 43.265171, 90.4], [-2.507426, 43.265142, 90.5], [-2.50808, 43.265065, 91.3], [-2.50899, 43.264962, 92.6], [-2.509822, 43.264862, 93.8], [-2.510926, 43.264725, 94.4], [-2.512164, 43.264563, 95.3], [-2.51314, 43.264458, 97.3], [-2.513943, 43.264409, 99.1], [-2.514143, 43.264415, 99.9], [-2.514451, 43.264541, 99.4], [-2.514611, 43.264505, 100.6], [-2.51607, 43.26444, 110.0], [-2.516879, 43.264331, 114.0], [-2.517746, 43.264081, 120.1], [-2.51919, 43.263325, 116.9], [-2.520392, 43.26261, 117.0], [-2.52153, 43.26174, 118.8], [-2.521619, 43.261658, 118.7], [-2.522794, 43.262259, 105.4], [-2.522951, 43.262346, 102.7], [-2.523347, 43.262029, 103.8], [-2.523587, 43.261873, 104.1], [-2.523743, 43.261762, 104.9], [-2.523849, 43.261696, 104.6], [-2.524005, 43.261447, 104.4], [-2.524062, 43.261211, 105.2], [-2.524074, 43.260781, 106.0], [-2.524076, 43.260485, 106.2], [-2.524178, 43.259784, 106.6], [-2.524275, 43.259587, 108.7], [-2.524875, 43.259199, 107.5], [-2.525116, 43.258904, 108.5], [-2.525599, 43.258259, 111.6], [-2.525712, 43.257072, 111.4], [-2.525915, 43.256596, 112.0], [-2.526301, 43.256109, 113.4], [-2.526803, 43.25504, 114.6], [-2.526961, 43.254202, 116.8], [-2.527108, 43.253737, 116.4], [-2.527429, 43.253348, 117.7], [-2.527831, 43.252925, 123.4], [-2.528573, 43.252678, 124.4], [-2.529907, 43.252177, 127.9], [-2.530792, 43.251988, 129.0], [-2.531231, 43.251932, 129.4], [-2.531843, 43.252069, 131.6], [-2.532227, 43.252201, 135.0], [-2.532708, 43.252169, 139.2], [-2.533888, 43.251789, 135.4], [-2.534634, 43.25152, 136.3], [-2.535564, 43.251501, 137.1], [-2.537897, 43.252236, 143.5], [-2.539214, 43.252377, 155.3], [-2.539571, 43.252254, 153.6], [-2.540241, 43.251724, 148.6], [-2.541936, 43.25087, 149.3], [-2.542979, 43.250184, 152.0], [-2.543836, 43.249655, 155.0], [-2.544456, 43.249544, 157.1], [-2.549072, 43.249687, 170.6], [-2.54994, 43.24971, 173.5], [-2.550236, 43.249865, 175.4], [-2.550501, 43.2499, 176.9], [-2.550785, 43.249865, 179.0], [-2.550797, 43.249764, 178.3], [-2.551128, 43.249593, 178.5], [-2.551339, 43.249173, 180.8], [-2.551456, 43.248871, 181.4], [-2.55147, 43.248642, 182.1], [-2.551439, 43.248455, 182.6], [-2.551397, 43.248214, 184.6], [-2.551627, 43.247773, 185.5], [-2.551852, 43.247486, 187.4], [-2.552487, 43.247067, 192.8], [-2.552986, 43.246756, 195.1], [-2.553305, 43.246626, 196.6], [-2.55372, 43.24648, 199.6], [-2.554305, 43.246307, 204.1], [-2.555129, 43.24616, 208.1], [-2.556121, 43.245977, 215.8], [-2.556854, 43.245745, 218.8], [-2.557607, 43.245443, 222.6], [-2.558297, 43.245192, 226.8], [-2.559425, 43.244566, 233.2], [-2.559839, 43.244666, 235.4], [-2.559944, 43.244879, 237.8], [-2.559428, 43.245385, 244.9], [-2.559165, 43.245744, 249.8], [-2.559183, 43.245928, 251.4], [-2.561137, 43.246839, 267.8], [-2.561338, 43.246988, 268.5], [-2.561201, 43.247234, 271.9], [-2.559413, 43.247467, 282.5], [-2.559363, 43.247785, 284.9], [-2.560315, 43.248233, 293.1], [-2.561646, 43.248499, 305.2], [-2.562534, 43.248545, 308.1], [-2.563241, 43.248301, 312.4], [-2.563542, 43.24809, 315.7], [-2.563948, 43.248092, 315.6], [-2.564417, 43.248566, 317.5], [-2.564873, 43.2488, 317.7], [-2.565797, 43.248508, 325.7], [-2.566383, 43.248462, 323.5], [-2.567432, 43.247939, 327.4], [-2.567836, 43.247794, 328.0], [-2.568527, 43.247768, 329.2], [-2.56971, 43.247422, 321.8], [-2.569921, 43.247486, 332.7], [-2.570072, 43.247781, 339.9], [-2.570368, 43.248049, 331.8], [-2.570492, 43.248211, 340.7], [-2.570227, 43.248626, 343.2], [-2.570222, 43.248862, 344.6], [-2.570493, 43.249091, 345.9], [-2.570827, 43.2492, 347.1], [-2.571059, 43.24928, 347.1], [-2.571328, 43.249258, 350.4], [-2.571843, 43.249276, 351.1], [-2.572352, 43.249643, 350.1], [-2.572338, 43.249841, 349.2], [-2.572188, 43.250164, 351.8], [-2.572225, 43.250615, 350.6], [-2.572225, 43.250714, 351.9], [-2.572149, 43.250923, 354.7], [-2.572194, 43.251054, 356.6], [-2.571994, 43.251517, 363.8], [-2.572035, 43.251758, 366.0], [-2.572476, 43.252136, 363.1], [-2.572479, 43.252246, 361.5], [-2.572913, 43.252338, 360.4], [-2.573579, 43.252624, 355.3], [-2.574002, 43.252925, 353.8], [-2.574208, 43.252967, 353.1], [-2.574562, 43.253011, 350.5], [-2.574749, 43.253149, 353.1], [-2.575065, 43.253314, 353.0], [-2.575237, 43.253374, 352.4], [-2.575412, 43.253593, 352.8], [-2.575587, 43.253679, 353.2], [-2.575934, 43.253786, 352.0], [-2.577252, 43.253906, 347.4], [-2.577963, 43.253917, 341.0], [-2.578598, 43.253976, 334.6], [-2.579185, 43.254172, 331.9], [-2.579391, 43.254216, 329.3], [-2.579792, 43.254217, 325.1], [-2.58016, 43.254378, 323.2], [-2.58036, 43.254474, 322.3], [-2.580619, 43.254459, 321.2], [-2.581037, 43.254557, 317.6], [-2.581699, 43.254867, 313.2], [-2.582336, 43.254973, 308.1], [-2.582841, 43.255141, 305.3], [-2.583056, 43.255172, 304.3], [-2.583466, 43.255373, 302.7], [-2.583714, 43.255542, 302.5], [-2.583663, 43.255655, 302.3], [-2.583736, 43.25616, 298.0], [-2.583799, 43.256525, 295.6], [-2.583964, 43.257171, 285.6], [-2.584059, 43.257286, 283.3], [-2.584967, 43.257741, 262.6], [-2.585525, 43.257989, 246.5], [-2.585536, 43.258127, 243.3], [-2.58541, 43.258415, 235.5], [-2.58561, 43.25858, 227.0], [-2.585797, 43.258856, 216.8], [-2.586392, 43.258859, 213.9], [-2.586675, 43.258834, 212.9], [-2.586946, 43.258934, 212.9], [-2.587547, 43.258923, 214.5], [-2.588383, 43.259193, 211.3], [-2.588864, 43.259505, 210.2], [-2.589599, 43.259874, 205.3], [-2.590212, 43.259889, 202.9], [-2.590389, 43.259963, 202.6], [-2.590564, 43.260128, 202.8], [-2.591206, 43.261225, 203.5], [-2.591264, 43.261346, 205.4], [-2.591197, 43.261591, 208.8], [-2.59142, 43.261842, 211.1], [-2.591925, 43.262149, 210.9], [-2.592313, 43.262315, 209.4], [-2.592747, 43.262631, 205.5], [-2.593044, 43.263201, 200.5], [-2.593125, 43.263524, 196.6], [-2.592908, 43.264148, 193.9], [-2.593242, 43.264473, 190.3], [-2.593287, 43.264852, 186.6], [-2.593215, 43.265072, 185.3], [-2.592871, 43.265321, 184.8], [-2.592882, 43.265364, 184.8], [-2.592751, 43.2656, 184.6], [-2.592378, 43.26584, 184.5], [-2.592824, 43.266148, 184.0], [-2.593364, 43.266516, 189.6], [-2.594223, 43.266799, 201.1], [-2.595425, 43.267002, 214.9], [-2.596697, 43.267282, 230.9], [-2.597015, 43.267309, 234.9], [-2.597258, 43.267237, 237.2], [-2.597554, 43.267044, 245.0], [-2.597655, 43.266984, 246.4], [-2.598811, 43.26694, 253.8], [-2.599578, 43.266887, 255.2], [-2.600744, 43.267025, 255.8], [-2.601856, 43.266649, 256.5], [-2.602062, 43.266667, 257.0], [-2.602685, 43.26698, 266.8], [-2.603226, 43.267158, 267.1], [-2.60404, 43.267226, 265.6], [-2.604636, 43.267168, 266.1], [-2.604801, 43.267172, 267.7], [-2.60506, 43.267273, 270.4], [-2.605283, 43.26745, 272.3], [-2.605885, 43.267314, 269.5], [-2.607096, 43.267017, 255.5], [-2.608176, 43.266848, 260.2], [-2.608347, 43.266861, 257.3], [-2.608529, 43.267112, 254.2], [-2.608804, 43.267324, 255.9], [-2.609086, 43.267459, 255.5], [-2.609343, 43.267878, 256.8], [-2.609151, 43.268386, 255.6], [-2.60841, 43.269055, 252.1], [-2.60835, 43.269206, 251.1], [-2.608348, 43.269473, 247.7], [-2.608163, 43.269878, 242.1], [-2.607984, 43.270222, 238.9], [-2.607874, 43.270713, 234.5], [-2.607841, 43.27126, 231.5], [-2.607722, 43.27151, 230.8], [-2.607451, 43.272306, 224.1], [-2.607763, 43.272406, 220.8], [-2.608299, 43.27252, 213.1], [-2.60893, 43.272483, 203.6], [-2.609528, 43.272214, 198.5], [-2.610044, 43.271724, 191.0], [-2.610127, 43.271746, 189.7], [-2.610727, 43.271877, 175.2], [-2.611278, 43.271877, 171.1], [-2.611793, 43.271874, 171.5], [-2.612072, 43.271811, 172.3], [-2.612345, 43.271747, 173.4], [-2.612663, 43.271704, 175.0], [-2.613181, 43.271625, 181.3], [-2.613388, 43.271573, 183.9], [-2.613631, 43.271445, 188.0], [-2.613989, 43.271293, 185.4], [-2.614524, 43.271347, 178.2], [-2.615324, 43.271739, 167.3], [-2.615599, 43.271802, 163.2], [-2.61649, 43.271977, 150.7], [-2.617007, 43.272086, 142.0], [-2.617318, 43.272232, 141.9], [-2.617443, 43.272309, 141.7], [-2.617511, 43.272466, 142.4], [-2.617449, 43.272703, 143.8], [-2.617383, 43.272821, 144.3], [-2.617469, 43.272895, 144.6], [-2.617665, 43.272767, 142.4], [-2.617879, 43.272579, 139.6], [-2.617999, 43.272512, 138.9], [-2.61808, 43.27251, 138.6], [-2.618849, 43.272996, 135.1], [-2.619127, 43.273093, 134.7], [-2.619506, 43.273219, 133.5], [-2.619918, 43.273407, 132.4], [-2.620568, 43.273798, 130.7], [-2.620759, 43.273932, 130.7], [-2.62114, 43.273911, 130.1], [-2.621421, 43.273842, 132.2], [-2.621568, 43.273799, 133.7], [-2.621841, 43.273807, 137.2], [-2.622577, 43.273848, 146.2], [-2.623143, 43.27389, 149.6], [-2.623261, 43.274089, 149.3], [-2.623398, 43.274295, 148.5], [-2.623487, 43.274355, 148.4], [-2.623847, 43.274279, 147.5], [-2.624016, 43.274569, 145.1], [-2.62402, 43.274849, 148.1], [-2.623906, 43.274923, 146.7], [-2.623991, 43.275238, 143.6], [-2.624122, 43.275321, 142.8], [-2.624238, 43.275466, 143.9], [-2.624246, 43.275615, 143.9], [-2.624437, 43.275771, 144.2], [-2.624582, 43.275973, 141.1], [-2.624677, 43.276102, 138.2], [-2.624704, 43.276157, 137.0], [-2.624742, 43.276188, 136.6], [-2.624769, 43.276258, 134.9], [-2.624829, 43.27628, 134.3], [-2.625111, 43.276431, 133.0], [-2.624905, 43.27674, 124.2], [-2.624875, 43.27685, 121.3], [-2.62493, 43.277006, 120.0], [-2.625056, 43.277245, 117.8], [-2.625401, 43.277272, 118.1], [-2.625628, 43.277293, 117.9], [-2.625881, 43.277388, 117.6], [-2.626402, 43.277532, 115.9], [-2.626582, 43.277639, 114.5], [-2.626891, 43.27779, 114.2], [-2.627014, 43.277914, 113.7], [-2.627308, 43.278072, 113.7], [-2.627691, 43.278203, 113.9], [-2.628142, 43.278303, 113.3], [-2.628708, 43.278452, 111.3], [-2.628929, 43.278455, 111.3], [-2.629193, 43.278676, 111.3], [-2.629622, 43.278947, 110.9], [-2.629849, 43.279027, 110.0], [-2.630048, 43.279364, 107.7], [-2.630203, 43.279608, 108.1], [-2.630682, 43.279959, 105.3], [-2.631123, 43.280131, 105.2], [-2.631397, 43.280274, 105.2], [-2.631608, 43.28046, 106.3], [-2.631738, 43.280519, 106.2], [-2.63237, 43.280501, 106.2], [-2.632594, 43.280504, 106.3], [-2.632814, 43.280602, 106.7], [-2.632993, 43.280844, 107.9], [-2.633145, 43.281198, 108.9], [-2.633196, 43.281513, 110.6], [-2.633283, 43.281638, 111.5], [-2.633731, 43.281776, 111.8], [-2.63379, 43.281881, 111.9], [-2.633679, 43.282058, 112.6], [-2.633569, 43.282269, 113.3], [-2.633571, 43.282407, 113.8], [-2.63377, 43.282602, 116.3], [-2.633953, 43.282723, 116.8], [-2.634401, 43.282804, 118.1], [-2.634637, 43.282859, 119.5], [-2.634775, 43.282954, 119.7], [-2.634815, 43.283086, 120.4], [-2.634812, 43.283228, 121.5], [-2.634887, 43.283362, 122.4], [-2.635161, 43.283548, 123.9], [-2.635284, 43.283674, 124.6], [-2.635298, 43.28381, 125.9], [-2.635253, 43.283963, 127.5], [-2.635285, 43.284088, 127.8], [-2.635449, 43.284282, 129.2], [-2.635519, 43.284408, 129.6], [-2.635533, 43.284546, 130.8], [-2.635503, 43.284656, 131.8], [-2.635489, 43.284856, 133.4], [-2.635586, 43.28507, 134.7], [-2.635771, 43.285243, 136.5], [-2.636062, 43.285341, 137.8], [-2.636348, 43.285331, 137.3], [-2.637574, 43.285175, 131.9], [-2.637761, 43.285077, 131.4], [-2.638195, 43.284505, 128.0], [-2.63829, 43.284473, 127.6], [-2.638921, 43.284953, 124.6], [-2.639086, 43.28501, 122.8], [-2.639601, 43.284852, 123.7], [-2.639707, 43.284882, 123.5], [-2.63981, 43.284975, 125.4], [-2.639391, 43.285323, 123.8], [-2.639332, 43.285418, 123.7], [-2.639375, 43.285677, 123.7], [-2.639488, 43.285949, 122.7], [-2.639711, 43.286163, 121.6], [-2.640032, 43.286229, 121.1], [-2.640174, 43.286322, 121.4], [-2.640207, 43.286665, 120.3], [-2.640459, 43.287051, 118.6], [-2.640792, 43.28766, 116.8], [-2.640966, 43.287832, 115.7], [-2.64133, 43.287861, 114.8], [-2.641641, 43.287751, 115.6], [-2.641936, 43.287426, 116.4], [-2.642287, 43.287105, 121.6], [-2.642576, 43.286919, 119.4], [-2.642696, 43.286864, 118.9], [-2.642908, 43.286916, 115.0], [-2.64301, 43.287095, 117.0], [-2.642755, 43.287965, 118.5], [-2.642196, 43.288575, 122.6], [-2.642048, 43.288881, 120.7], [-2.642063, 43.289012, 120.9], [-2.642193, 43.289215, 121.1], [-2.642637, 43.289491, 120.5], [-2.64274, 43.289638, 120.6], [-2.642608, 43.289837, 120.8], [-2.642459, 43.29013, 118.6], [-2.642417, 43.290794, 116.6], [-2.642547, 43.291041, 115.3], [-2.642725, 43.291244, 114.0], [-2.642861, 43.291269, 113.4], [-2.643247, 43.29123, 111.3], [-2.64352, 43.291223, 110.8], [-2.643764, 43.291307, 109.8], [-2.644358, 43.291423, 107.4], [-2.644799, 43.291398, 106.7], [-2.645206, 43.291268, 106.3], [-2.645345, 43.291153, 105.5], [-2.64582, 43.290892, 103.3], [-2.646161, 43.290771, 102.0], [-2.646345, 43.290566, 102.3], [-2.646596, 43.290358, 101.5], [-2.646806, 43.290312, 101.3], [-2.646958, 43.290367, 101.4], [-2.647002, 43.290477, 101.4], [-2.646943, 43.290679, 102.2], [-2.646686, 43.291582, 104.7], [-2.646444, 43.292624, 109.2], [-2.64649, 43.293302, 110.7], [-2.646662, 43.293762, 111.5], [-2.646788, 43.29393, 111.8], [-2.646881, 43.294175, 111.6], [-2.64686, 43.294423, 112.1], [-2.646945, 43.294567, 112.9], [-2.647044, 43.294632, 113.6], [-2.647301, 43.294728, 112.9], [-2.647564, 43.294745, 112.8], [-2.64922, 43.294598, 110.6], [-2.649337, 43.29457, 111.0], [-2.649475, 43.294605, 111.3], [-2.649641, 43.294705, 111.8], [-2.649684, 43.294869, 113.0], [-2.649616, 43.295117, 113.6], [-2.649466, 43.29522, 114.4], [-2.649055, 43.295421, 116.9], [-2.648863, 43.295562, 116.8], [-2.648793, 43.295681, 117.1], [-2.648834, 43.295819, 117.8], [-2.649035, 43.296027, 120.1], [-2.649098, 43.296149, 120.2], [-2.649095, 43.29623, 120.4], [-2.648835, 43.296648, 122.6], [-2.648717, 43.29693, 123.2], [-2.648663, 43.297565, 124.8], [-2.648657, 43.298155, 127.0], [-2.648657, 43.298685, 126.7], [-2.648683, 43.298938, 127.1], [-2.648842, 43.299208, 126.8], [-2.649205, 43.299651, 127.0], [-2.649486, 43.299913, 126.3], [-2.649848, 43.300125, 126.0], [-2.650057, 43.300247, 126.0], [-2.650355, 43.300527, 124.3], [-2.650534, 43.3006, 124.3], [-2.65088, 43.300567, 122.1], [-2.651437, 43.30057, 121.5], [-2.651583, 43.300642, 120.8], [-2.651884, 43.300871, 120.4], [-2.652224, 43.301355, 118.4], [-2.652497, 43.301574, 117.1], [-2.652938, 43.301885, 115.1], [-2.653054, 43.302001, 114.6], [-2.65323, 43.302234, 113.2], [-2.653353, 43.302469, 112.2], [-2.653518, 43.302657, 111.2], [-2.653904, 43.302915, 109.7], [-2.654194, 43.303088, 108.5], [-2.654703, 43.303245, 106.8], [-2.654935, 43.303303, 106.3], [-2.655178, 43.30339, 105.0], [-2.655448, 43.303579, 104.7], [-2.655592, 43.303707, 103.7], [-2.655721, 43.303893, 103.0], [-2.655819, 43.304132, 102.0], [-2.655815, 43.304367, 100.9], [-2.655798, 43.304897, 98.4], [-2.655836, 43.305453, 95.2], [-2.65589, 43.305724, 94.5], [-2.655957, 43.306137, 92.7], [-2.656079, 43.30656, 90.0], [-2.656195, 43.306681, 89.3], [-2.656449, 43.306773, 88.5], [-2.65703, 43.306906, 86.4], [-2.65765, 43.307027, 84.1], [-2.657887, 43.307119, 83.5], [-2.658083, 43.307304, 82.5], [-2.658301, 43.30784, 79.8], [-2.658487, 43.308267, 77.9], [-2.658483, 43.308435, 77.8], [-2.658394, 43.308645, 76.8], [-2.65831, 43.30876, 75.7], [-2.658259, 43.308946, 72.9], [-2.658524, 43.309066, 70.3], [-2.658887, 43.30913, 73.8], [-2.659252, 43.309066, 73.2], [-2.659626, 43.309066, 72.5], [-2.660036, 43.309156, 71.5], [-2.660511, 43.309272, 70.0], [-2.661029, 43.30931, 69.4], [-2.661322, 43.309343, 69.0], [-2.661541, 43.309426, 68.6], [-2.661713, 43.309563, 68.2], [-2.661813, 43.309663, 67.7], [-2.661832, 43.30997, 67.1], [-2.661892, 43.310096, 64.9], [-2.661973, 43.310152, 63.7], [-2.661922, 43.310181, 63.1], [-2.661657, 43.310483, 62.0], [-2.661498, 43.310801, 63.6], [-2.661227, 43.311355, 61.2], [-2.66121, 43.31154, 60.8], [-2.661058, 43.311705, 57.6], [-2.660874, 43.311927, 55.7], [-2.660919, 43.312127, 54.7], [-2.661155, 43.312467, 54.2], [-2.66169, 43.312672, 54.8], [-2.662402, 43.313, 54.1], [-2.662832, 43.313079, 54.5], [-2.663212, 43.313154, 54.3], [-2.663449, 43.313273, 53.1], [-2.663645, 43.313532, 51.6], [-2.663775, 43.313839, 49.9], [-2.663921, 43.313991, 48.7], [-2.664325, 43.314233, 47.3], [-2.664668, 43.314504, 45.9], [-2.66507, 43.314949, 43.6], [-2.665433, 43.315186, 42.2], [-2.665847, 43.315517, 39.8], [-2.666134, 43.315725, 38.0], [-2.666407, 43.315792, 37.0], [-2.666681, 43.315752, 35.6], [-2.66699, 43.315627, 34.5], [-2.667148, 43.315528, 33.3], [-2.667467, 43.315466, 33.0], [-2.667801, 43.315489, 31.6], [-2.668129, 43.315667, 30.2], [-2.668752, 43.316764, 23.8], [-2.668908, 43.316864, 23.1], [-2.669176, 43.316946, 22.2], [-2.670037, 43.316912, 19.7], [-2.67075, 43.317062, 17.0], [-2.672621, 43.317592, 11.2], [-2.673419, 43.317957, 9.3], [-2.673969, 43.318178, 7.4], [-2.674504, 43.317993, 6.0], [-2.674845, 43.317827, 5.2], [-2.675347, 43.31751, 2.7], [-2.675719, 43.317234, 4.4], [-2.676293, 43.316911, 4.2], [-2.67732, 43.316381, 4.8], [-2.678563, 43.31588, 5.6], [-2.678301, 43.315382, 6.1], [-2.678531, 43.31523, 6.9]]}}, {"type": "Feature", "properties": {"order": 5, "group": "camino-del-norte-irun-arzua", "source_file": "06a-gernika-lezama.gpx", "reversed_from_source": false, "point_count": 387, "source": "CNIG/IGN - Rutas de Caminos de Santiago 2020-2026 (datos FEAACS)", "license": "CC-BY 4.0", "attribution": "Obra derivada de Rutas de Caminos de Santiago 2020-2026 CC-BY 4.0 FEAACS"}, "geometry": {"type": "LineString", "coordinates": [[-2.678569, 43.315191, 6.9], [-2.678661, 43.314959, 11.8], [-2.679424, 43.314675, 18.7], [-2.679443, 43.314302, 20.3], [-2.679345, 43.31353, 24.0], [-2.679289, 43.313331, 23.7], [-2.679076, 43.312708, 20.0], [-2.679, 43.312177, 16.2], [-2.678946, 43.311666, 12.7], [-2.678901, 43.311517, 12.2], [-2.679035, 43.311062, 12.1], [-2.679192, 43.31051, 11.7], [-2.679474, 43.309793, 10.7], [-2.679791, 43.309158, 10.4], [-2.680181, 43.308526, 10.8], [-2.680515, 43.30805, 10.7], [-2.680908, 43.307405, 11.2], [-2.681222, 43.30682, 12.7], [-2.681663, 43.30599, 15.5], [-2.682586, 43.305958, 19.6], [-2.68332, 43.30586, 21.9], [-2.684277, 43.305802, 23.7], [-2.685426, 43.305772, 25.1], [-2.686155, 43.30569, 25.0], [-2.686251, 43.305551, 24.3], [-2.686821, 43.305452, 23.3], [-2.686955, 43.305317, 23.4], [-2.6873, 43.305231, 20.3], [-2.687862, 43.305071, 18.1], [-2.688009, 43.30494, 17.3], [-2.688125, 43.304796, 17.4], [-2.688787, 43.304635, 16.5], [-2.689767, 43.304381, 15.2], [-2.691212, 43.304026, 17.4], [-2.691647, 43.303813, 18.8], [-2.69233, 43.303782, 27.9], [-2.692678, 43.303927, 33.4], [-2.692914, 43.303902, 37.6], [-2.693058, 43.303719, 41.4], [-2.693228, 43.303631, 46.0], [-2.6934, 43.303585, 49.8], [-2.693499, 43.303534, 52.0], [-2.693526, 43.303285, 57.0], [-2.693651, 43.30309, 60.9], [-2.693751, 43.302964, 62.9], [-2.693862, 43.302969, 65.2], [-2.694021, 43.303116, 68.5], [-2.694059, 43.303184, 69.2], [-2.694281, 43.303303, 72.5], [-2.69452, 43.30342, 76.4], [-2.694609, 43.303416, 78.2], [-2.694671, 43.303241, 80.9], [-2.694745, 43.303046, 84.7], [-2.694971, 43.30317, 89.5], [-2.695181, 43.303219, 93.0], [-2.695476, 43.303357, 95.4], [-2.695683, 43.303479, 96.6], [-2.695995, 43.303636, 100.1], [-2.696328, 43.303844, 103.5], [-2.696541, 43.303921, 105.6], [-2.697035, 43.303969, 109.6], [-2.697353, 43.304087, 111.9], [-2.697707, 43.304215, 116.0], [-2.698025, 43.304291, 119.1], [-2.698407, 43.304369, 122.2], [-2.69884, 43.304423, 125.6], [-2.699197, 43.304503, 127.6], [-2.699519, 43.304497, 130.3], [-2.69971, 43.304481, 132.7], [-2.699991, 43.304545, 134.5], [-2.700383, 43.304544, 137.6], [-2.701198, 43.30463, 146.8], [-2.701769, 43.304501, 154.7], [-2.702171, 43.304462, 157.5], [-2.702646, 43.304498, 161.0], [-2.703054, 43.304506, 164.1], [-2.703443, 43.304445, 165.6], [-2.703845, 43.304441, 168.0], [-2.704316, 43.304489, 172.3], [-2.70503, 43.30456, 178.1], [-2.705743, 43.304664, 180.7], [-2.705885, 43.304682, 180.5], [-2.706052, 43.304697, 179.5], [-2.706209, 43.304734, 179.4], [-2.706573, 43.304805, 179.2], [-2.707016, 43.304837, 179.4], [-2.707505, 43.304898, 178.5], [-2.708742, 43.305159, 176.4], [-2.709421, 43.305385, 174.4], [-2.709766, 43.305396, 175.5], [-2.710369, 43.305471, 179.5], [-2.710617, 43.305671, 185.0], [-2.710837, 43.305738, 188.9], [-2.711224, 43.306033, 195.5], [-2.711439, 43.306135, 198.0], [-2.711838, 43.305853, 206.3], [-2.712236, 43.305889, 213.2], [-2.712489, 43.305994, 215.0], [-2.71305, 43.306069, 220.2], [-2.713791, 43.306341, 225.3], [-2.714155, 43.306429, 228.7], [-2.714527, 43.306501, 232.1], [-2.714815, 43.3066, 234.6], [-2.715372, 43.306773, 238.6], [-2.715901, 43.307061, 242.7], [-2.716338, 43.307278, 244.6], [-2.716665, 43.307417, 245.8], [-2.71681, 43.307463, 246.4], [-2.717184, 43.307632, 249.1], [-2.717578, 43.30781, 253.6], [-2.717895, 43.307832, 256.7], [-2.718097, 43.30782, 258.6], [-2.718439, 43.307673, 261.0], [-2.719009, 43.307444, 265.3], [-2.719373, 43.307342, 265.5], [-2.719735, 43.307142, 264.1], [-2.720014, 43.307066, 262.6], [-2.721034, 43.30694, 254.1], [-2.721838, 43.307067, 247.7], [-2.722144, 43.307245, 245.0], [-2.722112, 43.306974, 241.4], [-2.722113, 43.306737, 237.2], [-2.722105, 43.306408, 233.5], [-2.722239, 43.30609, 231.8], [-2.722098, 43.305667, 232.5], [-2.722308, 43.305384, 235.5], [-2.722459, 43.305112, 237.5], [-2.722501, 43.304865, 238.1], [-2.722472, 43.30441, 235.5], [-2.722347, 43.303771, 231.7], [-2.722285, 43.3035, 230.0], [-2.722363, 43.303405, 229.2], [-2.722489, 43.30335, 228.1], [-2.723436, 43.30328, 222.4], [-2.724516, 43.303371, 215.8], [-2.726002, 43.303044, 213.3], [-2.731599, 43.301637, 233.4], [-2.732811, 43.301683, 228.9], [-2.734069, 43.301557, 224.7], [-2.736273, 43.30214, 215.9], [-2.7364, 43.302147, 217.8], [-2.73759, 43.30183, 206.7], [-2.738142, 43.301488, 202.1], [-2.738945, 43.301408, 193.7], [-2.739974, 43.301332, 181.0], [-2.740668, 43.301485, 172.3], [-2.74078, 43.301457, 171.3], [-2.740858, 43.301399, 170.3], [-2.740884, 43.301298, 169.7], [-2.740861, 43.301212, 170.0], [-2.740585, 43.301057, 170.7], [-2.740485, 43.300778, 169.0], [-2.740317, 43.300639, 173.4], [-2.740081, 43.300404, 175.3], [-2.74001, 43.300184, 175.5], [-2.740072, 43.299816, 176.0], [-2.739999, 43.299694, 176.5], [-2.739769, 43.299548, 178.0], [-2.738899, 43.299257, 181.7], [-2.738675, 43.299031, 183.2], [-2.738218, 43.298432, 189.3], [-2.737924, 43.298045, 194.1], [-2.737837, 43.297699, 198.6], [-2.737728, 43.29749, 201.3], [-2.737425, 43.297093, 205.6], [-2.737358, 43.296794, 207.9], [-2.737645, 43.296258, 209.7], [-2.737515, 43.295727, 211.3], [-2.737427, 43.295158, 216.5], [-2.738227, 43.294705, 222.4], [-2.738334, 43.294543, 223.8], [-2.738282, 43.294356, 224.5], [-2.737177, 43.293738, 230.0], [-2.737143, 43.293543, 230.5], [-2.737849, 43.293379, 228.4], [-2.738484, 43.293234, 227.2], [-2.738911, 43.292941, 224.4], [-2.738866, 43.291538, 205.8], [-2.738725, 43.290733, 192.1], [-2.738158, 43.290139, 184.4], [-2.737891, 43.289575, 186.9], [-2.73779, 43.289416, 188.0], [-2.738214, 43.288507, 193.6], [-2.738506, 43.287761, 200.6], [-2.73884, 43.286514, 208.8], [-2.738843, 43.285738, 216.0], [-2.739571, 43.284721, 229.6], [-2.739717, 43.28439, 233.6], [-2.739406, 43.283773, 242.0], [-2.739512, 43.282754, 260.3], [-2.74014, 43.283382, 266.7], [-2.741118, 43.283831, 270.4], [-2.741585, 43.284585, 272.1], [-2.741716, 43.284971, 274.0], [-2.742174, 43.284566, 275.0], [-2.742552, 43.284391, 271.9], [-2.743045, 43.283629, 261.5], [-2.743267, 43.283251, 258.7], [-2.743461, 43.283183, 258.9], [-2.743958, 43.283696, 264.6], [-2.744682, 43.284011, 265.6], [-2.744907, 43.284042, 264.9], [-2.745331, 43.283985, 264.6], [-2.745454, 43.284057, 265.2], [-2.745636, 43.284429, 270.2], [-2.746241, 43.284857, 273.7], [-2.746355, 43.284775, 274.4], [-2.746581, 43.283506, 292.0], [-2.746838, 43.281701, 309.3], [-2.747053, 43.281078, 308.9], [-2.747362, 43.280219, 308.5], [-2.747608, 43.278957, 305.1], [-2.747735, 43.278851, 303.5], [-2.747867, 43.278841, 303.4], [-2.74798, 43.278944, 303.0], [-2.747983, 43.279329, 297.6], [-2.748315, 43.279963, 294.1], [-2.748709, 43.280187, 293.8], [-2.748649, 43.280999, 292.6], [-2.748902, 43.281389, 292.0], [-2.749193, 43.281623, 291.3], [-2.749522, 43.281672, 291.0], [-2.749638, 43.282095, 290.8], [-2.749892, 43.28223, 290.4], [-2.750222, 43.282162, 290.2], [-2.750868, 43.281909, 289.5], [-2.750943, 43.281971, 289.9], [-2.750903, 43.28258, 290.0], [-2.75116, 43.282945, 295.9], [-2.751476, 43.283015, 299.2], [-2.75156, 43.283004, 299.5], [-2.752521, 43.283092, 291.5], [-2.752652, 43.283168, 292.8], [-2.752589, 43.283787, 289.4], [-2.752785, 43.283994, 288.7], [-2.753186, 43.284002, 286.7], [-2.75327, 43.284054, 286.7], [-2.753367, 43.28467, 293.6], [-2.753508, 43.284725, 295.1], [-2.753795, 43.284753, 296.3], [-2.75405, 43.284362, 299.8], [-2.755094, 43.2837, 313.1], [-2.756007, 43.283688, 317.1], [-2.756564, 43.283538, 322.1], [-2.757402, 43.28344, 328.5], [-2.75744, 43.283209, 327.9], [-2.757355, 43.28258, 324.5], [-2.757325, 43.282136, 321.2], [-2.757228, 43.281849, 319.4], [-2.756894, 43.281566, 317.1], [-2.756139, 43.281136, 312.5], [-2.756105, 43.281038, 311.9], [-2.75622, 43.28056, 308.0], [-2.75622, 43.280442, 307.7], [-2.756077, 43.280078, 303.5], [-2.756005, 43.279943, 304.9], [-2.75609, 43.279776, 301.4], [-2.75633, 43.279713, 299.8], [-2.756624, 43.279813, 298.0], [-2.756773, 43.280177, 293.9], [-2.756797, 43.280571, 289.9], [-2.757048, 43.280764, 288.6], [-2.757568, 43.280843, 284.7], [-2.758099, 43.280908, 282.7], [-2.758488, 43.28106, 280.3], [-2.758667, 43.281242, 278.4], [-2.759028, 43.281921, 271.3], [-2.759178, 43.282016, 270.0], [-2.759785, 43.28199, 266.9], [-2.760302, 43.282025, 264.7], [-2.760483, 43.282078, 263.2], [-2.760858, 43.282384, 259.6], [-2.76106, 43.282391, 258.4], [-2.761303, 43.282305, 256.2], [-2.761905, 43.28192, 252.2], [-2.763472, 43.281033, 240.8], [-2.763955, 43.280844, 237.3], [-2.764183, 43.280815, 234.7], [-2.764974, 43.280852, 231.0], [-2.765717, 43.280824, 226.0], [-2.766501, 43.280524, 220.4], [-2.767661, 43.27999, 212.0], [-2.768957, 43.27948, 205.2], [-2.769602, 43.27941, 201.7], [-2.770662, 43.279452, 195.5], [-2.771283, 43.279417, 192.2], [-2.773063, 43.279178, 183.1], [-2.773682, 43.278951, 182.7], [-2.773865, 43.278823, 182.3], [-2.774219, 43.278361, 182.6], [-2.774564, 43.277986, 181.5], [-2.775207, 43.277443, 181.2], [-2.77528, 43.277256, 181.1], [-2.775209, 43.276973, 181.1], [-2.775066, 43.276556, 180.3], [-2.775102, 43.276308, 180.6], [-2.775215, 43.27605, 181.0], [-2.775511, 43.275806, 181.2], [-2.775997, 43.275634, 180.0], [-2.777509, 43.27524, 171.5], [-2.778367, 43.275113, 167.5], [-2.778795, 43.275137, 165.2], [-2.779303, 43.274891, 155.5], [-2.779762, 43.275546, 148.2], [-2.780545, 43.275504, 153.0], [-2.78104, 43.275402, 152.5], [-2.781938, 43.274837, 147.4], [-2.782475, 43.274291, 141.4], [-2.782925, 43.27353, 134.1], [-2.78343, 43.272681, 132.0], [-2.783988, 43.271665, 122.3], [-2.783869, 43.271401, 120.3], [-2.783422, 43.271049, 116.0], [-2.783183, 43.270697, 115.8], [-2.782971, 43.270149, 112.1], [-2.782841, 43.26901, 105.2], [-2.783197, 43.268522, 101.4], [-2.783446, 43.268073, 98.4], [-2.783621, 43.267732, 96.6], [-2.783936, 43.267527, 95.0], [-2.784465, 43.267281, 92.6], [-2.784511, 43.267351, 92.7], [-2.785219, 43.267079, 91.6], [-2.786203, 43.266858, 91.2], [-2.78755, 43.266547, 87.6], [-2.78868, 43.266285, 84.4], [-2.789589, 43.266071, 79.5], [-2.790573, 43.26596, 77.3], [-2.791305, 43.265915, 76.3], [-2.791878, 43.265811, 76.9], [-2.792562, 43.265532, 76.6], [-2.793161, 43.265064, 76.0], [-2.793436, 43.264697, 75.9], [-2.793613, 43.264182, 76.3], [-2.793663, 43.263791, 76.4], [-2.793761, 43.263618, 76.1], [-2.794274, 43.263152, 73.6], [-2.794595, 43.262613, 71.7], [-2.795064, 43.261701, 70.6], [-2.795531, 43.261026, 70.9], [-2.795972, 43.261009, 75.3], [-2.796175, 43.259884, 74.5], [-2.796525, 43.260052, 75.1], [-2.796918, 43.26008, 75.3], [-2.797369, 43.260464, 76.8], [-2.796967, 43.261594, 77.5], [-2.798657, 43.262025, 83.5], [-2.800125, 43.262449, 89.7], [-2.800869, 43.262798, 93.5], [-2.801858, 43.263202, 98.1], [-2.802309, 43.26338, 100.6], [-2.802754, 43.263478, 100.7], [-2.803882, 43.263892, 99.5], [-2.804754, 43.26419, 97.5], [-2.805923, 43.264418, 96.4], [-2.807167, 43.264682, 94.9], [-2.8078, 43.264855, 94.3], [-2.807951, 43.264867, 94.1], [-2.80836, 43.264962, 93.6], [-2.808907, 43.265172, 91.8], [-2.810066, 43.265671, 89.1], [-2.810611, 43.265836, 87.6], [-2.811383, 43.266004, 86.2], [-2.812733, 43.266282, 91.4], [-2.813287, 43.26641, 93.2], [-2.814219, 43.266743, 94.1], [-2.815067, 43.267057, 95.2], [-2.816498, 43.267615, 97.2], [-2.817109, 43.267855, 97.5], [-2.818114, 43.268279, 95.4], [-2.820699, 43.269378, 85.0], [-2.822633, 43.270325, 76.2], [-2.82309, 43.270434, 74.9], [-2.823667, 43.270504, 73.7], [-2.824146, 43.270629, 72.8], [-2.824898, 43.270937, 71.6], [-2.825762, 43.271358, 70.4], [-2.826545, 43.271749, 69.4], [-2.827431, 43.272107, 68.0], [-2.828447, 43.272456, 66.5], [-2.829526, 43.272804, 65.1], [-2.830672, 43.27316, 63.5], [-2.83347, 43.273972, 60.9], [-2.833532, 43.273857, 61.2], [-2.834278, 43.273553, 65.7], [-2.834621, 43.273504, 66.7], [-2.834747, 43.273471, 66.7]]}}, {"type": "Feature", "properties": {"order": 6, "group": "camino-del-norte-irun-arzua", "source_file": "07a-lezama-bilbao.gpx", "reversed_from_source": false, "point_count": 251, "source": "CNIG/IGN - Rutas de Caminos de Santiago 2020-2026 (datos FEAACS)", "license": "CC-BY 4.0", "attribution": "Obra derivada de Rutas de Caminos de Santiago 2020-2026 CC-BY 4.0 FEAACS"}, "geometry": {"type": "LineString", "coordinates": [[-2.834782, 43.273462, 66.7], [-2.834902, 43.273434, 67.0], [-2.83493, 43.273326, 67.2], [-2.835393, 43.273338, 68.8], [-2.835377, 43.273622, 66.7], [-2.835318, 43.273844, 65.0], [-2.835177, 43.274148, 62.4], [-2.835425, 43.274398, 59.4], [-2.836017, 43.274519, 59.1], [-2.836421, 43.274647, 59.0], [-2.836996, 43.274972, 57.4], [-2.837918, 43.27523, 55.5], [-2.839042, 43.27547, 52.9], [-2.839785, 43.275599, 51.8], [-2.840661, 43.275686, 50.7], [-2.842054, 43.275785, 49.2], [-2.842735, 43.275831, 48.7], [-2.843486, 43.275966, 47.5], [-2.84405, 43.276115, 47.7], [-2.844187, 43.275953, 49.7], [-2.844323, 43.275967, 49.7], [-2.844591, 43.276272, 47.1], [-2.845498, 43.276532, 47.4], [-2.84619, 43.2768, 47.5], [-2.848355, 43.27783, 45.0], [-2.849487, 43.278374, 42.6], [-2.849767, 43.278306, 41.3], [-2.849841, 43.278264, 40.7], [-2.850102, 43.278347, 41.3], [-2.850307, 43.278679, 41.3], [-2.85079, 43.278911, 40.6], [-2.851805, 43.279316, 39.9], [-2.853652, 43.280041, 39.0], [-2.855511, 43.280774, 38.8], [-2.858207, 43.281875, 43.2], [-2.858988, 43.282226, 44.9], [-2.858895, 43.282334, 44.5], [-2.860736, 43.283142, 46.6], [-2.860894, 43.282957, 48.5], [-2.861123, 43.282972, 49.2], [-2.861179, 43.282912, 51.9], [-2.861618, 43.283075, 53.2], [-2.861832, 43.283174, 53.7], [-2.861881, 43.283103, 54.1], [-2.862894, 43.281612, 54.0], [-2.862996, 43.281657, 53.9], [-2.863077, 43.281606, 53.7], [-2.863165, 43.28166, 53.6], [-2.863506, 43.281215, 54.6], [-2.863502, 43.281003, 55.6], [-2.862448, 43.280568, 57.9], [-2.862546, 43.280445, 57.9], [-2.862731, 43.280518, 57.5], [-2.862873, 43.280498, 57.4], [-2.862979, 43.280422, 57.4], [-2.863025, 43.280305, 57.6], [-2.863165, 43.280326, 57.9], [-2.863223, 43.279715, 60.8], [-2.86328, 43.279434, 62.6], [-2.863389, 43.27936, 62.9], [-2.863499, 43.279351, 62.7], [-2.863584, 43.279277, 63.0], [-2.863331, 43.27915, 64.1], [-2.86338, 43.278968, 65.2], [-2.863477, 43.278778, 65.6], [-2.863613, 43.278568, 65.8], [-2.863486, 43.278508, 66.4], [-2.863746, 43.27828, 66.7], [-2.864005, 43.27821, 66.8], [-2.864189, 43.278232, 66.6], [-2.864504, 43.278298, 66.8], [-2.865153, 43.278583, 66.6], [-2.865701, 43.278837, 64.3], [-2.866174, 43.279068, 66.9], [-2.866727, 43.279232, 69.7], [-2.867094, 43.279378, 72.3], [-2.867172, 43.279358, 72.9], [-2.867371, 43.279111, 75.2], [-2.867613, 43.278952, 77.2], [-2.86789, 43.278721, 79.4], [-2.868221, 43.278429, 82.2], [-2.86839, 43.278318, 83.1], [-2.868728, 43.278189, 84.6], [-2.868794, 43.278114, 85.4], [-2.868904, 43.277843, 86.8], [-2.868939, 43.277688, 87.3], [-2.868753, 43.277359, 87.3], [-2.868553, 43.276845, 87.9], [-2.868456, 43.2766, 88.3], [-2.868234, 43.276469, 88.5], [-2.867711, 43.276321, 91.0], [-2.867089, 43.27617, 98.6], [-2.866801, 43.276111, 101.5], [-2.866673, 43.276049, 102.5], [-2.866617, 43.275931, 103.4], [-2.866822, 43.275657, 100.5], [-2.867028, 43.275381, 101.4], [-2.867277, 43.275265, 103.0], [-2.868507, 43.275781, 97.4], [-2.869543, 43.275777, 100.3], [-2.87028, 43.275768, 105.2], [-2.870836, 43.275785, 110.4], [-2.871259, 43.275691, 115.6], [-2.870439, 43.274845, 124.4], [-2.870321, 43.274391, 132.7], [-2.870344, 43.27403, 141.2], [-2.870374, 43.273685, 146.1], [-2.870313, 43.273495, 147.7], [-2.870057, 43.272925, 155.7], [-2.870138, 43.27263, 162.2], [-2.870286, 43.272475, 167.7], [-2.870402, 43.272459, 169.9], [-2.870882, 43.272531, 176.4], [-2.871496, 43.272436, 185.4], [-2.872384, 43.272166, 197.6], [-2.872461, 43.272076, 201.3], [-2.872201, 43.27185, 207.2], [-2.871971, 43.271491, 216.3], [-2.872177, 43.271263, 226.3], [-2.87235, 43.270998, 230.7], [-2.872374, 43.27078, 236.7], [-2.872147, 43.270653, 234.6], [-2.872159, 43.270558, 235.0], [-2.872747, 43.270414, 239.9], [-2.873835, 43.270287, 241.3], [-2.874999, 43.270183, 244.4], [-2.876637, 43.270016, 256.2], [-2.877115, 43.269938, 260.4], [-2.877651, 43.269605, 265.7], [-2.877909, 43.269443, 265.8], [-2.879034, 43.26925, 267.6], [-2.880483, 43.269083, 272.0], [-2.882091, 43.269323, 282.5], [-2.883392, 43.269304, 288.8], [-2.884793, 43.269521, 300.2], [-2.885409, 43.269585, 303.3], [-2.886849, 43.269891, 319.8], [-2.887315, 43.269852, 325.5], [-2.886729, 43.269462, 327.5], [-2.886858, 43.26939, 328.9], [-2.887273, 43.269478, 331.0], [-2.888941, 43.269074, 343.2], [-2.889063, 43.268932, 344.8], [-2.889432, 43.268968, 346.2], [-2.890468, 43.268926, 353.6], [-2.890701, 43.268836, 355.2], [-2.891057, 43.268834, 355.7], [-2.891309, 43.268753, 354.9], [-2.891722, 43.268642, 353.7], [-2.892965, 43.268581, 356.2], [-2.893671, 43.268516, 351.3], [-2.894065, 43.268392, 346.9], [-2.894402, 43.268386, 343.0], [-2.894713, 43.268493, 339.0], [-2.895019, 43.268733, 333.1], [-2.8962, 43.268975, 312.8], [-2.896608, 43.269025, 307.5], [-2.896795, 43.268958, 304.7], [-2.897382, 43.268634, 294.5], [-2.897965, 43.268627, 290.9], [-2.898807, 43.268699, 287.4], [-2.899086, 43.268755, 285.8], [-2.899382, 43.268442, 283.3], [-2.900202, 43.268079, 284.4], [-2.901372, 43.267813, 281.4], [-2.902186, 43.26756, 283.3], [-2.902334, 43.26746, 283.1], [-2.903472, 43.267247, 275.1], [-2.904244, 43.267367, 268.8], [-2.904606, 43.267379, 268.4], [-2.904949, 43.267345, 267.2], [-2.905305, 43.267301, 265.0], [-2.905866, 43.26701, 257.3], [-2.906406, 43.266402, 244.7], [-2.906541, 43.266312, 241.2], [-2.907045, 43.266163, 233.5], [-2.907329, 43.26602, 229.1], [-2.907612, 43.265754, 225.2], [-2.907694, 43.265455, 220.5], [-2.907453, 43.265267, 218.8], [-2.907322, 43.26505, 214.6], [-2.907294, 43.264794, 200.5], [-2.907376, 43.26459, 202.4], [-2.907492, 43.264481, 201.7], [-2.907751, 43.264437, 200.9], [-2.907907, 43.264574, 200.8], [-2.907908, 43.264711, 203.0], [-2.90796, 43.264763, 203.3], [-2.908128, 43.264625, 199.7], [-2.908456, 43.264373, 190.9], [-2.908714, 43.264206, 184.7], [-2.908979, 43.264139, 181.1], [-2.909548, 43.264009, 174.2], [-2.909942, 43.263932, 168.8], [-2.910277, 43.263732, 162.9], [-2.910451, 43.263556, 159.2], [-2.910508, 43.263428, 157.3], [-2.910429, 43.263324, 156.4], [-2.91087, 43.263044, 148.6], [-2.911052, 43.262989, 146.3], [-2.911071, 43.262886, 145.2], [-2.911051, 43.262817, 144.5], [-2.910991, 43.262682, 143.2], [-2.910758, 43.262468, 140.2], [-2.910427, 43.262243, 137.5], [-2.90985, 43.261883, 132.3], [-2.909856, 43.261812, 132.1], [-2.910477, 43.261526, 127.1], [-2.910958, 43.2613, 124.0], [-2.911549, 43.261035, 121.0], [-2.911681, 43.260875, 120.0], [-2.912084, 43.260187, 114.6], [-2.912335, 43.259748, 111.4], [-2.912387, 43.259359, 108.4], [-2.912497, 43.259299, 107.0], [-2.912499, 43.259118, 106.5], [-2.912378, 43.25905, 106.3], [-2.912245, 43.258733, 103.7], [-2.912091, 43.258488, 101.7], [-2.912235, 43.258528, 100.7], [-2.9125, 43.258755, 98.2], [-2.912738, 43.258907, 96.0], [-2.912801, 43.258863, 94.7], [-2.913083, 43.258967, 91.2], [-2.913425, 43.259004, 89.4], [-2.913429, 43.25893, 89.3], [-2.914069, 43.25896, 86.0], [-2.914164, 43.258895, 85.7], [-2.914251, 43.258826, 85.4], [-2.914825, 43.258909, 84.3], [-2.915356, 43.259058, 82.0], [-2.916152, 43.259261, 74.8], [-2.91656, 43.259369, 71.6], [-2.917085, 43.259536, 68.9], [-2.918317, 43.259888, 61.8], [-2.918568, 43.260034, 61.5], [-2.919103, 43.260412, 60.5], [-2.91951, 43.260224, 59.8], [-2.919613, 43.260214, 59.3], [-2.920483, 43.259708, 42.8], [-2.920999, 43.259154, 30.0], [-2.921159, 43.259018, 26.4], [-2.921626, 43.258838, 16.3], [-2.921903, 43.258331, 6.9], [-2.921927, 43.258283, 6.7], [-2.922028, 43.258332, 6.5], [-2.922325, 43.257987, 5.8], [-2.922709, 43.257565, 5.1], [-2.922859, 43.257486, 5.0], [-2.923273, 43.257127, 5.3], [-2.923577, 43.256799, 5.7]]}}, {"type": "Feature", "properties": {"order": 7, "group": "camino-del-norte-irun-arzua", "source_file": "08a-bilbao-portugalete.gpx", "reversed_from_source": false, "point_count": 1646, "source": "CNIG/IGN - Rutas de Caminos de Santiago 2020-2026 (datos FEAACS)", "license": "CC-BY 4.0", "attribution": "Obra derivada de Rutas de Caminos de Santiago 2020-2026 CC-BY 4.0 FEAACS"}, "geometry": {"type": "LineString", "coordinates": [[-2.923223, 43.257164, 5.0], [-2.923436, 43.256973, 5.0], [-2.923534, 43.256859, 6.0], [-2.92354, 43.256855, 6.0], [-2.923552, 43.256849, 6.0], [-2.923564, 43.256844, 6.0], [-2.923577, 43.25684, 6.0], [-2.923591, 43.256836, 6.0], [-2.923605, 43.256834, 6.0], [-2.923619, 43.256832, 6.0], [-2.923633, 43.256831, 6.0], [-2.923647, 43.256831, 6.0], [-2.923662, 43.256832, 6.0], [-2.923676, 43.256834, 6.0], [-2.92369, 43.256836, 6.0], [-2.923703, 43.25684, 6.0], [-2.923716, 43.256844, 6.0], [-2.923729, 43.25685, 6.0], [-2.923907, 43.256924, 6.0], [-2.923914, 43.256925, 6.0], [-2.92392, 43.256926, 6.0], [-2.923927, 43.256926, 6.0], [-2.923933, 43.256926, 6.0], [-2.92394, 43.256926, 6.0], [-2.923946, 43.256925, 6.0], [-2.923952, 43.256923, 6.0], [-2.923959, 43.256921, 6.0], [-2.923964, 43.256919, 6.0], [-2.92397, 43.256917, 6.0], [-2.923975, 43.256914, 6.0], [-2.92398, 43.256911, 6.0], [-2.923985, 43.256907, 6.0], [-2.923989, 43.256904, 6.0], [-2.923992, 43.2569, 6.0], [-2.923995, 43.256895, 6.0], [-2.923998, 43.256891, 6.0], [-2.924, 43.256886, 6.0], [-2.924211, 43.256525, 7.0], [-2.92456, 43.255924, 5.0], [-2.924564, 43.255918, 5.0], [-2.924568, 43.255912, 5.0], [-2.924571, 43.255906, 5.0], [-2.924573, 43.2559, 5.0], [-2.924575, 43.255894, 5.0], [-2.924576, 43.255887, 5.0], [-2.924576, 43.255881, 5.0], [-2.924575, 43.255875, 5.0], [-2.924573, 43.255868, 5.0], [-2.924571, 43.255862, 5.0], [-2.924568, 43.255856, 5.0], [-2.924564, 43.25585, 5.0], [-2.92456, 43.255845, 5.0], [-2.924555, 43.255839, 5.0], [-2.924549, 43.255835, 5.0], [-2.924543, 43.25583, 5.0], [-2.924537, 43.255826, 5.0], [-2.924529, 43.255822, 5.0], [-2.924522, 43.255819, 5.0], [-2.924514, 43.255816, 5.0], [-2.924511, 43.255815, 5.0], [-2.923952, 43.255616, 6.0], [-2.923781, 43.255554, 6.0], [-2.923602, 43.255504, 6.0], [-2.923418, 43.255465, 7.0], [-2.923231, 43.255438, 7.0], [-2.92304, 43.255424, 8.0], [-2.922966, 43.255421, 8.0], [-2.922956, 43.255421, 8.0], [-2.922931, 43.25542, 8.1], [-2.922906, 43.255418, 8.5], [-2.922881, 43.255414, 8.9], [-2.922857, 43.255408, 9.0], [-2.922833, 43.255401, 9.0], [-2.922811, 43.255392, 9.0], [-2.922789, 43.255382, 9.0], [-2.922769, 43.25537, 9.0], [-2.92275, 43.255358, 9.0], [-2.922733, 43.255344, 9.0], [-2.922718, 43.255329, 9.0], [-2.922705, 43.255313, 9.0], [-2.922693, 43.255297, 9.0], [-2.922683, 43.255279, 9.0], [-2.922676, 43.255262, 9.0], [-2.922671, 43.255243, 9.0], [-2.922667, 43.255225, 9.0], [-2.922666, 43.255206, 8.9], [-2.922668, 43.255188, 8.7], [-2.922671, 43.255169, 8.6], [-2.922677, 43.255151, 8.7], [-2.922685, 43.255134, 8.9], [-2.922695, 43.255116, 8.7], [-2.922707, 43.2551, 8.5], [-2.92321, 43.254354, 8.9], [-2.923261, 43.254326, 9.0], [-2.923316, 43.254303, 9.0], [-2.923375, 43.254286, 9.0], [-2.923437, 43.254275, 8.0], [-2.9235, 43.25427, 8.2], [-2.923564, 43.254272, 9.0], [-2.923626, 43.25428, 9.0], [-2.923687, 43.254294, 9.7], [-2.923744, 43.254314, 10.1], [-2.924241, 43.254544, 11.1], [-2.924837, 43.25479, 14.4], [-2.925148, 43.254931, 15.9], [-2.925443, 43.255043, 16.0], [-2.926403, 43.255257, 20.2], [-2.926836, 43.255356, 22.0], [-2.927314, 43.255462, 23.0], [-2.927993, 43.255722, 24.0], [-2.928715, 43.255986, 25.8], [-2.929397, 43.256231, 27.0], [-2.929914, 43.256425, 28.0], [-2.93045, 43.256624, 29.0], [-2.931174, 43.256888, 31.0], [-2.931541, 43.257018, 31.0], [-2.93158, 43.257032, 30.9], [-2.931619, 43.257043, 29.9], [-2.93166, 43.257051, 28.1], [-2.931702, 43.257057, 26.7], [-2.931745, 43.25706, 25.8], [-2.931769, 43.257061, 25.7], [-2.93249, 43.257094, 31.0], [-2.933551, 43.257155, 29.0], [-2.933575, 43.257155, 29.0], [-2.933598, 43.257154, 29.0], [-2.933622, 43.257152, 29.0], [-2.933645, 43.257148, 29.0], [-2.933667, 43.257142, 29.0], [-2.933688, 43.257135, 29.0], [-2.933709, 43.257127, 29.0], [-2.933729, 43.257117, 29.0], [-2.933747, 43.257106, 28.9], [-2.933764, 43.257094, 28.6], [-2.93378, 43.257081, 28.2], [-2.933794, 43.257068, 28.3], [-2.933806, 43.257053, 28.7], [-2.933816, 43.257037, 28.9], [-2.933822, 43.257027, 29.0], [-2.933828, 43.257021, 29.1], [-2.933855, 43.256993, 29.6], [-2.933885, 43.256968, 29.5], [-2.933918, 43.256945, 29.6], [-2.933953, 43.256923, 29.4], [-2.933991, 43.256905, 29.7], [-2.934031, 43.256888, 30.0], [-2.934073, 43.256874, 29.7], [-2.934117, 43.256863, 29.3], [-2.934161, 43.256855, 29.1], [-2.934207, 43.25685, 29.0], [-2.934253, 43.256847, 29.0], [-2.934298, 43.256848, 29.0], [-2.934344, 43.256851, 29.0], [-2.934389, 43.256858, 29.0], [-2.934434, 43.256867, 29.0], [-2.934477, 43.256879, 28.8], [-2.934518, 43.256893, 28.0], [-2.934557, 43.256911, 28.0], [-2.934595, 43.25693, 27.8], [-2.934629, 43.256952, 27.5], [-2.93466, 43.256979, 27.9], [-2.93469, 43.257016, 28.0], [-2.934709, 43.257046, 28.0], [-2.934725, 43.257073, 28.0], [-2.934734, 43.257094, 27.5], [-2.934751, 43.257134, 27.0], [-2.934777, 43.257172, 27.0], [-2.934812, 43.257206, 27.0], [-2.934853, 43.257235, 27.0], [-2.934901, 43.257258, 27.0], [-2.934953, 43.257276, 26.9], [-2.935008, 43.257287, 26.0], [-2.935066, 43.257292, 26.0], [-2.935772, 43.257325, 23.8], [-2.937064, 43.257403, 21.0], [-2.938877, 43.257494, 23.0], [-2.941504, 43.257624, 30.0], [-2.945972, 43.257841, 32.0], [-2.949715, 43.258023, 39.0], [-2.949898, 43.258043, 40.0], [-2.950092, 43.258071, 40.0], [-2.950188, 43.258105, 41.0], [-2.950382, 43.258216, 41.0], [-2.950495, 43.258289, 41.4], [-2.951507, 43.258768, 45.8], [-2.951554, 43.258797, 46.0], [-2.951717, 43.258977, 46.8], [-2.951783, 43.259047, 45.5], [-2.952074, 43.258839, 48.0], [-2.952405, 43.259141, 49.4], [-2.952462, 43.259185, 50.0], [-2.952585, 43.259256, 49.8], [-2.952864, 43.259407, 48.2], [-2.953523, 43.259692, 50.1], [-2.953933, 43.259862, 49.7], [-2.954347, 43.260013, 49.7], [-2.95439, 43.260009, 49.4], [-2.954431, 43.26, 49.3], [-2.95447, 43.259986, 49.5], [-2.954506, 43.259968, 49.9], [-2.954537, 43.259946, 50.0], [-2.954603, 43.25988, 50.9], [-2.954721, 43.259736, 53.1], [-2.954819, 43.259623, 54.8], [-2.954911, 43.259515, 56.0], [-2.954969, 43.259448, 56.5], [-2.955565, 43.259227, 61.0], [-2.955699, 43.259184, 62.0], [-2.955856, 43.259138, 63.4], [-2.956054, 43.259102, 65.0], [-2.956296, 43.259062, 66.6], [-2.956614, 43.259009, 68.7], [-2.95683, 43.25897, 70.0], [-2.956888, 43.258954, 70.2], [-2.956942, 43.258933, 71.0], [-2.956991, 43.258905, 71.0], [-2.957034, 43.258873, 71.5], [-2.957071, 43.258837, 72.1], [-2.9571, 43.258797, 72.6], [-2.957121, 43.258755, 72.9], [-2.957134, 43.258711, 73.0], [-2.957138, 43.258666, 73.0], [-2.957133, 43.258621, 73.8], [-2.957071, 43.258398, 76.9], [-2.956996, 43.258192, 78.9], [-2.956836, 43.25792, 82.1], [-2.956836, 43.257906, 82.2], [-2.95685, 43.257904, 82.4], [-2.956867, 43.257906, 82.6], [-2.956914, 43.257936, 82.7], [-2.957092, 43.258084, 85.2], [-2.957114, 43.258106, 85.6], [-2.95713, 43.258116, 86.1], [-2.957144, 43.258119, 86.3], [-2.957165, 43.258114, 86.6], [-2.957177, 43.2581, 86.8], [-2.957187, 43.258072, 87.1], [-2.957217, 43.257924, 90.5], [-2.957295, 43.257951, 91.8], [-2.957441, 43.258007, 94.3], [-2.957636, 43.258101, 98.3], [-2.95767, 43.258114, 98.8], [-2.957688, 43.258101, 99.2], [-2.957698, 43.258073, 99.6], [-2.957684, 43.257988, 101.1], [-2.957653, 43.257922, 101.9], [-2.957643, 43.25787, 102.9], [-2.957638, 43.257804, 103.3], [-2.957649, 43.25776, 104.5], [-2.957653, 43.257735, 104.9], [-2.957637, 43.257705, 104.8], [-2.957601, 43.257665, 104.7], [-2.957581, 43.25765, 104.6], [-2.957528, 43.257636, 104.1], [-2.957329, 43.257592, 103.7], [-2.957238, 43.257581, 103.9], [-2.957167, 43.257571, 104.2], [-2.957088, 43.257555, 104.5], [-2.956949, 43.257514, 106.4], [-2.956898, 43.257507, 106.0], [-2.956839, 43.257483, 107.2], [-2.956771, 43.257442, 108.8], [-2.956743, 43.257407, 109.6], [-2.956742, 43.257389, 109.8], [-2.956755, 43.257368, 110.0], [-2.956771, 43.257368, 110.0], [-2.956868, 43.257393, 110.1], [-2.956997, 43.257415, 111.0], [-2.957192, 43.257422, 112.0], [-2.957372, 43.257417, 112.6], [-2.957607, 43.257433, 114.1], [-2.957736, 43.257461, 114.5], [-2.957841, 43.257506, 115.5], [-2.957877, 43.257539, 115.9], [-2.957954, 43.257653, 116.5], [-2.958049, 43.257773, 118.0], [-2.958095, 43.257827, 117.9], [-2.958152, 43.25788, 118.7], [-2.958259, 43.25796, 119.8], [-2.958346, 43.258042, 119.7], [-2.958391, 43.258092, 120.0], [-2.958455, 43.258167, 120.6], [-2.958521, 43.258269, 121.7], [-2.958573, 43.25838, 122.9], [-2.958614, 43.258488, 123.2], [-2.958647, 43.258551, 123.7], [-2.958686, 43.258616, 124.3], [-2.958758, 43.258703, 124.6], [-2.958803, 43.258747, 125.3], [-2.958855, 43.258811, 126.1], [-2.958968, 43.258926, 126.9], [-2.959096, 43.258992, 128.0], [-2.959193, 43.259049, 128.6], [-2.959271, 43.259097, 128.9], [-2.959388, 43.259141, 129.8], [-2.959477, 43.259167, 129.9], [-2.959607, 43.259187, 131.3], [-2.959794, 43.259204, 131.9], [-2.959874, 43.259201, 132.0], [-2.960041, 43.259221, 132.9], [-2.960183, 43.259256, 133.7], [-2.960358, 43.259313, 135.2], [-2.960552, 43.259387, 136.7], [-2.960681, 43.259433, 137.0], [-2.960986, 43.259544, 138.7], [-2.961231, 43.259639, 140.2], [-2.961452, 43.259733, 142.0], [-2.961672, 43.259823, 143.2], [-2.961738, 43.25986, 143.3], [-2.961999, 43.259986, 145.1], [-2.962126, 43.260029, 146.2], [-2.962279, 43.260088, 147.4], [-2.962506, 43.260184, 149.0], [-2.962591, 43.260229, 149.3], [-2.962815, 43.260312, 150.4], [-2.962971, 43.260364, 151.2], [-2.963126, 43.260451, 152.2], [-2.963258, 43.26053, 153.3], [-2.963441, 43.260655, 154.3], [-2.963606, 43.260758, 155.3], [-2.963856, 43.260917, 156.9], [-2.964063, 43.26103, 158.9], [-2.964184, 43.261096, 159.6], [-2.964327, 43.261207, 160.4], [-2.964503, 43.26134, 161.8], [-2.96459, 43.261406, 162.3], [-2.964743, 43.261496, 163.0], [-2.96489, 43.261583, 165.1], [-2.965031, 43.261663, 166.4], [-2.96511, 43.261695, 167.0], [-2.965143, 43.261689, 167.1], [-2.965223, 43.261655, 168.0], [-2.965361, 43.261587, 168.7], [-2.965466, 43.261528, 168.3], [-2.965525, 43.261495, 168.0], [-2.965584, 43.261472, 168.1], [-2.965692, 43.261425, 167.4], [-2.96581, 43.261375, 166.3], [-2.965908, 43.261334, 165.4], [-2.965956, 43.261304, 164.9], [-2.965992, 43.261263, 165.0], [-2.966028, 43.261224, 164.4], [-2.966084, 43.261166, 162.6], [-2.966181, 43.261101, 159.1], [-2.966363, 43.260987, 154.7], [-2.966669, 43.260808, 148.1], [-2.966921, 43.260657, 141.9], [-2.967105, 43.260535, 137.0], [-2.967163, 43.260485, 135.5], [-2.967184, 43.260462, 135.0], [-2.967206, 43.260412, 135.0], [-2.967267, 43.260274, 133.9], [-2.967309, 43.260169, 132.8], [-2.967339, 43.26008, 132.2], [-2.967352, 43.26002, 131.1], [-2.967357, 43.259976, 130.9], [-2.967357, 43.259882, 130.8], [-2.967345, 43.259801, 130.3], [-2.967309, 43.259648, 129.0], [-2.967242, 43.259432, 126.8], [-2.967185, 43.25928, 126.2], [-2.967122, 43.259149, 124.9], [-2.967093, 43.259096, 124.9], [-2.967023, 43.259011, 124.5], [-2.966923, 43.25888, 122.8], [-2.966923, 43.258879, 122.8], [-2.966922, 43.258876, 122.7], [-2.966921, 43.258873, 122.7], [-2.966921, 43.25887, 122.6], [-2.966921, 43.258866, 122.5], [-2.966922, 43.258863, 122.4], [-2.966922, 43.25886, 122.4], [-2.966924, 43.258856, 122.3], [-2.966925, 43.258853, 122.2], [-2.966927, 43.25885, 122.1], [-2.96693, 43.258847, 122.1], [-2.966932, 43.258845, 122.0], [-2.966935, 43.258842, 122.0], [-2.966939, 43.25884, 122.0], [-2.966942, 43.258838, 122.0], [-2.966946, 43.258836, 122.0], [-2.96695, 43.258834, 122.0], [-2.966954, 43.258833, 122.0], [-2.966958, 43.258832, 122.0], [-2.966963, 43.258831, 122.0], [-2.966967, 43.258831, 122.0], [-2.966972, 43.25883, 122.0], [-2.966977, 43.25883, 122.0], [-2.966981, 43.258831, 122.0], [-2.966986, 43.258831, 121.8], [-2.96699, 43.258832, 121.7], [-2.966994, 43.258834, 121.5], [-2.966998, 43.258835, 121.4], [-2.967002, 43.258837, 121.3], [-2.967006, 43.258839, 121.2], [-2.967009, 43.258841, 121.1], [-2.967013, 43.258843, 121.0], [-2.967015, 43.258846, 120.9], [-2.967106, 43.258945, 119.9], [-2.967212, 43.25906, 119.1], [-2.967302, 43.259149, 118.0], [-2.967387, 43.259248, 118.0], [-2.967456, 43.259332, 118.2], [-2.967505, 43.259409, 117.5], [-2.967532, 43.259482, 118.1], [-2.967552, 43.259532, 117.9], [-2.967572, 43.259545, 117.6], [-2.967605, 43.259564, 117.0], [-2.967637, 43.259584, 117.2], [-2.967664, 43.259606, 116.8], [-2.967694, 43.259634, 116.2], [-2.967727, 43.259678, 115.8], [-2.967745, 43.259706, 115.6], [-2.967764, 43.259747, 115.2], [-2.967825, 43.259899, 114.3], [-2.967882, 43.260038, 113.0], [-2.967923, 43.260132, 111.7], [-2.967937, 43.260171, 111.7], [-2.967949, 43.26022, 111.4], [-2.967957, 43.260264, 111.2], [-2.967957, 43.2603, 111.0], [-2.967953, 43.260346, 110.5], [-2.967935, 43.260415, 110.1], [-2.967913, 43.260498, 109.1], [-2.967896, 43.260544, 109.2], [-2.96784, 43.260662, 108.1], [-2.967791, 43.260783, 107.6], [-2.967768, 43.260863, 107.2], [-2.967762, 43.260894, 107.1], [-2.967762, 43.260931, 106.7], [-2.967762, 43.260964, 106.3], [-2.967785, 43.261007, 106.0], [-2.967819, 43.261046, 106.0], [-2.96786, 43.261075, 105.4], [-2.967933, 43.261132, 104.0], [-2.967946, 43.261147, 104.1], [-2.967931, 43.261037, 103.4], [-2.967927, 43.260948, 102.0], [-2.967925, 43.260914, 101.3], [-2.967925, 43.260892, 101.3], [-2.967925, 43.260871, 101.3], [-2.967935, 43.260842, 101.3], [-2.967951, 43.260816, 101.3], [-2.967976, 43.260776, 100.7], [-2.968012, 43.260736, 100.4], [-2.968049, 43.260703, 100.2], [-2.968096, 43.260644, 99.7], [-2.968126, 43.260599, 99.4], [-2.968175, 43.260521, 98.5], [-2.968206, 43.260455, 99.1], [-2.968224, 43.260425, 98.8], [-2.96825, 43.260395, 98.4], [-2.968269, 43.260373, 98.1], [-2.968287, 43.260337, 97.6], [-2.968297, 43.260309, 97.4], [-2.968307, 43.260243, 97.0], [-2.968317, 43.260191, 96.3], [-2.968321, 43.260125, 96.2], [-2.968329, 43.260074, 96.1], [-2.968329, 43.260034, 95.6], [-2.968319, 43.259961, 95.5], [-2.968317, 43.259908, 95.4], [-2.968311, 43.259862, 94.8], [-2.968311, 43.25978, 93.3], [-2.968297, 43.259737, 93.2], [-2.968291, 43.259695, 93.0], [-2.968276, 43.259643, 93.0], [-2.96825, 43.259524, 92.1], [-2.968217, 43.259412, 91.5], [-2.968193, 43.259356, 91.1], [-2.968154, 43.259292, 91.0], [-2.968028, 43.259064, 88.9], [-2.967948, 43.258933, 87.3], [-2.967865, 43.258824, 87.1], [-2.967749, 43.25865, 86.3], [-2.96771, 43.258578, 86.2], [-2.967692, 43.258532, 85.1], [-2.96768, 43.258479, 84.9], [-2.96768, 43.258447, 84.2], [-2.967696, 43.25841, 83.6], [-2.967739, 43.258336, 83.5], [-2.967865, 43.2582, 86.1], [-2.96797, 43.258098, 82.5], [-2.968046, 43.258012, 80.7], [-2.968092, 43.257954, 80.0], [-2.968121, 43.257897, 79.5], [-2.968145, 43.257813, 79.1], [-2.968147, 43.257774, 79.1], [-2.968147, 43.257728, 79.2], [-2.968147, 43.25769, 78.6], [-2.968125, 43.257348, 74.3], [-2.968117, 43.257145, 74.6], [-2.968108, 43.256942, 73.0], [-2.968108, 43.256841, 71.8], [-2.9681, 43.256761, 71.4], [-2.968065, 43.256644, 71.5], [-2.967991, 43.256479, 69.7], [-2.967892, 43.256276, 68.2], [-2.967796, 43.256111, 67.8], [-2.967723, 43.255981, 67.0], [-2.967623, 43.255848, 66.1], [-2.96759, 43.255803, 65.6], [-2.967525, 43.255714, 64.1], [-2.96749, 43.255666, 63.6], [-2.96742, 43.255547, 63.0], [-2.967405, 43.255477, 62.5], [-2.967435, 43.255424, 62.6], [-2.967511, 43.255355, 61.7], [-2.967553, 43.255272, 61.0], [-2.967542, 43.255227, 61.0], [-2.967527, 43.255155, 60.3], [-2.967462, 43.255063, 59.3], [-2.967401, 43.254982, 59.5], [-2.967382, 43.254943, 58.8], [-2.967401, 43.254918, 57.3], [-2.967454, 43.254895, 55.0], [-2.967535, 43.254875, 54.0], [-2.967536, 43.254875, 54.0], [-2.967537, 43.254875, 54.0], [-2.967538, 43.254875, 54.0], [-2.967539, 43.254875, 54.0], [-2.967586, 43.254893, 52.9], [-2.967727, 43.254947, 50.9], [-2.967859, 43.254997, 49.2], [-2.967937, 43.255032, 47.8], [-2.968015, 43.255068, 47.0], [-2.9681, 43.255117, 46.0], [-2.968176, 43.255175, 44.8], [-2.968259, 43.255248, 43.9], [-2.968322, 43.255316, 42.1], [-2.968382, 43.255389, 40.8], [-2.968449, 43.255463, 39.3], [-2.968522, 43.255546, 37.2], [-2.968585, 43.255604, 35.9], [-2.968705, 43.255695, 33.0], [-2.968783, 43.25575, 31.9], [-2.968954, 43.255854, 29.0], [-2.969087, 43.25593, 27.0], [-2.969209, 43.255981, 25.5], [-2.969383, 43.256049, 23.0], [-2.969574, 43.256134, 31.0], [-2.969766, 43.25621, 29.8], [-2.969968, 43.256295, 23.8], [-2.970055, 43.256346, 15.0], [-2.97016, 43.256409, 13.0], [-2.970247, 43.256464, 13.0], [-2.970355, 43.256542, 13.0], [-2.97038, 43.256559, 13.0], [-2.970406, 43.256575, 13.0], [-2.970435, 43.256588, 13.0], [-2.970465, 43.2566, 13.0], [-2.970496, 43.25661, 13.0], [-2.970529, 43.256618, 13.0], [-2.970562, 43.256623, 13.0], [-2.970595, 43.256627, 13.0], [-2.9706, 43.256627, 13.0], [-2.970613, 43.256629, 13.0], [-2.970626, 43.256629, 13.0], [-2.970638, 43.256629, 13.0], [-2.970651, 43.256627, 13.0], [-2.970663, 43.256625, 13.0], [-2.970676, 43.256623, 13.0], [-2.970688, 43.256619, 13.0], [-2.970699, 43.256615, 13.0], [-2.97071, 43.25661, 13.0], [-2.97072, 43.256604, 13.0], [-2.970729, 43.256598, 13.0], [-2.970738, 43.256591, 13.0], [-2.970746, 43.256583, 12.8], [-2.970753, 43.256575, 12.7], [-2.970759, 43.256567, 12.7], [-2.970759, 43.256566, 12.7], [-2.97089, 43.256313, 12.7], [-2.971056, 43.255973, 13.6], [-2.97117, 43.255771, 15.0], [-2.971191, 43.255743, 14.9], [-2.97122, 43.255703, 15.0], [-2.971256, 43.255658, 14.9], [-2.971331, 43.255593, 16.0], [-2.971419, 43.255526, 16.0], [-2.97152, 43.255464, 16.1], [-2.971857, 43.255313, 17.0], [-2.972195, 43.255154, 18.0], [-2.972598, 43.255089, 18.5], [-2.972656, 43.255086, 18.9], [-2.972715, 43.25509, 18.4], [-2.972771, 43.255101, 18.1], [-2.972825, 43.255119, 18.3], [-2.972873, 43.255143, 17.0], [-2.973073, 43.255271, 3.0], [-2.97335, 43.255447, 15.0], [-2.973368, 43.255463, 16.7], [-2.973386, 43.255482, 17.8], [-2.973402, 43.255502, 17.9], [-2.973415, 43.255523, 18.0], [-2.973426, 43.255545, 18.0], [-2.973435, 43.255567, 18.0], [-2.97344, 43.25559, 18.0], [-2.973485, 43.255754, 19.0], [-2.973488, 43.25577, 19.0], [-2.973489, 43.255787, 19.1], [-2.973488, 43.255803, 19.3], [-2.973485, 43.255819, 19.5], [-2.973481, 43.255836, 19.6], [-2.973474, 43.255851, 19.7], [-2.973465, 43.255867, 19.9], [-2.973457, 43.255879, 20.0], [-2.973456, 43.255881, 20.0], [-2.973455, 43.255883, 20.0], [-2.973454, 43.255886, 20.0], [-2.973454, 43.255888, 20.0], [-2.973454, 43.25589, 20.0], [-2.973454, 43.255893, 20.0], [-2.973454, 43.255895, 20.0], [-2.973455, 43.255897, 20.0], [-2.973456, 43.255899, 20.0], [-2.973458, 43.255902, 20.0], [-2.973459, 43.255904, 20.0], [-2.973461, 43.255906, 20.0], [-2.973463, 43.255907, 20.0], [-2.973465, 43.255909, 20.0], [-2.973468, 43.255911, 20.0], [-2.97347, 43.255912, 20.0], [-2.973473, 43.255913, 20.0], [-2.973476, 43.255914, 20.0], [-2.973479, 43.255915, 20.0], [-2.973482, 43.255916, 20.0], [-2.973485, 43.255916, 20.0], [-2.973488, 43.255916, 20.0], [-2.97349, 43.255916, 20.0], [-2.973507, 43.255916, 20.0], [-2.973524, 43.255915, 20.2], [-2.97354, 43.255913, 20.5], [-2.973557, 43.25591, 20.7], [-2.973572, 43.255905, 21.0], [-2.973587, 43.2559, 21.2], [-2.973602, 43.255894, 21.5], [-2.973616, 43.255887, 21.7], [-2.973628, 43.255879, 21.9], [-2.97364, 43.25587, 22.2], [-2.973651, 43.255861, 22.6], [-2.97366, 43.255851, 22.9], [-2.973674, 43.255821, 23.1], [-2.973692, 43.255791, 23.7], [-2.973713, 43.255762, 24.5], [-2.973737, 43.255735, 25.3], [-2.973765, 43.25571, 25.4], [-2.973796, 43.255686, 25.6], [-2.973829, 43.255665, 26.0], [-2.973857, 43.255649, 26.0], [-2.97387, 43.255644, 26.0], [-2.973882, 43.25564, 26.0], [-2.973896, 43.255637, 26.0], [-2.973909, 43.255634, 26.0], [-2.973923, 43.255633, 26.0], [-2.973937, 43.255632, 26.0], [-2.973951, 43.255632, 26.1], [-2.973964, 43.255633, 26.2], [-2.973973, 43.255634, 26.3], [-2.973991, 43.255635, 26.6], [-2.97401, 43.255635, 26.8], [-2.974011, 43.255635, 26.8], [-2.974094, 43.255583, 28.4], [-2.974192, 43.255535, 30.5], [-2.974249, 43.255522, 31.0], [-2.974332, 43.255519, 31.4], [-2.974481, 43.255519, 34.0], [-2.974616, 43.255521, 35.1], [-2.974873, 43.255575, 38.5], [-2.975085, 43.255626, 41.8], [-2.975182, 43.255656, 43.0], [-2.975281, 43.255682, 43.9], [-2.975411, 43.255687, 45.8], [-2.975487, 43.25567, 47.1], [-2.975553, 43.255649, 48.1], [-2.975582, 43.255634, 48.6], [-2.975648, 43.255615, 49.7], [-2.975725, 43.255599, 51.0], [-2.975785, 43.255592, 52.1], [-2.975813, 43.255613, 52.6], [-2.975827, 43.255656, 52.7], [-2.975821, 43.255705, 53.1], [-2.9758, 43.255733, 53.1], [-2.975758, 43.255775, 53.8], [-2.975681, 43.255816, 54.7], [-2.975582, 43.255834, 55.6], [-2.975429, 43.255843, 56.0], [-2.975291, 43.255844, 56.8], [-2.975049, 43.25584, 57.8], [-2.974904, 43.255837, 58.2], [-2.97481, 43.255864, 58.6], [-2.974761, 43.255898, 59.7], [-2.974747, 43.255913, 59.9], [-2.974736, 43.255929, 60.1], [-2.974731, 43.255946, 60.4], [-2.974726, 43.255964, 60.7], [-2.974725, 43.25599, 60.9], [-2.974729, 43.256068, 62.2], [-2.974747, 43.256123, 63.6], [-2.974782, 43.256163, 65.1], [-2.974832, 43.256178, 66.3], [-2.974911, 43.256168, 67.7], [-2.975047, 43.256141, 69.9], [-2.975141, 43.256129, 71.1], [-2.975236, 43.256127, 72.6], [-2.97544, 43.256154, 75.7], [-2.975461, 43.25616, 76.1], [-2.975481, 43.256168, 76.5], [-2.975498, 43.256179, 77.0], [-2.975513, 43.256192, 77.6], [-2.975524, 43.256207, 78.2], [-2.975532, 43.256222, 78.7], [-2.975536, 43.256239, 79.1], [-2.975536, 43.256256, 79.5], [-2.975532, 43.256272, 79.9], [-2.975524, 43.256288, 80.2], [-2.975513, 43.256302, 80.5], [-2.975498, 43.256315, 80.8], [-2.97546, 43.256399, 82.1], [-2.975449, 43.256484, 84.3], [-2.975449, 43.256587, 86.8], [-2.975464, 43.256657, 87.5], [-2.975573, 43.256651, 90.5], [-2.975697, 43.256606, 92.9], [-2.975797, 43.256569, 94.1], [-2.975904, 43.256524, 95.8], [-2.976008, 43.256491, 97.2], [-2.976157, 43.256488, 99.0], [-2.976232, 43.256488, 99.8], [-2.976327, 43.256536, 102.6], [-2.97636, 43.256633, 106.7], [-2.976368, 43.256748, 109.6], [-2.976447, 43.25689, 112.0], [-2.976488, 43.256954, 113.3], [-2.976575, 43.257038, 114.7], [-2.976645, 43.257072, 116.2], [-2.976732, 43.257039, 118.3], [-2.976815, 43.256984, 119.6], [-2.97691, 43.256924, 120.6], [-2.977014, 43.256869, 122.7], [-2.977068, 43.256887, 123.4], [-2.977105, 43.256942, 125.1], [-2.977146, 43.257054, 126.0], [-2.977171, 43.257138, 127.0], [-2.977213, 43.257211, 128.0], [-2.977258, 43.25726, 127.2], [-2.977283, 43.257254, 127.7], [-2.97734, 43.257209, 129.1], [-2.977397, 43.257174, 130.1], [-2.977459, 43.257139, 131.1], [-2.977547, 43.25709, 133.0], [-2.97762, 43.257051, 134.6], [-2.977697, 43.257029, 135.9], [-2.977767, 43.257021, 136.1], [-2.977846, 43.257024, 137.2], [-2.978015, 43.257037, 139.1], [-2.978138, 43.257045, 141.1], [-2.978377, 43.257056, 145.0], [-2.978467, 43.25707, 146.4], [-2.978534, 43.257105, 147.7], [-2.97862, 43.257269, 150.9], [-2.978671, 43.257368, 152.8], [-2.978673, 43.257381, 152.8], [-2.978679, 43.257393, 152.9], [-2.978687, 43.257405, 153.0], [-2.978698, 43.257415, 153.6], [-2.97871, 43.257424, 154.0], [-2.978725, 43.257431, 154.5], [-2.978741, 43.257437, 154.9], [-2.978758, 43.25744, 155.2], [-2.978775, 43.257442, 155.4], [-2.978793, 43.257441, 155.7], [-2.97881, 43.257439, 156.0], [-2.978826, 43.257434, 156.5], [-2.978841, 43.257428, 156.8], [-2.979034, 43.2573, 159.5], [-2.97905, 43.257293, 159.9], [-2.979068, 43.257287, 160.4], [-2.979087, 43.257284, 161.0], [-2.979107, 43.257283, 161.7], [-2.979127, 43.257284, 162.2], [-2.979145, 43.257288, 162.5], [-2.979163, 43.257294, 162.7], [-2.97918, 43.257302, 163.0], [-2.979194, 43.257312, 163.2], [-2.979222, 43.257372, 164.3], [-2.97925, 43.257447, 166.1], [-2.979303, 43.257524, 167.0], [-2.97934, 43.257548, 168.1], [-2.979403, 43.257557, 169.3], [-2.97952, 43.257556, 171.5], [-2.979593, 43.257568, 173.2], [-2.979655, 43.257583, 174.7], [-2.979731, 43.257606, 175.0], [-2.979787, 43.257611, 175.9], [-2.979832, 43.257598, 176.6], [-2.979875, 43.257573, 177.8], [-2.979951, 43.257508, 179.5], [-2.97999, 43.257475, 180.2], [-2.98005, 43.257466, 181.1], [-2.980122, 43.257491, 182.3], [-2.980221, 43.257523, 183.9], [-2.98034, 43.257571, 184.9], [-2.980461, 43.25759, 186.7], [-2.980672, 43.257594, 188.2], [-2.980675, 43.257594, 188.2], [-2.980681, 43.257593, 188.3], [-2.980688, 43.257593, 188.4], [-2.980694, 43.257594, 188.5], [-2.9807, 43.257595, 188.5], [-2.980706, 43.257596, 188.6], [-2.980712, 43.257597, 188.7], [-2.980718, 43.257599, 188.7], [-2.980723, 43.257601, 188.6], [-2.980728, 43.257604, 188.6], [-2.980733, 43.257607, 188.5], [-2.980737, 43.25761, 188.4], [-2.980741, 43.257614, 188.4], [-2.980745, 43.257617, 188.3], [-2.980748, 43.257621, 188.2], [-2.980751, 43.257625, 188.1], [-2.980807, 43.25776, 187.1], [-2.980873, 43.257857, 186.0], [-2.980969, 43.257946, 184.0], [-2.981067, 43.258054, 181.4], [-2.981257, 43.258322, 180.3], [-2.981355, 43.258503, 180.3], [-2.98141, 43.258606, 179.8], [-2.981485, 43.258712, 179.4], [-2.981641, 43.25884, 179.1], [-2.981873, 43.258985, 179.9], [-2.982173, 43.259142, 181.0], [-2.98239, 43.259227, 180.7], [-2.982407, 43.259238, 180.7], [-2.982422, 43.25925, 180.7], [-2.982434, 43.259264, 180.8], [-2.982442, 43.259279, 181.0], [-2.982448, 43.259294, 181.0], [-2.982449, 43.259311, 180.7], [-2.982448, 43.259327, 180.4], [-2.982442, 43.259343, 180.0], [-2.982433, 43.259358, 179.9], [-2.982421, 43.259371, 179.8], [-2.982298, 43.259535, 178.3], [-2.982209, 43.259732, 177.9], [-2.98212, 43.259979, 177.3], [-2.982023, 43.260197, 177.2], [-2.981891, 43.260447, 176.0], [-2.981813, 43.260582, 175.8], [-2.981756, 43.260666, 175.8], [-2.981694, 43.26075, 175.2], [-2.981593, 43.260867, 174.2], [-2.981489, 43.26101, 171.5], [-2.981452, 43.261036, 170.3], [-2.98141, 43.26106, 169.2], [-2.981365, 43.261079, 168.5], [-2.981316, 43.261094, 167.7], [-2.981266, 43.261104, 166.9], [-2.9812, 43.261124, 165.8], [-2.981142, 43.261147, 165.1], [-2.981079, 43.261172, 164.2], [-2.981044, 43.261193, 164.1], [-2.980994, 43.261226, 163.4], [-2.980955, 43.261257, 162.8], [-2.980917, 43.26129, 162.4], [-2.980892, 43.26132, 161.8], [-2.980864, 43.261349, 161.6], [-2.980823, 43.261389, 160.9], [-2.980781, 43.261419, 161.0], [-2.980727, 43.261453, 160.2], [-2.980668, 43.26149, 160.1], [-2.980585, 43.261534, 160.0], [-2.980553, 43.261546, 160.0], [-2.980523, 43.26156, 159.9], [-2.980495, 43.261576, 159.8], [-2.980453, 43.261594, 160.0], [-2.980415, 43.261613, 160.0], [-2.980395, 43.261632, 159.8], [-2.980377, 43.261651, 159.5], [-2.98036, 43.261676, 159.2], [-2.98035, 43.261696, 159.0], [-2.980333, 43.261746, 158.3], [-2.980323, 43.261784, 157.4], [-2.980315, 43.261824, 156.9], [-2.980311, 43.261866, 156.3], [-2.980314, 43.261903, 155.5], [-2.980322, 43.261941, 154.4], [-2.98033, 43.26198, 153.4], [-2.980344, 43.262018, 152.9], [-2.980346, 43.262024, 153.0], [-2.980363, 43.262053, 153.0], [-2.980383, 43.262081, 152.2], [-2.980406, 43.262107, 152.0], [-2.980432, 43.262132, 152.0], [-2.980461, 43.262155, 151.5], [-2.980493, 43.262176, 151.1], [-2.980527, 43.262195, 150.6], [-2.980563, 43.262211, 150.5], [-2.980601, 43.262226, 149.9], [-2.980613, 43.26223, 149.7], [-2.980629, 43.262236, 149.6], [-2.980647, 43.262244, 149.5], [-2.980664, 43.262254, 149.3], [-2.980679, 43.262265, 149.1], [-2.980694, 43.262276, 148.9], [-2.980706, 43.262289, 148.8], [-2.980718, 43.262302, 149.0], [-2.980727, 43.262316, 149.3], [-2.980735, 43.262331, 149.3], [-2.980741, 43.262345, 149.2], [-2.980746, 43.262361, 149.0], [-2.980748, 43.262376, 148.8], [-2.980749, 43.262392, 148.6], [-2.980748, 43.262407, 148.5], [-2.980745, 43.262423, 148.5], [-2.98074, 43.262438, 148.4], [-2.980656, 43.262664, 148.0], [-2.980618, 43.262795, 148.7], [-2.980608, 43.262896, 148.5], [-2.980584, 43.26299, 147.8], [-2.980554, 43.263035, 147.4], [-2.980514, 43.263087, 148.0], [-2.980469, 43.263132, 148.2], [-2.980403, 43.263204, 148.0], [-2.98036, 43.26328, 147.3], [-2.980319, 43.26338, 145.3], [-2.980318, 43.263425, 144.7], [-2.980327, 43.263462, 144.3], [-2.980333, 43.263477, 144.1], [-2.980341, 43.263492, 144.0], [-2.980351, 43.263507, 144.1], [-2.980362, 43.26352, 144.1], [-2.980375, 43.263533, 144.0], [-2.980389, 43.263545, 144.0], [-2.980405, 43.263557, 144.0], [-2.980422, 43.263567, 144.1], [-2.980441, 43.263576, 144.0], [-2.98046, 43.263583, 144.0], [-2.98048, 43.26359, 144.2], [-2.980501, 43.263595, 144.5], [-2.980522, 43.263599, 144.7], [-2.980543, 43.263602, 144.9], [-2.980554, 43.263602, 145.1], [-2.980876, 43.263653, 147.7], [-2.980914, 43.26367, 148.2], [-2.980948, 43.263691, 148.8], [-2.980976, 43.263716, 149.0], [-2.980999, 43.263744, 149.5], [-2.981014, 43.263774, 149.9], [-2.981023, 43.263806, 150.0], [-2.981023, 43.263839, 150.0], [-2.981017, 43.263871, 150.0], [-2.981003, 43.263902, 150.2], [-2.980924, 43.263967, 150.3], [-2.98083, 43.264039, 149.8], [-2.980636, 43.264162, 149.1], [-2.980489, 43.264252, 149.0], [-2.980449, 43.264284, 148.9], [-2.980418, 43.264307, 149.0], [-2.980388, 43.264339, 149.0], [-2.98036, 43.264372, 149.0], [-2.980344, 43.264403, 149.4], [-2.980331, 43.264433, 150.0], [-2.980317, 43.264466, 150.0], [-2.980308, 43.264499, 150.4], [-2.980302, 43.26454, 150.9], [-2.980301, 43.264576, 151.1], [-2.980303, 43.264607, 151.3], [-2.980312, 43.264641, 151.8], [-2.980327, 43.264673, 152.0], [-2.980341, 43.264696, 152.0], [-2.980367, 43.264733, 153.0], [-2.980389, 43.264763, 153.0], [-2.980413, 43.264791, 153.1], [-2.980581, 43.265025, 156.9], [-2.980705, 43.265225, 159.0], [-2.980848, 43.265488, 160.2], [-2.980919, 43.265625, 161.7], [-2.981015, 43.265786, 162.0], [-2.981156, 43.266047, 162.4], [-2.98131, 43.266299, 162.1], [-2.981439, 43.266463, 161.7], [-2.981487, 43.266526, 161.9], [-2.981573, 43.266611, 161.9], [-2.981631, 43.266685, 161.8], [-2.981675, 43.266765, 162.8], [-2.981767, 43.267015, 162.2], [-2.981822, 43.26722, 161.0], [-2.981864, 43.267396, 159.7], [-2.981889, 43.267608, 159.0], [-2.981939, 43.267956, 158.0], [-2.981976, 43.268168, 158.0], [-2.981984, 43.268225, 157.4], [-2.981999, 43.268282, 157.0], [-2.982021, 43.268338, 157.2], [-2.982049, 43.268392, 157.0], [-2.982084, 43.268444, 156.4], [-2.982125, 43.268494, 156.0], [-2.982171, 43.268541, 155.7], [-2.982223, 43.268584, 155.0], [-2.98228, 43.268625, 154.2], [-2.982298, 43.268636, 154.1], [-2.98237, 43.268689, 152.8], [-2.982449, 43.268738, 151.4], [-2.982533, 43.268781, 150.5], [-2.982622, 43.268819, 149.5], [-2.982664, 43.268834, 148.4], [-2.982936, 43.268927, 144.1], [-2.983231, 43.269016, 140.3], [-2.983498, 43.269076, 137.1], [-2.983744, 43.269139, 135.4], [-2.984093, 43.269186, 134.3], [-2.984101, 43.269188, 134.3], [-2.984121, 43.269193, 134.2], [-2.98414, 43.2692, 134.0], [-2.984158, 43.269208, 134.0], [-2.984175, 43.269217, 134.0], [-2.984191, 43.269227, 134.0], [-2.984205, 43.269238, 134.0], [-2.984219, 43.26925, 134.0], [-2.98423, 43.269263, 134.0], [-2.984241, 43.269276, 134.0], [-2.984249, 43.26929, 134.0], [-2.984256, 43.269305, 134.0], [-2.984261, 43.269319, 134.0], [-2.984265, 43.269335, 134.0], [-2.984271, 43.269356, 134.0], [-2.984277, 43.269387, 134.0], [-2.984279, 43.269419, 134.0], [-2.984277, 43.26945, 134.0], [-2.984271, 43.269481, 134.0], [-2.984262, 43.269511, 134.0], [-2.98425, 43.269541, 134.0], [-2.984233, 43.26957, 134.0], [-2.984214, 43.269598, 134.0], [-2.984191, 43.269624, 134.0], [-2.984165, 43.269649, 134.0], [-2.984075, 43.26977, 134.8], [-2.983946, 43.269926, 135.1], [-2.983825, 43.270068, 135.1], [-2.98376, 43.27015, 135.0], [-2.983751, 43.27018, 135.0], [-2.983716, 43.270343, 135.7], [-2.983656, 43.270656, 136.2], [-2.983635, 43.270838, 136.7], [-2.983623, 43.270949, 134.6], [-2.983641, 43.271023, 134.0], [-2.98366, 43.271087, 132.9], [-2.983686, 43.27114, 131.9], [-2.983751, 43.271204, 130.7], [-2.983807, 43.271264, 129.4], [-2.98383, 43.271298, 128.8], [-2.983842, 43.271341, 128.1], [-2.98391, 43.271575, 126.9], [-2.98394, 43.271673, 126.4], [-2.983949, 43.271728, 126.5], [-2.983942, 43.271769, 126.2], [-2.983929, 43.271817, 125.5], [-2.983866, 43.271936, 124.5], [-2.983763, 43.272129, 122.5], [-2.983693, 43.272289, 121.8], [-2.983675, 43.272356, 121.1], [-2.983604, 43.272518, 120.0], [-2.983517, 43.2727, 119.5], [-2.983449, 43.2728, 119.0], [-2.983409, 43.272852, 118.8], [-2.983219, 43.273023, 119.0], [-2.982992, 43.273221, 119.0], [-2.982726, 43.273393, 118.1], [-2.982571, 43.273532, 117.9], [-2.982429, 43.273671, 117.0], [-2.982376, 43.273778, 116.0], [-2.9823, 43.273947, 115.0], [-2.982238, 43.274047, 114.7], [-2.982163, 43.274164, 113.4], [-2.982127, 43.274342, 111.9], [-2.982087, 43.274556, 111.3], [-2.982109, 43.274738, 110.0], [-2.982158, 43.274851, 109.0], [-2.982282, 43.27501, 108.0], [-2.98242, 43.275165, 106.7], [-2.982681, 43.275412, 105.0], [-2.982739, 43.27548, 104.0], [-2.982752, 43.275561, 103.9], [-2.982743, 43.275629, 103.7], [-2.982699, 43.275726, 103.4], [-2.982566, 43.27592, 102.1], [-2.982459, 43.276099, 100.2], [-2.982367, 43.276289, 97.5], [-2.982357, 43.276387, 96.3], [-2.982357, 43.276489, 96.0], [-2.982388, 43.276611, 95.2], [-2.982436, 43.276802, 94.0], [-2.982499, 43.277123, 89.1], [-2.982537, 43.277443, 84.9], [-2.982569, 43.277858, 78.1], [-2.982633, 43.278197, 74.0], [-2.982635, 43.278207, 74.0], [-2.982639, 43.278216, 74.0], [-2.982643, 43.278224, 74.0], [-2.982649, 43.278233, 74.0], [-2.982656, 43.278241, 74.0], [-2.982663, 43.278248, 74.0], [-2.982672, 43.278255, 74.0], [-2.982681, 43.278262, 74.0], [-2.982691, 43.278268, 74.0], [-2.982702, 43.278273, 74.0], [-2.982713, 43.278277, 74.0], [-2.982724, 43.278281, 74.0], [-2.982799, 43.278323, 74.0], [-2.982987, 43.278418, 74.0], [-2.983414, 43.278633, 74.0], [-2.983875, 43.278899, 70.0], [-2.984246, 43.27914, 66.2], [-2.984409, 43.27925, 64.8], [-2.984569, 43.27938, 63.0], [-2.984714, 43.279519, 61.8], [-2.984841, 43.279667, 59.6], [-2.98495, 43.279822, 57.0], [-2.98504, 43.279983, 54.0], [-2.985114, 43.280123, 53.0], [-2.985132, 43.28016, 53.0], [-2.985158, 43.280193, 52.9], [-2.985192, 43.280223, 52.2], [-2.985231, 43.280248, 51.9], [-2.985276, 43.280269, 51.2], [-2.985325, 43.280283, 51.0], [-2.985377, 43.280291, 50.8], [-2.98543, 43.280293, 50.7], [-2.988207, 43.280455, 45.0], [-2.988353, 43.280472, 45.0], [-2.988437, 43.280477, 45.0], [-2.988563, 43.280462, 44.5], [-2.988888, 43.280406, 44.4], [-2.989236, 43.280351, 44.3], [-2.989394, 43.280295, 43.4], [-2.989571, 43.280211, 41.6], [-2.989614, 43.280193, 41.1], [-2.989705, 43.280178, 39.9], [-2.98973, 43.280176, 39.5], [-2.989738, 43.280141, 39.0], [-2.989768, 43.280015, 38.0], [-2.989769, 43.279905, 36.0], [-2.989754, 43.279815, 35.2], [-2.989732, 43.279738, 33.6], [-2.989721, 43.279637, 32.6], [-2.989742, 43.279569, 32.0], [-2.989795, 43.279467, 30.6], [-2.989859, 43.279398, 29.6], [-2.989933, 43.279349, 28.6], [-2.990059, 43.279302, 27.3], [-2.99014, 43.27925, 26.0], [-2.990229, 43.279158, 24.5], [-2.990336, 43.279037, 21.7], [-2.990422, 43.27894, 20.4], [-2.990561, 43.278817, 19.1], [-2.990674, 43.278759, 18.1], [-2.990755, 43.278697, 17.0], [-2.9908, 43.278629, 16.3], [-2.990838, 43.278567, 15.7], [-2.990868, 43.27854, 15.1], [-2.990875, 43.278534, 15.0], [-2.990882, 43.27853, 15.0], [-2.990891, 43.278527, 15.0], [-2.9909, 43.278524, 15.0], [-2.990909, 43.278523, 15.0], [-2.990919, 43.278523, 15.0], [-2.990928, 43.278524, 15.0], [-2.990938, 43.278526, 14.9], [-2.990946, 43.27853, 14.8], [-2.990954, 43.278534, 14.7], [-2.990961, 43.278539, 14.5], [-2.99093, 43.278676, 13.2], [-2.990928, 43.278721, 13.1], [-2.990933, 43.27881, 12.1], [-2.990951, 43.278909, 11.8], [-2.991009, 43.27903, 10.9], [-2.991068, 43.279174, 9.9], [-2.991131, 43.27929, 9.8], [-2.991165, 43.279346, 9.0], [-2.991276, 43.279491, 8.8], [-2.991327, 43.279522, 8.6], [-2.991382, 43.279549, 7.9], [-2.991442, 43.27957, 7.9], [-2.991505, 43.279586, 7.6], [-2.99157, 43.279595, 7.8], [-2.991637, 43.279598, 7.6], [-2.991703, 43.279595, 7.0], [-2.991769, 43.279585, 7.0], [-2.991869, 43.279569, 7.0], [-2.991909, 43.279564, 7.0], [-2.991951, 43.279561, 7.0], [-2.991994, 43.279561, 6.9], [-2.992036, 43.279563, 6.2], [-2.992078, 43.279568, 6.0], [-2.99212, 43.279576, 6.1], [-2.99216, 43.279586, 6.5], [-2.992266, 43.279621, 6.2], [-2.992382, 43.279664, 6.8], [-2.992489, 43.27972, 6.4], [-2.992546, 43.279746, 6.0], [-2.992638, 43.279784, 6.0], [-2.99274, 43.279821, 6.0], [-2.99287, 43.279844, 6.3], [-2.993124, 43.279879, 7.0], [-2.993125, 43.279879, 7.0], [-2.993129, 43.279879, 7.0], [-2.993134, 43.279879, 7.0], [-2.993138, 43.27988, 7.0], [-2.993142, 43.279881, 7.0], [-2.993146, 43.279882, 7.0], [-2.993149, 43.279884, 7.0], [-2.993153, 43.279885, 7.0], [-2.993156, 43.279887, 7.0], [-2.993159, 43.27989, 7.0], [-2.993162, 43.279892, 7.0], [-2.993164, 43.279894, 7.0], [-2.993167, 43.279897, 7.0], [-2.993168, 43.2799, 7.0], [-2.99317, 43.279903, 7.0], [-2.993171, 43.279906, 7.0], [-2.993172, 43.279909, 7.0], [-2.993172, 43.279912, 7.0], [-2.993172, 43.279915, 7.0], [-2.993149, 43.280437, 6.0], [-2.993146, 43.280563, 6.0], [-2.993158, 43.280778, 6.0], [-2.993172, 43.280982, 6.1], [-2.993194, 43.281154, 7.0], [-2.993242, 43.281335, 7.2], [-2.993256, 43.28139, 7.9], [-2.993331, 43.281598, 8.0], [-2.993434, 43.281801, 8.9], [-2.993574, 43.282045, 9.0], [-2.993694, 43.282273, 9.0], [-2.99374, 43.282369, 9.4], [-2.993759, 43.282441, 10.0], [-2.99379, 43.282504, 10.0], [-2.993869, 43.282601, 9.8], [-2.993942, 43.282683, 9.5], [-2.993996, 43.282732, 8.9], [-2.994117, 43.282809, 9.2], [-2.993728, 43.282983, 7.0], [-2.993795, 43.283066, 7.0], [-2.993871, 43.283137, 7.0], [-2.993919, 43.283162, 7.0], [-2.994291, 43.283223, 7.2], [-2.994222, 43.283495, 7.0], [-2.994221, 43.283499, 7.0], [-2.994204, 43.283633, 6.5], [-2.99453, 43.283708, 6.0], [-2.994963, 43.283821, 6.0], [-2.994789, 43.284192, 6.0], [-2.994737, 43.284319, 5.6], [-2.994547, 43.284709, 5.3], [-2.994497, 43.284745, 5.2], [-2.994451, 43.284842, 5.0], [-2.994347, 43.285072, 5.0], [-2.994369, 43.285078, 5.0], [-2.994557, 43.28514, 5.0], [-2.994591, 43.285163, 5.1], [-2.994609, 43.285192, 5.0], [-2.994643, 43.285258, 5.0], [-2.994673, 43.285331, 5.0], [-2.994725, 43.285429, 5.0], [-2.994765, 43.285521, 5.0], [-2.994585, 43.285706, 5.0], [-2.994523, 43.285693, 5.0], [-2.994457, 43.285702, 5.0], [-2.994395, 43.285715, 5.0], [-2.994335, 43.285722, 5.0], [-2.994183, 43.285762, 5.0], [-2.994147, 43.285845, 5.0], [-2.994097, 43.285959, 5.0], [-2.993804, 43.286581, 5.0], [-2.993732, 43.286736, 5.0], [-2.993566, 43.287111, 5.0], [-2.99345, 43.287234, 5.0], [-2.993372, 43.287413, 5.0], [-2.993256, 43.287675, 5.0], [-2.993162, 43.287888, 5.0], [-2.993038, 43.288164, 5.0], [-2.992926, 43.288417, 5.0], [-2.992878, 43.288536, 5.0], [-2.992758, 43.288862, 5.0], [-2.992626, 43.289179, 4.8], [-2.992536, 43.289388, 5.0], [-2.992102, 43.290441, 4.8], [-2.99218, 43.290487, 4.3], [-2.992224, 43.290498, 4.8], [-2.992269, 43.290501, 5.0], [-2.992326, 43.290714, 4.6], [-2.992138, 43.290741, 5.0], [-2.992036, 43.290756, 4.4], [-2.991984, 43.290766, 5.0], [-2.991962, 43.290785, 5.0], [-2.991902, 43.290909, 4.9], [-2.991796, 43.291125, 5.0], [-2.99169, 43.291324, 5.0], [-2.991568, 43.291615, 5.0], [-2.99142, 43.291948, 5.0], [-2.991402, 43.29198, 5.0], [-2.99139, 43.292052, 5.0], [-2.991468, 43.292092, 5.0], [-2.991516, 43.292105, 5.0], [-2.991525, 43.292176, 5.0], [-2.991272, 43.292263, 5.2], [-2.991126, 43.292576, 7.0], [-2.990988, 43.292891, 8.1], [-2.990912, 43.293069, 10.0], [-2.990856, 43.293179, 11.0], [-2.990794, 43.293241, 11.9], [-2.990728, 43.293279, 11.9], [-2.99068, 43.2933, 12.0], [-2.990644, 43.293316, 12.0], [-2.990492, 43.293363, 13.0], [-2.989566, 43.29363, 18.0], [-2.98947, 43.293717, 18.9], [-2.989602, 43.293817, 21.3], [-2.989678, 43.293876, 23.0], [-2.989736, 43.29391, 24.2], [-2.98977, 43.293912, 24.6], [-2.989798, 43.293913, 24.7], [-2.98992, 43.293891, 24.7], [-2.990068, 43.293871, 24.9], [-2.990144, 43.293831, 25.0], [-2.990168, 43.293821, 24.8], [-2.990248, 43.293827, 25.0], [-2.990298, 43.293827, 25.0], [-2.990338, 43.293818, 25.0], [-2.990408, 43.293802, 25.1], [-2.99043, 43.293804, 25.3], [-2.990464, 43.293821, 25.9], [-2.99049, 43.29384, 26.0], [-2.990548, 43.293948, 26.0], [-2.990656, 43.29417, 28.0], [-2.990898, 43.294123, 28.3], [-2.9911, 43.294123, 29.0], [-2.991244, 43.294129, 29.0], [-2.991445, 43.294153, 30.0], [-2.992175, 43.294294, 31.0], [-2.992677, 43.294384, 33.0], [-2.993095, 43.294461, 35.0], [-2.993177, 43.294468, 35.0], [-2.993337, 43.294484, 35.5], [-2.993435, 43.294487, 35.8], [-2.993499, 43.294484, 36.0], [-2.993829, 43.294452, 37.1], [-2.994354, 43.294408, 37.1], [-2.994732, 43.294372, 36.0], [-2.99514, 43.294331, 36.0], [-2.995592, 43.294289, 35.5], [-2.99589, 43.294261, 34.8], [-2.996312, 43.294228, 33.2], [-2.996338, 43.294352, 33.0], [-2.996426, 43.294355, 33.0], [-2.996472, 43.294366, 33.0], [-2.996528, 43.294394, 33.0], [-2.996546, 43.294419, 33.0], [-2.99659, 43.294628, 34.0], [-2.99662, 43.294851, 34.0], [-2.996658, 43.295137, 35.0], [-2.996717, 43.29547, 35.0], [-2.996837, 43.295469, 35.0], [-2.996845, 43.295534, 35.0], [-2.996877, 43.295558, 35.0], [-2.996939, 43.295566, 35.0], [-2.997165, 43.295551, 35.0], [-2.997261, 43.295551, 35.0], [-2.997327, 43.295564, 35.0], [-2.997382, 43.295579, 35.0], [-2.997411, 43.295626, 35.0], [-2.997417, 43.295723, 35.0], [-2.997467, 43.296274, 35.0], [-2.997519, 43.296293, 35.0], [-2.997693, 43.296265, 35.5], [-2.997729, 43.296314, 35.3], [-2.997875, 43.296309, 36.0], [-2.997899, 43.296309, 36.0], [-2.997939, 43.296329, 36.0], [-2.998467, 43.296614, 36.0], [-2.998937, 43.296861, 35.2], [-2.999243, 43.297033, 34.0], [-2.999081, 43.297255, 32.9], [-2.998841, 43.29754, 30.0], [-2.9986, 43.297824, 28.0], [-2.998532, 43.297909, 27.3], [-2.998532, 43.297926, 27.0], [-2.998561, 43.297953, 27.0], [-2.998742, 43.298024, 26.0], [-2.999015, 43.298143, 24.0], [-2.999158, 43.298203, 23.0], [-2.999303, 43.298267, 22.1], [-2.999427, 43.298319, 21.5], [-2.999692, 43.298365, 17.0], [-2.999766, 43.298386, 16.6], [-2.999616, 43.298603, 10.2], [-2.999416, 43.298898, 17.0], [-2.999473, 43.298913, 15.7], [-2.999675, 43.298623, 10.1], [-2.999769, 43.298628, 10.0], [-2.999882, 43.298634, 9.3], [-2.999955, 43.298642, 9.0], [-3.000034, 43.298669, 9.0], [-3.000094, 43.298702, 8.8], [-3.000142, 43.298751, 8.0], [-3.000171, 43.298796, 8.0], [-3.000192, 43.298847, 8.0], [-3.000192, 43.298902, 8.0], [-3.000165, 43.298986, 8.0], [-3.000432, 43.299032, 8.0], [-3.000174, 43.299808, 9.0], [-3.00006, 43.300111, 9.0], [-2.999966, 43.300408, 9.5], [-2.999757, 43.30105, 10.0], [-2.999544, 43.301706, 9.0], [-2.999391, 43.302023, 8.0], [-2.999219, 43.302243, 7.1], [-2.999175, 43.302279, 7.0], [-2.999125, 43.30231, 7.0], [-2.99907, 43.302337, 7.0], [-2.999012, 43.30236, 7.0], [-2.998884, 43.302415, 7.0], [-2.998751, 43.302465, 6.9], [-2.998615, 43.302509, 6.4], [-2.998475, 43.302547, 6.0], [-2.998316, 43.302585, 6.0], [-2.998154, 43.302618, 5.2], [-2.997989, 43.302644, 5.0], [-2.997823, 43.302663, 5.0], [-2.997579, 43.302703, 4.9], [-2.996672, 43.302745, 3.0], [-2.996195, 43.302769, 3.5], [-2.995712, 43.302785, 3.1], [-2.995098, 43.302793, 2.9], [-2.994347, 43.302801, 3.2], [-2.993735, 43.30279, 3.0], [-2.993214, 43.302771, 3.4], [-2.993038, 43.302756, 2.8], [-2.993037, 43.302758, 2.8], [-2.992706, 43.302744, 3.0], [-2.992633, 43.302747, 2.9], [-2.992512, 43.302756, 2.7], [-2.992401, 43.302769, 3.0], [-2.992308, 43.302784, 3.1], [-2.992159, 43.302752, 2.9], [-2.992057, 43.302762, 3.5], [-2.991956, 43.302788, 3.5], [-2.991729, 43.302864, 3.5], [-2.991635, 43.302898, 3.5], [-2.991495, 43.302957, 4.0], [-2.991301, 43.303059, 4.0], [-2.991141, 43.303153, 4.0], [-2.990993, 43.303258, 4.0], [-2.990858, 43.303371, 4.0], [-2.990793, 43.303433, 4.0], [-2.990687, 43.303543, 4.0], [-2.99051, 43.303736, 3.0], [-2.990563, 43.303765, 3.0], [-2.990618, 43.303717, 3.9], [-2.990727, 43.303604, 3.9], [-2.99076, 43.303626, 3.1], [-2.990993, 43.303806, 0.0], [-2.991154, 43.303935, 3.0], [-2.991164, 43.303942, 3.0], [-2.991084, 43.30411, 3.1], [-2.991078, 43.304129, 3.2], [-2.990996, 43.304184, 3.0], [-2.990892, 43.304256, 3.7], [-2.990802, 43.304324, 3.7], [-2.990711, 43.304394, 3.2], [-2.990677, 43.304426, 3.3], [-2.990668, 43.304442, 3.4], [-2.990668, 43.304459, 3.6], [-2.990679, 43.304485, 3.3], [-2.990734, 43.304537, 3.3], [-2.990901, 43.304673, 3.5], [-2.991092, 43.304859, 3.6], [-2.991185, 43.304944, 3.0], [-2.991307, 43.30506, 3.0], [-2.991448, 43.305211, 3.0], [-2.991536, 43.305296, 3.0], [-2.991566, 43.30534, 3.0], [-2.991577, 43.305368, 3.0], [-2.991573, 43.305449, 3.0], [-2.991568, 43.305481, 3.0], [-2.991529, 43.305515, 3.0], [-2.991414, 43.305597, 3.0], [-2.991337, 43.305844, 3.0], [-2.991305, 43.305954, 3.3], [-2.991291, 43.306081, 4.8], [-2.991291, 43.30635, 8.0], [-2.991294, 43.306465, 3.3], [-2.991296, 43.306507, 4.1], [-2.991308, 43.306592, 9.0], [-2.991371, 43.306708, 9.1], [-2.991441, 43.306789, 10.1], [-2.991555, 43.306863, 12.9], [-2.991784, 43.306972, 14.9], [-2.992119, 43.307143, 18.7], [-2.992391, 43.307294, 22.6], [-2.992585, 43.307358, 24.7], [-2.992822, 43.307438, 27.1], [-2.992888, 43.30746, 27.9], [-2.992995, 43.307406, 29.0], [-2.993064, 43.307382, 29.0], [-2.993095, 43.307383, 29.0], [-2.993128, 43.307388, 29.5], [-2.993133, 43.30739, 29.6], [-2.996093, 43.307634, 49.4], [-2.997484, 43.307719, 55.2], [-2.998307, 43.30772, 56.5], [-2.998737, 43.307742, 59.0], [-3.000069, 43.307866, 67.1], [-3.000793, 43.307953, 72.0], [-3.001428, 43.308061, 72.0], [-3.004869, 43.308956, 59.0], [-3.007228, 43.309576, 60.2], [-3.00724, 43.30958, 60.4], [-3.007254, 43.309587, 60.7], [-3.007266, 43.309594, 60.9], [-3.007278, 43.309602, 61.0], [-3.007289, 43.309611, 61.0], [-3.007299, 43.30962, 61.0], [-3.007308, 43.30963, 61.0], [-3.007315, 43.309641, 60.9], [-3.007321, 43.309652, 60.9], [-3.007326, 43.309663, 60.9], [-3.007329, 43.309675, 60.9], [-3.007331, 43.309686, 60.8], [-3.007332, 43.309698, 60.5], [-3.007331, 43.30971, 60.3], [-3.007329, 43.309722, 60.0], [-3.007325, 43.309733, 60.0], [-3.00732, 43.309744, 60.0], [-3.007314, 43.309755, 60.0], [-3.007306, 43.309766, 60.0], [-3.007298, 43.309776, 60.1], [-3.007288, 43.309785, 60.1], [-3.007277, 43.309794, 60.0], [-3.007265, 43.309802, 59.9], [-3.007169, 43.309877, 58.7], [-3.007083, 43.309958, 58.0], [-3.007007, 43.310044, 57.0], [-3.006941, 43.310134, 56.0], [-3.006886, 43.310229, 55.0], [-3.00687, 43.310261, 55.0], [-3.006803, 43.310381, 54.0], [-3.006751, 43.310505, 53.0], [-3.006713, 43.310631, 51.8], [-3.00669, 43.31076, 51.0], [-3.006683, 43.310889, 50.0], [-3.006688, 43.310982, 49.0], [-3.00671, 43.311054, 48.4], [-3.006741, 43.311125, 48.0], [-3.00678, 43.311193, 47.0], [-3.006827, 43.311259, 46.9], [-3.006882, 43.311321, 46.0], [-3.006944, 43.31138, 45.2], [-3.007013, 43.311434, 45.0], [-3.007088, 43.311484, 44.0], [-3.007134, 43.311511, 44.0], [-3.00821, 43.312244, 35.0], [-3.008296, 43.312312, 34.0], [-3.008389, 43.312375, 33.1], [-3.00849, 43.312448, 33.0], [-3.008598, 43.312503, 32.3], [-3.008727, 43.312542, 33.0], [-3.008823, 43.312567, 33.0], [-3.008921, 43.312581, 33.0], [-3.009619, 43.312735, 33.0], [-3.009726, 43.312763, 33.0], [-3.00983, 43.312799, 33.0], [-3.00993, 43.312841, 33.0], [-3.010023, 43.312889, 33.0], [-3.010111, 43.312943, 33.0], [-3.010192, 43.313002, 33.1], [-3.010998, 43.31356, 34.3], [-3.011258, 43.31375, 34.3], [-3.011518, 43.313949, 34.0], [-3.01183, 43.314199, 34.9], [-3.011929, 43.314349, 35.0], [-3.011945, 43.314382, 35.0], [-3.011956, 43.31441, 35.0], [-3.011967, 43.314431, 35.1], [-3.011978, 43.314454, 35.3], [-3.012093, 43.31477, 36.0], [-3.012156, 43.314919, 36.5], [-3.012243, 43.3151, 37.0], [-3.012324, 43.315236, 37.0], [-3.012414, 43.315377, 38.0], [-3.012514, 43.315495, 38.0], [-3.012651, 43.315631, 38.0], [-3.012898, 43.315894, 38.0], [-3.013254, 43.316315, 38.0], [-3.013405, 43.316497, 38.2], [-3.01363, 43.316804, 38.1], [-3.014047, 43.317284, 38.2], [-3.014187, 43.317444, 40.2], [-3.014418, 43.317709, 36.9], [-3.014472, 43.317762, 36.4], [-3.014541, 43.317831, 36.0], [-3.014615, 43.317886, 36.0], [-3.014659, 43.317918, 36.0], [-3.014742, 43.317959, 36.1], [-3.014827, 43.317992, 36.3], [-3.014931, 43.318037, 36.3], [-3.015016, 43.31806, 36.0], [-3.015095, 43.318077, 36.4], [-3.01515, 43.318086, 36.2], [-3.015216, 43.318097, 36.8], [-3.015288, 43.318112, 36.7], [-3.015385, 43.318132, 36.7], [-3.015455, 43.318146, 36.9], [-3.015542, 43.318168, 36.4], [-3.015627, 43.318201, 35.7], [-3.015697, 43.318242, 34.9], [-3.015759, 43.31829, 34.9], [-3.015812, 43.318351, 34.8], [-3.015854, 43.318404, 35.1], [-3.015889, 43.318466, 34.7], [-3.015908, 43.31852, 35.0], [-3.015912, 43.318589, 35.0], [-3.015927, 43.318665, 35.3], [-3.015937, 43.318721, 35.5], [-3.015948, 43.318812, 35.3], [-3.015969, 43.318896, 35.0], [-3.016028, 43.319, 34.9], [-3.016101, 43.319075, 34.3], [-3.016207, 43.319153, 34.0], [-3.016279, 43.319201, 34.0], [-3.016347, 43.319248, 34.0], [-3.016307, 43.319275, 34.0], [-3.016284, 43.319298, 34.0], [-3.016266, 43.319322, 33.3], [-3.016254, 43.319349, 31.7], [-3.016248, 43.319376, 29.9], [-3.016248, 43.319404, 28.4], [-3.016287, 43.319488, 27.5], [-3.016348, 43.319631, 26.0], [-3.016368, 43.319696, 25.4], [-3.016372, 43.319737, 25.5], [-3.016372, 43.319774, 25.6], [-3.016364, 43.319806, 26.0], [-3.016356, 43.319831, 26.0], [-3.016347, 43.319886, 26.0]]}}, {"type": "Feature", "properties": {"order": 8, "group": "camino-del-norte-irun-arzua", "source_file": "09a-portugalete-castro-urdiales.gpx", "reversed_from_source": false, "point_count": 1826, "source": "CNIG/IGN - Rutas de Caminos de Santiago 2020-2026 (datos FEAACS)", "license": "CC-BY 4.0", "attribution": "Obra derivada de Rutas de Caminos de Santiago 2020-2026 CC-BY 4.0 FEAACS"}, "geometry": {"type": "LineString", "coordinates": [[-3.016347, 43.319886, 26.0], [-3.016348, 43.319899, 26.0], [-3.016351, 43.319911, 25.7], [-3.016355, 43.319924, 25.5], [-3.016361, 43.319937, 25.4], [-3.016368, 43.319949, 25.4], [-3.016376, 43.31996, 25.3], [-3.016386, 43.319971, 25.3], [-3.016397, 43.319981, 25.1], [-3.01641, 43.319991, 24.8], [-3.016423, 43.319999, 24.6], [-3.016437, 43.320007, 24.6], [-3.016453, 43.320014, 24.9], [-3.016469, 43.32002, 25.3], [-3.016512, 43.320036, 25.6], [-3.016557, 43.32005, 25.8], [-3.016604, 43.32006, 26.0], [-3.016652, 43.320068, 26.0], [-3.0167, 43.320073, 26.0], [-3.016749, 43.320074, 26.0], [-3.016798, 43.320072, 26.0], [-3.016846, 43.320068, 26.0], [-3.016894, 43.32006, 26.0], [-3.01694, 43.320049, 26.0], [-3.016985, 43.320035, 26.0], [-3.017029, 43.320019, 26.0], [-3.017033, 43.320017, 26.1], [-3.017067, 43.32, 26.6], [-3.017111, 43.319983, 27.0], [-3.017157, 43.319968, 27.0], [-3.017205, 43.319956, 27.0], [-3.017253, 43.319947, 27.0], [-3.017303, 43.319941, 27.0], [-3.017354, 43.319938, 26.6], [-3.017404, 43.319939, 26.1], [-3.017454, 43.319943, 26.0], [-3.017903, 43.320025, 24.7], [-3.01791, 43.320026, 24.6], [-3.017918, 43.320027, 24.5], [-3.017925, 43.320028, 24.4], [-3.017933, 43.320028, 24.3], [-3.017941, 43.320028, 24.1], [-3.017948, 43.320027, 24.1], [-3.017956, 43.320025, 24.2], [-3.017963, 43.320024, 24.2], [-3.01797, 43.320021, 24.3], [-3.017977, 43.320019, 24.3], [-3.017983, 43.320016, 24.4], [-3.017989, 43.320012, 24.5], [-3.017995, 43.320008, 24.5], [-3.018, 43.320004, 24.6], [-3.018005, 43.319999, 24.7], [-3.018009, 43.319995, 24.8], [-3.018012, 43.31999, 24.9], [-3.018012, 43.319989, 25.0], [-3.018159, 43.31976, 28.0], [-3.018164, 43.31975, 28.0], [-3.018187, 43.319709, 28.0], [-3.018215, 43.319669, 28.0], [-3.018247, 43.319631, 28.0], [-3.018284, 43.319596, 28.8], [-3.018325, 43.319563, 29.2], [-3.01837, 43.319533, 29.9], [-3.018418, 43.319506, 30.5], [-3.01847, 43.319481, 31.0], [-3.018687, 43.319399, 32.0], [-3.018803, 43.319348, 33.0], [-3.019215, 43.319151, 35.0], [-3.019811, 43.318761, 39.0], [-3.020146, 43.318556, 40.0], [-3.02025, 43.318498, 40.0], [-3.02039, 43.318432, 40.4], [-3.020544, 43.318362, 41.0], [-3.020708, 43.318307, 41.0], [-3.020869, 43.318276, 42.0], [-3.02101, 43.318264, 42.0], [-3.021175, 43.318248, 43.0], [-3.021341, 43.318242, 44.0], [-3.021446, 43.318236, 44.0], [-3.021561, 43.318233, 45.7], [-3.021657, 43.318227, 46.0], [-3.021769, 43.318217, 47.0], [-3.021872, 43.318209, 47.0], [-3.021951, 43.318183, 47.0], [-3.022054, 43.318134, 47.9], [-3.022118, 43.3181, 48.0], [-3.0222, 43.318056, 48.0], [-3.022276, 43.318006, 48.0], [-3.022347, 43.317952, 48.2], [-3.02241, 43.317894, 48.8], [-3.022446, 43.317856, 49.0], [-3.022993, 43.316894, 51.0], [-3.023004, 43.316879, 51.0], [-3.023087, 43.316774, 51.0], [-3.023183, 43.316674, 51.0], [-3.02329, 43.316581, 51.0], [-3.023408, 43.316496, 51.0], [-3.023536, 43.316418, 51.0], [-3.023656, 43.316356, 50.1], [-3.023915, 43.316253, 50.0], [-3.024104, 43.316186, 49.5], [-3.024247, 43.316153, 50.2], [-3.024358, 43.316161, 51.0], [-3.024418, 43.31617, 51.0], [-3.024479, 43.316172, 51.0], [-3.024541, 43.316169, 51.0], [-3.0246, 43.316159, 51.0], [-3.024658, 43.316143, 51.0], [-3.024711, 43.316121, 51.0], [-3.02476, 43.316094, 51.0], [-3.024803, 43.316062, 51.0], [-3.02484, 43.316026, 51.0], [-3.024869, 43.315987, 50.1], [-3.02489, 43.315945, 50.0], [-3.024903, 43.315901, 50.0], [-3.0249, 43.315888, 50.0], [-3.025113, 43.315802, 49.7], [-3.025199, 43.315763, 49.0], [-3.025294, 43.315704, 48.7], [-3.025364, 43.315653, 47.9], [-3.02552, 43.315528, 46.1], [-3.025756, 43.31535, 44.0], [-3.026034, 43.315135, 41.3], [-3.026347, 43.31488, 37.9], [-3.026604, 43.314688, 36.5], [-3.027001, 43.314387, 34.6], [-3.027359, 43.314101, 32.7], [-3.027597, 43.313913, 31.0], [-3.027813, 43.313898, 31.0], [-3.028101, 43.313731, 32.1], [-3.028364, 43.313611, 33.0], [-3.028457, 43.313579, 33.7], [-3.028543, 43.313533, 34.0], [-3.028596, 43.313486, 35.1], [-3.028665, 43.31343, 30.8], [-3.028692, 43.313407, 27.7], [-3.028725, 43.313381, 26.0], [-3.028756, 43.313355, 24.6], [-3.02879, 43.313325, 24.1], [-3.02883, 43.313291, 24.0], [-3.02887, 43.313259, 24.0], [-3.028987, 43.313159, 23.0], [-3.029072, 43.313089, 22.2], [-3.029294, 43.312903, 14.2], [-3.029464, 43.312756, 12.6], [-3.029592, 43.312645, 16.1], [-3.029748, 43.312537, 16.6], [-3.029827, 43.312483, 17.8], [-3.030005, 43.312386, 20.6], [-3.030128, 43.312328, 22.1], [-3.03023, 43.31228, 23.0], [-3.03035, 43.312231, 25.0], [-3.030474, 43.312176, 27.0], [-3.030643, 43.312101, 28.0], [-3.030779, 43.312043, 29.1], [-3.030964, 43.311966, 31.0], [-3.031211, 43.311855, 32.1], [-3.031317, 43.3118, 33.0], [-3.031482, 43.311706, 34.0], [-3.031664, 43.311583, 35.0], [-3.031869, 43.311413, 28.4], [-3.031952, 43.311344, 29.0], [-3.03204, 43.311247, 28.4], [-3.032184, 43.311085, 30.0], [-3.032251, 43.311015, 30.8], [-3.03232, 43.310928, 35.6], [-3.032412, 43.310831, 38.3], [-3.032504, 43.310769, 39.7], [-3.032593, 43.310734, 40.2], [-3.032715, 43.31071, 40.6], [-3.032807, 43.310707, 41.0], [-3.032914, 43.310715, 41.0], [-3.032991, 43.310731, 41.0], [-3.033091, 43.310774, 41.0], [-3.033183, 43.310839, 41.0], [-3.033253, 43.310895, 41.0], [-3.033383, 43.311035, 39.9], [-3.03346, 43.311124, 38.9], [-3.033586, 43.311262, 36.9], [-3.033737, 43.311391, 36.9], [-3.033859, 43.311464, 37.4], [-3.033966, 43.31151, 37.1], [-3.03408, 43.311545, 37.6], [-3.034228, 43.311569, 37.8], [-3.034361, 43.311579, 37.9], [-3.034531, 43.311566, 39.0], [-3.034682, 43.311544, 40.7], [-3.034885, 43.311517, 39.2], [-3.03511, 43.31149, 39.4], [-3.035199, 43.311486, 41.4], [-3.035294, 43.311493, 42.2], [-3.035355, 43.311498, 42.4], [-3.035405, 43.311506, 42.7], [-3.035507, 43.311539, 43.0], [-3.035629, 43.311589, 43.3], [-3.035943, 43.311749, 41.7], [-3.036055, 43.31179, 40.7], [-3.036136, 43.311811, 41.1], [-3.03626, 43.311837, 41.0], [-3.036595, 43.311896, 41.9], [-3.03729, 43.312035, 39.5], [-3.037784, 43.312129, 40.0], [-3.038214, 43.312217, 41.5], [-3.038689, 43.312315, 43.7], [-3.039086, 43.312385, 44.0], [-3.039283, 43.312417, 44.1], [-3.039376, 43.312433, 45.0], [-3.039519, 43.312459, 45.0], [-3.039612, 43.312483, 45.0], [-3.039662, 43.312495, 45.0], [-3.039745, 43.312516, 45.4], [-3.039792, 43.312526, 45.6], [-3.039821, 43.312533, 45.6], [-3.039857, 43.312543, 45.8], [-3.0399, 43.312555, 45.9], [-3.039955, 43.312571, 45.8], [-3.039996, 43.312583, 45.9], [-3.040039, 43.312598, 46.0], [-3.040092, 43.312613, 46.1], [-3.040147, 43.312632, 45.8], [-3.040199, 43.312648, 46.1], [-3.040246, 43.312662, 46.1], [-3.040299, 43.31268, 46.0], [-3.040406, 43.312715, 46.4], [-3.040524, 43.312754, 46.0], [-3.04068, 43.312804, 46.1], [-3.040797, 43.312843, 46.4], [-3.040866, 43.312864, 47.0], [-3.040938, 43.312887, 47.4], [-3.041051, 43.312921, 48.2], [-3.041129, 43.312945, 48.7], [-3.0412, 43.312968, 49.2], [-3.041284, 43.312995, 49.8], [-3.041419, 43.31304, 50.8], [-3.041542, 43.31308, 51.0], [-3.041726, 43.313142, 51.8], [-3.04187, 43.313181, 55.1], [-3.041968, 43.313212, 55.6], [-3.042066, 43.313244, 56.2], [-3.042157, 43.313274, 56.7], [-3.042258, 43.313305, 57.2], [-3.042378, 43.313343, 57.6], [-3.042508, 43.313385, 57.6], [-3.042705, 43.313444, 58.2], [-3.042922, 43.313506, 58.6], [-3.043158, 43.313564, 57.5], [-3.04335, 43.313601, 57.1], [-3.043568, 43.313628, 56.8], [-3.043801, 43.313645, 56.4], [-3.043947, 43.31365, 56.2], [-3.04404, 43.313652, 56.1], [-3.044174, 43.313647, 55.7], [-3.044278, 43.313641, 55.8], [-3.044385, 43.313635, 55.9], [-3.044505, 43.313625, 55.5], [-3.044633, 43.313614, 55.4], [-3.044739, 43.313606, 55.6], [-3.044876, 43.313595, 55.8], [-3.045037, 43.313583, 56.0], [-3.045192, 43.313579, 55.2], [-3.045504, 43.313594, 53.2], [-3.045754, 43.31363, 54.0], [-3.045925, 43.313681, 54.7], [-3.046056, 43.313727, 54.8], [-3.046548, 43.313948, 55.9], [-3.046786, 43.314057, 56.9], [-3.047035, 43.314136, 58.8], [-3.047237, 43.314181, 59.0], [-3.047388, 43.314202, 60.2], [-3.047572, 43.314225, 60.0], [-3.047757, 43.314236, 61.5], [-3.047943, 43.314235, 60.7], [-3.048129, 43.314222, 61.1], [-3.048193, 43.314215, 61.0], [-3.0484, 43.314187, 61.4], [-3.048642, 43.314137, 61.0], [-3.048644, 43.314137, 61.0], [-3.048833, 43.314116, 62.0], [-3.049039, 43.314101, 62.0], [-3.049234, 43.314106, 62.2], [-3.049441, 43.314124, 63.0], [-3.049595, 43.314155, 63.0], [-3.049754, 43.314188, 63.0], [-3.049904, 43.314234, 63.7], [-3.050038, 43.314291, 63.5], [-3.050124, 43.314339, 63.9], [-3.050245, 43.314406, 64.0], [-3.050357, 43.314482, 64.0], [-3.050556, 43.314617, 65.0], [-3.050814, 43.314786, 65.7], [-3.05096, 43.31489, 66.0], [-3.051056, 43.314936, 66.0], [-3.051152, 43.314976, 66.1], [-3.051242, 43.315012, 66.0], [-3.05133, 43.315039, 66.3], [-3.05141, 43.315058, 66.4], [-3.051642, 43.315109, 67.1], [-3.051858, 43.315134, 67.0], [-3.051952, 43.315141, 67.0], [-3.052032, 43.315145, 67.0], [-3.052114, 43.315143, 68.0], [-3.052197, 43.315139, 68.0], [-3.052282, 43.31513, 68.0], [-3.052355, 43.315122, 68.0], [-3.052412, 43.31511, 68.0], [-3.052609, 43.315065, 68.1], [-3.052846, 43.314983, 69.0], [-3.05305, 43.314899, 69.0], [-3.053252, 43.314822, 69.0], [-3.053389, 43.314769, 69.0], [-3.05354, 43.314716, 69.3], [-3.053689, 43.314676, 70.0], [-3.053797, 43.314659, 70.0], [-3.053893, 43.314652, 70.0], [-3.054012, 43.314652, 70.2], [-3.054169, 43.314664, 71.0], [-3.054376, 43.314706, 71.0], [-3.054512, 43.314746, 71.0], [-3.054775, 43.314851, 72.0], [-3.05486, 43.314901, 72.0], [-3.054963, 43.314995, 72.0], [-3.055026, 43.31507, 72.4], [-3.055067, 43.315131, 73.0], [-3.055093, 43.315172, 73.0], [-3.055128, 43.315245, 73.0], [-3.055162, 43.31533, 73.0], [-3.055189, 43.315413, 73.1], [-3.055214, 43.315497, 73.5], [-3.055227, 43.315568, 73.1], [-3.055253, 43.315667, 74.1], [-3.055268, 43.315731, 74.0], [-3.055307, 43.315813, 74.0], [-3.055378, 43.31593, 74.0], [-3.055467, 43.316051, 74.5], [-3.055573, 43.316152, 75.0], [-3.055717, 43.316272, 75.0], [-3.055862, 43.316363, 75.0], [-3.055975, 43.316422, 76.0], [-3.05623, 43.316521, 76.0], [-3.056956, 43.316758, 77.7], [-3.057391, 43.316913, 80.0], [-3.057616, 43.316999, 81.9], [-3.057815, 43.31707, 83.0], [-3.057891, 43.317091, 83.0], [-3.057965, 43.317102, 83.8], [-3.058075, 43.317101, 84.0], [-3.05826, 43.317089, 85.0], [-3.058501, 43.317071, 86.0], [-3.058712, 43.317055, 87.1], [-3.058914, 43.317037, 88.4], [-3.059123, 43.317007, 89.0], [-3.059245, 43.316982, 89.9], [-3.0594, 43.317158, 81.7], [-3.05957, 43.317353, 83.2], [-3.059688, 43.317485, 82.0], [-3.059751, 43.317573, 85.1], [-3.059814, 43.317621, 87.8], [-3.05992, 43.317644, 88.0], [-3.060015, 43.317635, 87.7], [-3.060153, 43.317577, 87.0], [-3.060279, 43.317518, 86.2], [-3.060417, 43.317476, 85.5], [-3.060557, 43.317434, 84.6], [-3.061008, 43.317358, 84.9], [-3.061349, 43.317304, 85.7], [-3.061659, 43.317259, 86.7], [-3.062001, 43.317222, 87.9], [-3.062225, 43.317221, 88.0], [-3.062526, 43.317238, 89.0], [-3.062811, 43.317284, 89.0], [-3.063114, 43.317368, 88.9], [-3.063176, 43.317399, 88.5], [-3.063244, 43.317446, 88.6], [-3.063316, 43.317507, 88.2], [-3.063758, 43.317919, 90.0], [-3.064102, 43.318249, 90.3], [-3.064428, 43.318569, 91.9], [-3.06453, 43.318657, 91.8], [-3.064596, 43.318715, 92.0], [-3.064668, 43.318768, 92.0], [-3.064746, 43.318816, 92.0], [-3.06483, 43.31886, 92.3], [-3.064914, 43.318896, 93.0], [-3.065203, 43.318976, 93.0], [-3.065391, 43.319025, 93.5], [-3.065537, 43.319048, 94.0], [-3.065796, 43.319111, 94.1], [-3.066065, 43.319212, 95.0], [-3.066242, 43.319308, 95.3], [-3.066385, 43.319416, 96.0], [-3.066502, 43.319516, 96.0], [-3.06663, 43.319671, 96.7], [-3.066641, 43.319689, 96.9], [-3.066717, 43.319824, 97.0], [-3.066764, 43.319923, 97.0], [-3.066812, 43.320047, 97.9], [-3.066854, 43.320159, 98.2], [-3.06689, 43.320241, 98.0], [-3.066933, 43.320321, 98.2], [-3.066981, 43.3204, 98.2], [-3.067036, 43.320476, 99.0], [-3.067083, 43.320526, 99.0], [-3.067137, 43.320573, 99.0], [-3.067195, 43.320617, 99.0], [-3.067258, 43.320656, 99.0], [-3.067325, 43.320692, 99.0], [-3.067463, 43.320747, 100.0], [-3.067604, 43.320788, 100.0], [-3.067725, 43.320813, 100.0], [-3.067946, 43.32086, 101.0], [-3.068105, 43.320893, 101.0], [-3.068305, 43.320936, 101.3], [-3.06847, 43.320971, 102.0], [-3.068642, 43.321007, 102.1], [-3.068778, 43.321038, 102.2], [-3.06892, 43.321069, 103.0], [-3.069024, 43.321091, 103.0], [-3.069147, 43.321119, 103.0], [-3.069182, 43.321127, 103.0], [-3.069306, 43.321168, 103.7], [-3.069365, 43.321184, 104.0], [-3.069445, 43.321204, 103.5], [-3.069532, 43.321221, 103.8], [-3.069643, 43.321231, 104.0], [-3.069803, 43.32124, 104.0], [-3.069909, 43.321239, 104.0], [-3.070033, 43.321227, 105.0], [-3.070211, 43.321199, 105.0], [-3.070328, 43.321176, 105.0], [-3.07038, 43.321164, 105.3], [-3.070449, 43.321152, 106.0], [-3.07052, 43.321139, 106.0], [-3.070545, 43.321187, 106.0], [-3.070562, 43.321221, 106.0], [-3.070569, 43.321245, 106.0], [-3.070578, 43.321271, 106.0], [-3.070591, 43.321304, 106.7], [-3.070607, 43.321336, 107.0], [-3.070621, 43.321373, 107.2], [-3.07063, 43.321416, 107.5], [-3.070642, 43.32146, 108.0], [-3.070649, 43.321503, 108.1], [-3.07065, 43.321537, 108.9], [-3.07065, 43.321575, 109.0], [-3.070647, 43.321616, 109.4], [-3.070637, 43.321652, 109.7], [-3.0706, 43.321705, 110.0], [-3.070555, 43.321738, 110.3], [-3.070533, 43.32175, 110.6], [-3.070555, 43.32179, 110.9], [-3.070573, 43.321826, 111.3], [-3.070626, 43.321922, 112.0], [-3.070622, 43.32193, 112.0], [-3.070614, 43.321952, 112.1], [-3.07061, 43.321987, 112.8], [-3.070614, 43.322014, 112.9], [-3.070632, 43.322049, 113.2], [-3.070647, 43.322066, 113.6], [-3.070663, 43.322082, 114.0], [-3.070751, 43.322114, 114.2], [-3.070893, 43.322156, 115.9], [-3.07097, 43.322144, 115.7], [-3.071063, 43.322128, 116.0], [-3.071151, 43.322104, 116.0], [-3.071411, 43.322016, 116.5], [-3.071518, 43.322126, 119.0], [-3.071822, 43.32208, 120.9], [-3.071839, 43.322072, 120.8], [-3.071877, 43.322056, 120.8], [-3.071976, 43.321993, 121.0], [-3.072132, 43.321855, 120.0], [-3.072233, 43.321836, 119.0], [-3.072234, 43.321836, 119.0], [-3.072296, 43.321823, 118.5], [-3.072383, 43.321829, 118.0], [-3.072468, 43.321843, 122.6], [-3.072662, 43.321873, 124.0], [-3.072851, 43.321902, 124.0], [-3.073064, 43.321941, 119.2], [-3.073107, 43.321949, 118.3], [-3.073155, 43.321958, 119.0], [-3.073207, 43.321968, 118.4], [-3.073257, 43.321981, 118.0], [-3.073306, 43.321997, 118.3], [-3.073352, 43.322017, 118.6], [-3.073402, 43.322041, 118.9], [-3.073435, 43.32206, 118.8], [-3.073473, 43.322083, 118.6], [-3.07353, 43.322123, 119.0], [-3.073602, 43.322182, 119.2], [-3.073685, 43.322249, 119.1], [-3.074003, 43.322544, 120.0], [-3.074248, 43.322772, 121.0], [-3.074422, 43.322944, 121.2], [-3.074712, 43.323215, 122.1], [-3.074846, 43.32332, 122.2], [-3.075111, 43.323509, 123.0], [-3.075553, 43.323783, 122.7], [-3.075813, 43.323925, 121.6], [-3.075936, 43.323993, 120.8], [-3.076308, 43.324172, 119.0], [-3.076496, 43.324265, 118.3], [-3.07666, 43.324351, 117.9], [-3.076795, 43.32443, 117.0], [-3.07689, 43.324495, 117.0], [-3.076917, 43.324525, 116.5], [-3.076936, 43.324559, 116.0], [-3.076947, 43.324594, 116.0], [-3.076949, 43.32463, 116.0], [-3.076943, 43.324666, 116.0], [-3.076929, 43.324701, 116.0], [-3.076907, 43.324734, 116.0], [-3.076878, 43.324763, 116.0], [-3.076843, 43.324788, 116.0], [-3.076802, 43.324809, 116.0], [-3.076757, 43.324824, 116.0], [-3.07658, 43.324857, 115.3], [-3.076317, 43.324887, 116.0], [-3.076051, 43.324934, 116.0], [-3.075742, 43.325011, 117.0], [-3.075273, 43.32518, 118.5], [-3.075133, 43.32524, 119.0], [-3.075091, 43.32526, 119.1], [-3.075053, 43.325285, 119.0], [-3.075022, 43.325315, 119.1], [-3.074998, 43.325347, 119.5], [-3.074982, 43.325382, 120.0], [-3.074973, 43.325419, 120.0], [-3.074973, 43.325456, 120.0], [-3.074975, 43.325489, 120.0], [-3.074984, 43.32552, 120.0], [-3.074999, 43.32555, 120.0], [-3.075021, 43.325579, 120.0], [-3.075048, 43.325604, 120.3], [-3.07508, 43.325626, 120.9], [-3.075154, 43.325652, 121.1], [-3.075253, 43.325678, 121.0], [-3.075843, 43.325818, 123.0], [-3.07605, 43.325866, 123.1], [-3.076179, 43.325893, 123.8], [-3.07626, 43.325911, 124.1], [-3.076326, 43.325924, 124.1], [-3.076401, 43.325936, 124.0], [-3.076546, 43.325965, 124.3], [-3.076782, 43.326023, 125.0], [-3.076975, 43.326076, 125.0], [-3.077079, 43.326111, 125.6], [-3.077129, 43.32613, 125.3], [-3.077168, 43.326149, 125.4], [-3.077235, 43.326177, 126.0], [-3.0773, 43.326215, 126.0], [-3.077362, 43.326254, 126.0], [-3.077411, 43.326288, 126.1], [-3.077463, 43.326342, 126.0], [-3.077505, 43.326388, 126.0], [-3.077542, 43.326429, 126.0], [-3.077737, 43.326689, 125.0], [-3.077864, 43.326884, 125.0], [-3.077952, 43.327, 124.7], [-3.078149, 43.32726, 124.0], [-3.078362, 43.327535, 123.4], [-3.078512, 43.327754, 123.0], [-3.078661, 43.327995, 122.0], [-3.078758, 43.328189, 122.0], [-3.078817, 43.328342, 122.0], [-3.078899, 43.328575, 121.0], [-3.078963, 43.328752, 121.0], [-3.079024, 43.328872, 121.0], [-3.07909, 43.32896, 121.1], [-3.079174, 43.329047, 121.0], [-3.079241, 43.329113, 121.0], [-3.079298, 43.329176, 121.4], [-3.079324, 43.329213, 121.7], [-3.07934, 43.329244, 122.0], [-3.079349, 43.329276, 122.0], [-3.07935, 43.329309, 122.0], [-3.079344, 43.329342, 122.0], [-3.079331, 43.329373, 122.0], [-3.07931, 43.329402, 122.0], [-3.079283, 43.329429, 122.0], [-3.07925, 43.329451, 122.0], [-3.079182, 43.329494, 122.0], [-3.079149, 43.329518, 122.2], [-3.079109, 43.329542, 122.8], [-3.079069, 43.329564, 123.0], [-3.07903, 43.329587, 123.0], [-3.078989, 43.329607, 122.8], [-3.078906, 43.329646, 122.9], [-3.078797, 43.329688, 123.0], [-3.078691, 43.32972, 123.0], [-3.078353, 43.329777, 122.4], [-3.07809, 43.329805, 122.0], [-3.077932, 43.329828, 121.0], [-3.077815, 43.329851, 120.6], [-3.077702, 43.329881, 120.0], [-3.077686, 43.329886, 120.0], [-3.077628, 43.329895, 120.0], [-3.077568, 43.329896, 119.7], [-3.077509, 43.32989, 119.0], [-3.077452, 43.329878, 119.0], [-3.077399, 43.329859, 118.8], [-3.077112, 43.32976, 117.2], [-3.076685, 43.329583, 115.9], [-3.076579, 43.329544, 115.1], [-3.076531, 43.329526, 115.0], [-3.076479, 43.329514, 115.0], [-3.076426, 43.329509, 115.0], [-3.076372, 43.329509, 114.3], [-3.076318, 43.329516, 114.0], [-3.076267, 43.329528, 114.2], [-3.076219, 43.329546, 114.2], [-3.076175, 43.32957, 114.0], [-3.076137, 43.329598, 114.0], [-3.076105, 43.32963, 114.0], [-3.076081, 43.329665, 114.0], [-3.076064, 43.329702, 113.9], [-3.076073, 43.329793, 113.5], [-3.076099, 43.329962, 112.9], [-3.076108, 43.329996, 112.1], [-3.076109, 43.330031, 111.9], [-3.076101, 43.330066, 112.1], [-3.076086, 43.3301, 111.8], [-3.076064, 43.330131, 111.5], [-3.076034, 43.330158, 111.3], [-3.075999, 43.330182, 111.5], [-3.075959, 43.330202, 111.3], [-3.075915, 43.330216, 111.3], [-3.075868, 43.330224, 111.3], [-3.07582, 43.330227, 111.1], [-3.075772, 43.330224, 111.2], [-3.075725, 43.330215, 111.3], [-3.075348, 43.330147, 109.9], [-3.07507, 43.330101, 109.9], [-3.074704, 43.330054, 109.0], [-3.07446, 43.330012, 108.0], [-3.074371, 43.329987, 108.3], [-3.074306, 43.329973, 107.9], [-3.074284, 43.329969, 107.9], [-3.074261, 43.329967, 107.9], [-3.074239, 43.329968, 107.6], [-3.074217, 43.329971, 107.3], [-3.074196, 43.329977, 107.0], [-3.074177, 43.329986, 107.1], [-3.07416, 43.329997, 107.1], [-3.074145, 43.330009, 107.3], [-3.074133, 43.330023, 108.2], [-3.074125, 43.330039, 109.6], [-3.07412, 43.330055, 110.8], [-3.074119, 43.330071, 111.4], [-3.074095, 43.330293, 113.0], [-3.074069, 43.330434, 105.0], [-3.074065, 43.330454, 105.0], [-3.074066, 43.330475, 104.6], [-3.074071, 43.330495, 104.1], [-3.074081, 43.330514, 104.3], [-3.074094, 43.330532, 104.5], [-3.074112, 43.330548, 104.4], [-3.074132, 43.330562, 104.0], [-3.074156, 43.330573, 104.0], [-3.074308, 43.330654, 104.1], [-3.074588, 43.330778, 103.0], [-3.074733, 43.330845, 102.0], [-3.074894, 43.33091, 101.7], [-3.075142, 43.331012, 100.7], [-3.075276, 43.331064, 100.0], [-3.075444, 43.331131, 99.0], [-3.075615, 43.331196, 98.0], [-3.075837, 43.331282, 97.0], [-3.075943, 43.331312, 96.0], [-3.076046, 43.331333, 96.0], [-3.076145, 43.331345, 95.0], [-3.076236, 43.331349, 94.8], [-3.076338, 43.331346, 94.0], [-3.076426, 43.331336, 93.0], [-3.076513, 43.33132, 92.9], [-3.076594, 43.331297, 93.0], [-3.076715, 43.331259, 92.1], [-3.076847, 43.331204, 92.0], [-3.076985, 43.331136, 91.9], [-3.077075, 43.331098, 91.1], [-3.077153, 43.331073, 91.0], [-3.077205, 43.331061, 91.0], [-3.07727, 43.331054, 91.0], [-3.077314, 43.331051, 90.8], [-3.077357, 43.331052, 90.8], [-3.077414, 43.331058, 91.0], [-3.077446, 43.331063, 91.0], [-3.077481, 43.331071, 91.0], [-3.077552, 43.331092, 91.0], [-3.077618, 43.331117, 91.0], [-3.077683, 43.331155, 91.0], [-3.077722, 43.33118, 91.0], [-3.077761, 43.331209, 91.0], [-3.07779, 43.331235, 91.0], [-3.077816, 43.331264, 91.0], [-3.077842, 43.331296, 91.0], [-3.077861, 43.331325, 90.8], [-3.07788, 43.331359, 90.7], [-3.077896, 43.331392, 91.0], [-3.077904, 43.331425, 90.5], [-3.077912, 43.331469, 90.1], [-3.077917, 43.331509, 90.0], [-3.077914, 43.331563, 90.0], [-3.077912, 43.331586, 90.0], [-3.077913, 43.33161, 90.0], [-3.077916, 43.331634, 90.0], [-3.077919, 43.331651, 90.0], [-3.077927, 43.331676, 90.0], [-3.077938, 43.331702, 90.0], [-3.077955, 43.331731, 90.0], [-3.077978, 43.331761, 90.0], [-3.078003, 43.331792, 90.0], [-3.078035, 43.331819, 90.0], [-3.078084, 43.331852, 90.0], [-3.078132, 43.331877, 90.0], [-3.078182, 43.331892, 90.0], [-3.078228, 43.331907, 93.1], [-3.078276, 43.331919, 97.1], [-3.078322, 43.331927, 99.6], [-3.079094, 43.332096, 92.1], [-3.079201, 43.332111, 89.0], [-3.079256, 43.332116, 89.0], [-3.079295, 43.332118, 89.0], [-3.07933, 43.332116, 89.0], [-3.079362, 43.332112, 89.0], [-3.079392, 43.332108, 89.0], [-3.079418, 43.332102, 89.0], [-3.079447, 43.332095, 88.9], [-3.07947, 43.332087, 88.8], [-3.079496, 43.332077, 88.9], [-3.07952, 43.332065, 88.6], [-3.079544, 43.332054, 88.5], [-3.079563, 43.332039, 88.7], [-3.079579, 43.332028, 88.7], [-3.079593, 43.332018, 88.4], [-3.079635, 43.331975, 87.9], [-3.079683, 43.331917, 88.0], [-3.07975, 43.3318, 87.0], [-3.079796, 43.331727, 86.1], [-3.079815, 43.331702, 86.0], [-3.079848, 43.331665, 86.0], [-3.079886, 43.33163, 85.8], [-3.079922, 43.331602, 85.1], [-3.079968, 43.331573, 85.0], [-3.08002, 43.331545, 84.6], [-3.080074, 43.331523, 83.8], [-3.080128, 43.331507, 83.5], [-3.080154, 43.3315, 83.7], [-3.080245, 43.331484, 83.9], [-3.080346, 43.331475, 83.1], [-3.080456, 43.33147, 83.0], [-3.080564, 43.331466, 82.8], [-3.080728, 43.331469, 82.0], [-3.080876, 43.331473, 81.7], [-3.080971, 43.331481, 81.1], [-3.081005, 43.331487, 81.0], [-3.081032, 43.331498, 81.0], [-3.081057, 43.331513, 81.0], [-3.081079, 43.331529, 81.0], [-3.081097, 43.331549, 81.0], [-3.08111, 43.33157, 81.0], [-3.081118, 43.331592, 81.0], [-3.081122, 43.331615, 81.0], [-3.08112, 43.331638, 81.0], [-3.081114, 43.331661, 81.0], [-3.081044, 43.331778, 80.0], [-3.081023, 43.331812, 80.0], [-3.081005, 43.331839, 80.0], [-3.080994, 43.331871, 80.0], [-3.080985, 43.331901, 80.0], [-3.080978, 43.331933, 80.0], [-3.080972, 43.331963, 79.5], [-3.080971, 43.331985, 79.2], [-3.080966, 43.332046, 79.0], [-3.080967, 43.332106, 79.0], [-3.080977, 43.332157, 78.9], [-3.080994, 43.332208, 79.0], [-3.081017, 43.332258, 78.4], [-3.081046, 43.332306, 78.0], [-3.081079, 43.332354, 78.0], [-3.081114, 43.332399, 78.1], [-3.081157, 43.332441, 78.0], [-3.081208, 43.332484, 78.0], [-3.081249, 43.332517, 78.0], [-3.081284, 43.332537, 78.0], [-3.081381, 43.33258, 77.7], [-3.081542, 43.332637, 77.0], [-3.0817, 43.332686, 77.2], [-3.081761, 43.332719, 77.0], [-3.081817, 43.332758, 77.0], [-3.081867, 43.3328, 76.8], [-3.08191, 43.332846, 76.0], [-3.081946, 43.332896, 76.0], [-3.081974, 43.332948, 76.0], [-3.081994, 43.333002, 76.0], [-3.082006, 43.333057, 76.0], [-3.082009, 43.333113, 76.0], [-3.082004, 43.333155, 76.0], [-3.081986, 43.33322, 75.9], [-3.081972, 43.333277, 75.2], [-3.081975, 43.333352, 75.0], [-3.082, 43.333428, 74.9], [-3.082041, 43.333493, 75.0], [-3.082164, 43.333618, 74.7], [-3.082345, 43.333806, 74.0], [-3.082474, 43.333955, 74.0], [-3.082625, 43.334144, 73.0], [-3.082811, 43.334377, 72.0], [-3.08297, 43.334578, 72.0], [-3.083152, 43.334811, 71.0], [-3.083386, 43.335108, 69.4], [-3.083517, 43.335276, 68.8], [-3.083764, 43.335564, 67.0], [-3.083978, 43.335791, 66.0], [-3.08422, 43.336039, 65.0], [-3.084371, 43.336202, 64.9], [-3.084504, 43.33634, 64.0], [-3.08458, 43.336411, 64.0], [-3.084611, 43.336425, 64.0], [-3.084645, 43.336436, 64.0], [-3.084681, 43.336442, 64.1], [-3.084718, 43.336445, 64.2], [-3.084754, 43.336442, 64.1], [-3.08479, 43.336436, 64.0], [-3.084824, 43.336425, 63.6], [-3.084855, 43.33641, 63.1], [-3.084883, 43.336392, 63.0], [-3.084906, 43.336371, 63.0], [-3.084924, 43.336348, 63.0], [-3.084937, 43.336322, 63.0], [-3.084943, 43.336296, 62.8], [-3.084944, 43.336268, 62.7], [-3.084915, 43.336201, 62.2], [-3.084809, 43.335999, 62.0], [-3.084763, 43.335909, 61.0], [-3.084784, 43.335842, 60.4], [-3.084813, 43.335777, 60.0], [-3.08485, 43.335715, 59.0], [-3.084897, 43.335655, 58.4], [-3.084944, 43.33562, 57.7], [-3.084996, 43.335589, 57.0], [-3.085054, 43.335562, 56.0], [-3.085115, 43.335541, 56.0], [-3.085179, 43.335525, 55.0], [-3.085245, 43.335515, 54.9], [-3.085312, 43.335511, 54.0], [-3.08538, 43.335512, 53.8], [-3.085447, 43.335519, 53.0], [-3.085512, 43.335532, 52.6], [-3.085662, 43.335558, 52.0], [-3.085724, 43.335601, 52.0], [-3.085829, 43.335706, 51.2], [-3.085962, 43.335849, 50.3], [-3.086084, 43.335994, 50.0], [-3.086213, 43.336164, 49.0], [-3.086395, 43.336367, 49.0], [-3.086425, 43.336403, 49.0], [-3.086446, 43.336432, 49.0], [-3.086468, 43.336469, 49.0], [-3.086489, 43.336515, 49.0], [-3.0865, 43.336562, 49.0], [-3.086502, 43.336608, 48.5], [-3.0865, 43.336652, 48.1], [-3.086499, 43.3367, 48.3], [-3.086506, 43.33682, 48.0], [-3.086521, 43.336906, 48.0], [-3.086563, 43.337057, 48.1], [-3.086613, 43.337171, 47.3], [-3.086676, 43.337282, 47.3], [-3.086689, 43.337303, 47.3], [-3.086744, 43.337366, 47.0], [-3.086805, 43.337425, 46.7], [-3.086883, 43.33748, 46.0], [-3.086973, 43.33753, 46.0], [-3.08705, 43.337566, 46.0], [-3.087131, 43.337593, 45.7], [-3.087223, 43.337624, 45.0], [-3.087324, 43.337654, 45.0], [-3.087414, 43.337677, 45.1], [-3.087503, 43.337696, 45.0], [-3.087592, 43.337708, 44.0], [-3.087617, 43.337712, 44.0], [-3.08775, 43.337719, 44.0], [-3.0879, 43.337723, 44.0], [-3.088084, 43.337729, 43.2], [-3.088526, 43.337749, 42.0], [-3.088604, 43.337753, 42.0], [-3.088657, 43.337759, 42.0], [-3.088731, 43.33777, 41.8], [-3.08881, 43.337787, 41.2], [-3.088893, 43.337806, 41.0], [-3.088953, 43.337831, 41.0], [-3.089032, 43.337863, 41.0], [-3.089096, 43.337899, 40.6], [-3.089153, 43.337938, 40.0], [-3.089202, 43.337977, 40.0], [-3.089252, 43.338021, 40.0], [-3.089296, 43.338063, 40.0], [-3.089331, 43.338103, 40.0], [-3.089374, 43.338141, 40.0], [-3.089409, 43.338164, 39.8], [-3.089449, 43.338188, 39.0], [-3.089529, 43.338216, 39.0], [-3.089595, 43.338237, 39.0], [-3.089659, 43.338251, 39.0], [-3.089723, 43.338259, 39.0], [-3.089782, 43.338263, 38.8], [-3.089843, 43.338264, 38.7], [-3.089899, 43.338262, 38.4], [-3.089964, 43.338256, 38.0], [-3.090027, 43.338243, 38.0], [-3.090082, 43.338231, 38.0], [-3.090137, 43.338216, 38.0], [-3.090158, 43.33821, 38.0], [-3.090256, 43.338185, 38.0], [-3.090395, 43.33816, 37.8], [-3.09048, 43.33815, 37.1], [-3.090608, 43.338146, 37.0], [-3.090734, 43.338147, 37.0], [-3.090854, 43.338157, 37.0], [-3.090968, 43.338176, 37.0], [-3.091073, 43.338205, 36.6], [-3.091403, 43.338308, 36.0], [-3.091568, 43.338362, 36.0], [-3.09173, 43.338411, 35.0], [-3.091986, 43.338453, 35.0], [-3.092194, 43.338465, 34.3], [-3.092483, 43.338471, 34.0], [-3.092647, 43.338495, 34.0], [-3.092752, 43.338523, 34.0], [-3.092888, 43.338579, 33.1], [-3.093086, 43.338694, 33.0], [-3.093181, 43.338769, 33.0], [-3.093311, 43.338943, 32.0], [-3.093419, 43.339073, 31.6], [-3.093487, 43.33913, 31.0], [-3.093557, 43.339179, 31.0], [-3.093628, 43.339216, 31.0], [-3.093711, 43.339252, 31.0], [-3.093783, 43.33928, 30.6], [-3.09386, 43.339305, 30.1], [-3.093923, 43.339326, 30.0], [-3.09403, 43.339365, 30.0], [-3.094123, 43.339412, 29.7], [-3.09421, 43.339464, 29.2], [-3.094284, 43.33951, 29.0], [-3.094349, 43.339564, 29.0], [-3.094458, 43.339665, 28.0], [-3.094602, 43.339808, 28.0], [-3.09472, 43.339927, 27.0], [-3.094811, 43.340002, 27.0], [-3.094892, 43.340066, 26.7], [-3.094971, 43.340127, 26.0], [-3.095071, 43.340184, 26.0], [-3.09517, 43.340229, 26.0], [-3.095258, 43.340262, 25.6], [-3.09537, 43.340296, 25.1], [-3.095462, 43.34032, 25.0], [-3.095503, 43.340329, 25.0], [-3.095716, 43.340385, 24.1], [-3.095929, 43.340458, 24.0], [-3.096123, 43.34055, 23.0], [-3.096304, 43.340649, 22.9], [-3.096387, 43.340689, 22.2], [-3.096474, 43.340723, 22.0], [-3.096566, 43.340752, 22.0], [-3.09666, 43.340775, 22.0], [-3.096757, 43.340792, 21.0], [-3.096862, 43.3408, 21.0], [-3.09697, 43.340801, 21.0], [-3.09709, 43.340792, 20.1], [-3.097168, 43.340784, 20.0], [-3.097235, 43.340775, 20.0], [-3.097391, 43.340765, 20.0], [-3.097544, 43.340764, 19.4], [-3.0977, 43.340766, 19.0], [-3.097852, 43.340787, 19.0], [-3.097989, 43.340817, 18.5], [-3.098414, 43.340942, 17.0], [-3.098624, 43.340985, 16.9], [-3.098791, 43.341007, 17.0], [-3.09899, 43.341016, 16.0], [-3.099252, 43.341033, 16.0], [-3.09969, 43.341083, 16.0], [-3.100088, 43.341161, 16.0], [-3.100458, 43.341265, 15.0], [-3.100716, 43.341339, 15.0], [-3.100967, 43.341405, 15.0], [-3.101212, 43.34145, 15.0], [-3.101361, 43.341472, 14.9], [-3.101488, 43.341491, 15.0], [-3.101622, 43.341518, 15.0], [-3.101747, 43.341555, 15.0], [-3.101861, 43.3416, 15.0], [-3.10198, 43.341654, 14.2], [-3.102086, 43.341722, 14.0], [-3.102182, 43.341788, 14.0], [-3.102268, 43.341858, 14.2], [-3.102351, 43.341937, 14.1], [-3.102423, 43.342013, 14.0], [-3.102539, 43.342141, 14.0], [-3.102664, 43.342293, 14.2], [-3.102866, 43.342532, 13.1], [-3.103094, 43.342802, 13.0], [-3.103321, 43.343081, 12.1], [-3.103442, 43.343221, 12.0], [-3.103547, 43.343344, 12.0], [-3.103647, 43.343465, 12.0], [-3.103821, 43.34365, 11.0], [-3.104063, 43.343869, 11.0], [-3.104182, 43.343961, 10.1], [-3.104318, 43.344057, 10.0], [-3.104633, 43.344271, 9.7], [-3.104794, 43.344373, 9.0], [-3.104958, 43.344452, 9.0], [-3.105105, 43.344507, 9.3], [-3.105273, 43.344565, 9.0], [-3.105691, 43.344686, 8.1], [-3.106013, 43.344772, 8.2], [-3.106413, 43.344884, 8.0], [-3.106762, 43.344978, 7.9], [-3.107106, 43.345076, 7.0], [-3.10753, 43.345191, 6.1], [-3.107759, 43.345242, 6.0], [-3.107866, 43.345261, 5.5], [-3.107974, 43.345273, 5.1], [-3.108106, 43.345276, 5.1], [-3.108227, 43.345272, 5.0], [-3.108319, 43.345263, 5.0], [-3.108401, 43.345253, 4.0], [-3.108544, 43.345248, 4.0], [-3.108701, 43.345247, 4.0], [-3.1089, 43.345256, 4.0], [-3.10908, 43.345279, 4.0], [-3.109234, 43.345308, 4.0], [-3.109386, 43.345342, 4.0], [-3.109827, 43.345492, 4.0], [-3.110024, 43.345567, 4.0], [-3.11023, 43.345645, 4.8], [-3.110472, 43.345735, 8.8], [-3.110642, 43.345786, 5.4], [-3.110965, 43.34587, 5.7], [-3.11104, 43.345894, 5.4], [-3.111112, 43.345922, 5.7], [-3.11116, 43.345943, 5.6], [-3.111205, 43.345969, 5.8], [-3.111244, 43.345999, 5.3], [-3.111279, 43.346032, 5.3], [-3.111308, 43.346067, 4.7], [-3.111333, 43.346113, 4.3], [-3.111351, 43.34616, 5.0], [-3.111362, 43.346209, 5.0], [-3.111365, 43.346259, 5.0], [-3.111391, 43.346548, 5.0], [-3.111408, 43.346848, 5.0], [-3.111411, 43.346942, 5.0], [-3.111408, 43.347004, 5.0], [-3.111396, 43.347066, 5.0], [-3.111371, 43.347165, 5.0], [-3.111341, 43.347246, 4.3], [-3.11133, 43.347287, 4.0], [-3.111326, 43.347329, 4.0], [-3.11133, 43.34737, 4.0], [-3.11134, 43.347411, 4.0], [-3.111357, 43.347451, 4.0], [-3.111382, 43.347519, 4.1], [-3.111412, 43.347585, 5.0], [-3.111447, 43.34765, 5.0], [-3.11151, 43.347746, 5.0], [-3.111581, 43.34784, 5.0], [-3.11171, 43.347994, 5.0], [-3.111748, 43.348041, 5.0], [-3.111781, 43.34809, 5.0], [-3.111809, 43.348141, 5.0], [-3.111852, 43.348187, 5.5], [-3.111899, 43.348231, 5.6], [-3.111952, 43.348272, 6.0], [-3.111992, 43.348312, 6.0], [-3.112028, 43.348354, 6.0], [-3.11206, 43.348397, 6.4], [-3.112136, 43.348573, 7.0], [-3.112205, 43.34875, 8.0], [-3.112207, 43.348757, 8.0], [-3.11221, 43.348764, 8.0], [-3.112215, 43.348771, 8.0], [-3.112221, 43.348777, 8.0], [-3.112229, 43.348782, 8.0], [-3.112238, 43.348787, 8.0], [-3.112247, 43.34879, 8.0], [-3.112258, 43.348791, 8.0], [-3.112268, 43.348792, 8.0], [-3.112278, 43.348791, 8.0], [-3.112289, 43.348789, 8.1], [-3.112346, 43.348744, 8.1], [-3.112399, 43.348695, 8.1], [-3.112409, 43.348693, 8.0], [-3.112419, 43.348691, 8.1], [-3.112429, 43.348691, 8.1], [-3.112439, 43.348692, 8.1], [-3.112449, 43.348695, 8.1], [-3.112458, 43.348698, 8.1], [-3.112499, 43.348723, 8.0], [-3.112545, 43.348741, 8.0], [-3.112556, 43.348745, 8.0], [-3.112567, 43.348747, 8.0], [-3.112578, 43.348748, 8.0], [-3.11259, 43.348748, 8.0], [-3.112601, 43.348746, 8.0], [-3.112612, 43.348743, 8.0], [-3.112622, 43.348738, 8.0], [-3.112631, 43.348733, 8.0], [-3.112639, 43.348727, 8.0], [-3.112645, 43.348719, 8.0], [-3.112649, 43.348712, 8.0], [-3.11282, 43.34853, 7.0], [-3.113436, 43.347899, 6.0], [-3.113957, 43.347353, 5.2], [-3.114062, 43.347252, 5.9], [-3.114078, 43.347241, 6.0], [-3.114104, 43.347232, 6.0], [-3.114141, 43.347219, 6.0], [-3.114177, 43.347209, 6.0], [-3.114192, 43.347208, 6.0], [-3.114227, 43.347208, 6.0], [-3.114269, 43.34721, 6.0], [-3.114388, 43.347228, 5.8], [-3.114788, 43.347071, 6.0], [-3.11488, 43.347037, 6.0], [-3.11496, 43.347035, 6.5], [-3.115027, 43.347034, 7.0], [-3.115126, 43.347032, 7.0], [-3.11514, 43.347033, 7.0], [-3.115305, 43.347058, 7.0], [-3.115336, 43.347062, 7.0], [-3.115454, 43.347064, 7.0], [-3.115563, 43.347069, 7.1], [-3.115722, 43.347076, 7.0], [-3.115855, 43.347079, 8.0], [-3.115971, 43.347075, 8.0], [-3.116096, 43.347066, 8.0], [-3.11621, 43.347052, 8.0], [-3.116238, 43.347046, 8.0], [-3.116381, 43.347015, 8.7], [-3.116407, 43.346986, 9.0], [-3.116453, 43.34695, 8.7], [-3.11649, 43.34694, 9.0], [-3.116572, 43.34691, 9.0], [-3.116669, 43.346872, 8.2], [-3.1167, 43.346862, 8.7], [-3.116736, 43.346859, 8.8], [-3.116842, 43.346861, 8.8], [-3.116937, 43.346865, 8.0], [-3.11705, 43.346853, 8.0], [-3.117236, 43.346836, 8.0], [-3.117296, 43.346828, 8.2], [-3.117338, 43.346828, 8.5], [-3.117444, 43.346843, 8.1], [-3.117595, 43.346851, 8.0], [-3.117714, 43.346851, 8.0], [-3.117752, 43.346855, 8.1], [-3.117803, 43.346874, 8.5], [-3.117876, 43.34691, 8.0], [-3.1179, 43.34691, 8.0], [-3.117989, 43.346897, 8.0], [-3.118032, 43.346891, 7.5], [-3.118061, 43.346891, 6.6], [-3.118086, 43.3469, 6.1], [-3.118228, 43.346953, 4.9], [-3.118271, 43.346959, 4.6], [-3.118418, 43.346969, 4.0], [-3.118868, 43.346939, 4.0], [-3.120009, 43.346821, 4.6], [-3.120694, 43.346777, 2.0], [-3.12163, 43.346723, 1.0], [-3.121667, 43.346721, 1.0], [-3.121676, 43.346721, 1.0], [-3.121766, 43.346715, 2.5], [-3.121822, 43.34671, 3.7], [-3.121871, 43.346704, 4.5], [-3.121934, 43.346693, 4.5], [-3.122143, 43.346654, 4.3], [-3.122174, 43.346661, 4.1], [-3.122227, 43.346723, 4.0], [-3.122435, 43.346933, 5.0], [-3.122646, 43.347035, 5.2], [-3.122724, 43.347411, 15.8], [-3.122615, 43.347655, 24.4], [-3.122631, 43.3479, 33.7], [-3.122557, 43.348004, 34.8], [-3.1225, 43.348006, 34.9], [-3.122408, 43.347965, 34.0], [-3.122368, 43.347927, 34.5], [-3.122311, 43.347906, 34.3], [-3.122236, 43.347929, 35.3], [-3.122188, 43.347994, 35.5], [-3.122138, 43.348092, 35.4], [-3.122073, 43.3482, 34.6], [-3.121963, 43.348376, 32.0], [-3.121961, 43.348441, 33.1], [-3.122008, 43.348571, 34.5], [-3.122096, 43.348703, 33.4], [-3.122217, 43.348816, 30.4], [-3.122407, 43.348956, 35.1], [-3.12246, 43.349003, 35.4], [-3.122556, 43.349114, 35.7], [-3.122686, 43.349271, 35.5], [-3.122819, 43.349409, 35.0], [-3.123007, 43.349573, 35.3], [-3.123122, 43.34968, 35.2], [-3.123336, 43.349904, 34.8], [-3.123454, 43.350022, 35.0], [-3.123586, 43.350123, 34.8], [-3.123725, 43.350219, 35.0], [-3.12388, 43.350365, 34.0], [-3.124013, 43.350503, 35.0], [-3.124089, 43.350577, 34.9], [-3.124234, 43.350681, 34.6], [-3.124318, 43.350739, 20.7], [-3.124566, 43.350906, 31.9], [-3.124656, 43.350941, 36.0], [-3.124765, 43.351012, 38.7], [-3.124886, 43.35109, 39.5], [-3.125021, 43.351167, 41.4], [-3.125102, 43.351254, 42.8], [-3.125194, 43.351313, 44.2], [-3.125403, 43.351467, 48.0], [-3.125567, 43.351627, 50.4], [-3.125789, 43.351822, 51.3], [-3.125925, 43.351923, 51.2], [-3.126047, 43.35199, 51.0], [-3.126093, 43.352015, 51.0], [-3.126127, 43.352034, 50.7], [-3.126165, 43.352056, 50.2], [-3.126203, 43.35208, 49.8], [-3.126234, 43.352101, 49.2], [-3.126264, 43.35212, 49.4], [-3.126302, 43.352147, 49.2], [-3.126373, 43.352174, 48.7], [-3.126452, 43.352201, 48.0], [-3.126514, 43.352232, 47.3], [-3.126556, 43.352288, 46.1], [-3.126598, 43.352357, 45.0], [-3.126654, 43.352457, 43.3], [-3.12667, 43.35249, 42.6], [-3.126686, 43.35251, 42.1], [-3.126699, 43.352529, 41.8], [-3.126732, 43.352573, 41.0], [-3.126763, 43.352598, 41.0], [-3.126799, 43.35262, 40.7], [-3.126838, 43.352638, 40.3], [-3.126881, 43.352652, 40.0], [-3.126949, 43.352666, 40.0], [-3.127018, 43.352674, 40.0], [-3.127124, 43.352681, 40.2], [-3.127264, 43.352692, 40.0], [-3.127489, 43.352699, 39.9], [-3.127758, 43.352698, 39.0], [-3.127971, 43.352705, 39.0], [-3.128232, 43.352729, 38.6], [-3.12846, 43.352753, 38.0], [-3.128818, 43.352784, 38.0], [-3.129019, 43.3528, 38.2], [-3.1292, 43.352813, 39.0], [-3.129258, 43.352813, 39.0], [-3.129472, 43.352816, 39.1], [-3.129605, 43.352819, 38.8], [-3.129746, 43.352818, 38.8], [-3.129816, 43.352822, 38.3], [-3.129856, 43.352821, 38.3], [-3.129923, 43.352808, 38.5], [-3.13012, 43.352756, 38.0], [-3.130205, 43.352719, 38.2], [-3.130262, 43.35269, 38.0], [-3.130316, 43.352658, 38.0], [-3.130366, 43.352623, 38.0], [-3.130372, 43.352619, 38.0], [-3.130507, 43.352512, 37.7], [-3.130555, 43.352479, 37.6], [-3.130615, 43.352439, 38.1], [-3.130643, 43.352426, 38.2], [-3.130667, 43.352413, 38.5], [-3.130694, 43.352399, 38.6], [-3.130716, 43.352392, 38.6], [-3.130741, 43.352384, 38.6], [-3.130765, 43.352376, 39.0], [-3.130788, 43.35237, 39.4], [-3.130812, 43.352364, 39.6], [-3.131007, 43.352319, 39.5], [-3.131194, 43.352263, 39.3], [-3.131344, 43.352223, 39.0], [-3.13141, 43.352209, 39.1], [-3.131456, 43.352209, 38.6], [-3.131506, 43.352212, 38.7], [-3.131554, 43.352217, 39.3], [-3.131606, 43.352225, 39.4], [-3.131651, 43.352231, 39.9], [-3.131696, 43.352242, 38.9], [-3.131756, 43.352251, 39.3], [-3.131822, 43.35226, 39.9], [-3.131884, 43.35226, 39.4], [-3.131952, 43.352257, 38.7], [-3.132029, 43.352252, 38.7], [-3.132203, 43.352238, 39.1], [-3.132344, 43.352222, 39.3], [-3.132386, 43.352206, 39.2], [-3.13243, 43.352187, 39.8], [-3.132489, 43.352163, 40.3], [-3.132531, 43.352144, 40.4], [-3.13269, 43.352071, 40.8], [-3.132733, 43.352054, 40.2], [-3.132778, 43.352036, 40.0], [-3.132815, 43.352023, 40.0], [-3.13286, 43.352011, 39.6], [-3.132891, 43.351999, 39.4], [-3.132924, 43.351993, 39.4], [-3.132957, 43.351987, 39.6], [-3.132989, 43.351983, 39.5], [-3.1331, 43.351975, 39.5], [-3.133239, 43.351975, 39.7], [-3.133415, 43.35198, 40.4], [-3.133605, 43.351981, 40.5], [-3.133706, 43.351976, 39.6], [-3.133818, 43.351967, 40.0], [-3.133927, 43.351958, 40.4], [-3.134009, 43.351949, 39.8], [-3.134208, 43.351926, 40.0], [-3.134367, 43.351911, 40.5], [-3.134614, 43.351886, 40.8], [-3.134804, 43.351862, 41.3], [-3.135022, 43.351837, 41.0], [-3.135258, 43.351806, 41.4], [-3.135414, 43.351784, 41.1], [-3.135551, 43.351767, 41.8], [-3.135693, 43.351752, 41.6], [-3.135882, 43.351737, 41.1], [-3.13606, 43.351749, 41.6], [-3.136251, 43.351771, 42.8], [-3.136578, 43.351787, 42.0], [-3.137022, 43.351813, 43.3], [-3.137304, 43.351828, 43.0], [-3.137511, 43.351832, 42.9], [-3.137612, 43.351831, 43.0], [-3.137678, 43.351823, 43.3], [-3.137849, 43.351801, 43.4], [-3.138047, 43.351773, 43.4], [-3.138222, 43.351753, 44.0], [-3.138313, 43.351741, 43.9], [-3.138457, 43.351722, 43.3], [-3.138589, 43.351703, 43.8], [-3.138685, 43.351694, 44.0], [-3.138785, 43.351685, 44.4], [-3.138953, 43.351672, 44.7], [-3.139065, 43.35165, 44.0], [-3.139131, 43.351639, 44.4], [-3.139222, 43.351613, 44.6], [-3.139275, 43.351596, 44.2], [-3.139327, 43.351575, 44.4], [-3.13939, 43.351543, 44.4], [-3.139463, 43.351495, 45.0], [-3.139504, 43.351462, 44.9], [-3.139555, 43.351416, 45.1], [-3.139621, 43.351367, 45.0], [-3.139726, 43.351283, 45.3], [-3.139831, 43.351221, 44.7], [-3.139901, 43.351194, 45.0], [-3.140013, 43.351154, 45.0], [-3.140084, 43.351139, 45.4], [-3.140176, 43.351124, 46.1], [-3.140284, 43.351109, 45.1], [-3.140377, 43.351102, 45.1], [-3.140502, 43.351092, 45.5], [-3.140723, 43.351084, 45.5], [-3.140857, 43.351087, 45.8], [-3.141059, 43.351104, 46.0], [-3.14123, 43.351117, 46.7], [-3.141507, 43.351143, 46.1], [-3.141714, 43.351173, 47.2], [-3.14184, 43.351189, 47.4], [-3.141891, 43.351194, 46.9], [-3.141963, 43.351194, 47.0], [-3.142034, 43.351189, 47.4], [-3.142104, 43.351179, 48.8], [-3.142156, 43.351169, 49.0], [-3.142312, 43.351094, 48.3], [-3.142422, 43.35101, 48.0], [-3.142523, 43.35092, 48.0], [-3.14264, 43.350804, 48.0], [-3.142811, 43.350631, 48.4], [-3.142993, 43.35044, 49.0], [-3.143122, 43.350336, 49.0], [-3.143184, 43.350289, 49.0], [-3.143264, 43.350231, 49.0], [-3.143354, 43.35017, 49.6], [-3.143463, 43.350107, 50.0], [-3.143634, 43.350025, 49.9], [-3.143755, 43.349974, 50.0], [-3.143889, 43.349926, 50.0], [-3.144005, 43.349886, 50.1], [-3.144079, 43.349841, 51.0], [-3.144153, 43.349778, 51.3], [-3.144217, 43.349713, 51.1], [-3.144264, 43.349639, 51.5], [-3.1443, 43.349564, 51.1], [-3.144325, 43.349498, 51.0], [-3.144335, 43.349436, 51.0], [-3.144332, 43.349311, 51.0], [-3.144318, 43.349218, 50.8], [-3.144294, 43.34911, 52.0], [-3.144265, 43.348997, 51.9], [-3.144246, 43.348895, 52.0], [-3.144227, 43.348829, 52.0], [-3.144186, 43.348695, 51.9], [-3.14416, 43.348586, 52.0], [-3.144099, 43.34846, 52.1], [-3.14405, 43.34837, 52.1], [-3.143999, 43.348284, 52.9], [-3.143938, 43.348177, 53.0], [-3.143898, 43.348105, 53.0], [-3.143883, 43.348065, 53.0], [-3.143876, 43.348023, 53.0], [-3.143878, 43.34798, 53.0], [-3.14389, 43.347939, 53.0], [-3.14391, 43.347899, 53.1], [-3.143938, 43.347862, 53.9], [-3.144002, 43.347856, 54.0], [-3.144065, 43.34784, 54.0], [-3.144337, 43.347679, 55.0], [-3.144493, 43.347594, 56.1], [-3.144518, 43.347612, 56.2], [-3.14452, 43.347613, 56.2], [-3.144562, 43.347647, 56.3], [-3.144583, 43.347667, 56.6], [-3.144771, 43.347827, 56.4], [-3.144892, 43.347932, 56.2], [-3.145074, 43.348068, 56.2], [-3.145198, 43.348147, 56.0], [-3.145256, 43.348177, 55.4], [-3.145347, 43.348212, 55.1], [-3.14543, 43.348242, 55.1], [-3.145492, 43.34826, 55.0], [-3.145547, 43.348274, 54.9], [-3.145603, 43.348292, 54.3], [-3.145657, 43.348308, 54.0], [-3.145692, 43.348325, 54.3], [-3.145723, 43.34835, 54.2], [-3.145745, 43.348385, 53.8], [-3.145754, 43.348408, 53.4], [-3.145761, 43.34842, 53.3], [-3.145808, 43.348563, 53.1], [-3.145869, 43.348654, 52.7], [-3.145907, 43.348699, 52.0], [-3.145934, 43.348757, 52.0], [-3.145952, 43.348799, 52.2], [-3.145972, 43.348839, 52.1], [-3.146, 43.348875, 52.2], [-3.146026, 43.348904, 52.0], [-3.146062, 43.348934, 52.0], [-3.146098, 43.348953, 51.5], [-3.146137, 43.34897, 51.1], [-3.146182, 43.348986, 51.0], [-3.146234, 43.349002, 50.7], [-3.146284, 43.349016, 49.9], [-3.146359, 43.349029, 49.0], [-3.146495, 43.349048, 49.0], [-3.146682, 43.349067, 48.5], [-3.146757, 43.349084, 48.0], [-3.146809, 43.349096, 48.0], [-3.146853, 43.349115, 48.0], [-3.146889, 43.349129, 48.0], [-3.146916, 43.349152, 48.0], [-3.146938, 43.349175, 48.0], [-3.146963, 43.349203, 48.0], [-3.146983, 43.349229, 48.0], [-3.146999, 43.349253, 48.0], [-3.147018, 43.349279, 48.0], [-3.147053, 43.349327, 48.0], [-3.147144, 43.349466, 48.0], [-3.147215, 43.34957, 48.0], [-3.1473, 43.349685, 48.0], [-3.147345, 43.349747, 48.0], [-3.147385, 43.349793, 47.9], [-3.14743, 43.349828, 47.7], [-3.147475, 43.349858, 47.8], [-3.147525, 43.34988, 47.2], [-3.147579, 43.349892, 47.6], [-3.147652, 43.349913, 47.0], [-3.147717, 43.349927, 47.0], [-3.14779, 43.349941, 47.0], [-3.147915, 43.34996, 47.0], [-3.148014, 43.350002, 47.0], [-3.148068, 43.350031, 47.0], [-3.148137, 43.350075, 47.1], [-3.148196, 43.350112, 47.1], [-3.148271, 43.350163, 47.2], [-3.148293, 43.35018, 47.2], [-3.14856, 43.350358, 47.0], [-3.148785, 43.350516, 47.6], [-3.149051, 43.350706, 47.0], [-3.149375, 43.350923, 46.5], [-3.149507, 43.351004, 46.3], [-3.149655, 43.351081, 46.2], [-3.149939, 43.351234, 46.2], [-3.150277, 43.351398, 46.2], [-3.15044, 43.351478, 46.4], [-3.15052, 43.351512, 46.4], [-3.150617, 43.351545, 46.2], [-3.150681, 43.351558, 46.6], [-3.150756, 43.351568, 46.4], [-3.150823, 43.351571, 46.3], [-3.150891, 43.35157, 46.1], [-3.150951, 43.351561, 46.0], [-3.151024, 43.351551, 46.0], [-3.151093, 43.351537, 46.1], [-3.151161, 43.351519, 46.0], [-3.151226, 43.351495, 46.0], [-3.151287, 43.351469, 45.9], [-3.151348, 43.351437, 45.9], [-3.151395, 43.3514, 46.0], [-3.151625, 43.351172, 46.1], [-3.151747, 43.351033, 46.1], [-3.151862, 43.350913, 45.9], [-3.151941, 43.350832, 46.0], [-3.152026, 43.350798, 45.9], [-3.152092, 43.35073, 46.0], [-3.152365, 43.350627, 46.1], [-3.152831, 43.350637, 46.0], [-3.153971, 43.350723, 46.0], [-3.154733, 43.350595, 45.8], [-3.155021, 43.35064, 46.6], [-3.155285, 43.350766, 47.1], [-3.15559, 43.351236, 46.8], [-3.156158, 43.351929, 46.0], [-3.156525, 43.352078, 46.0], [-3.157161, 43.352243, 46.2], [-3.157367, 43.352242, 47.5], [-3.158301, 43.352006, 46.3], [-3.159007, 43.351808, 45.8], [-3.159239, 43.351703, 46.5], [-3.15955, 43.351697, 46.2], [-3.15973, 43.351626, 45.0], [-3.159844, 43.351464, 45.1], [-3.159821, 43.351297, 45.0], [-3.159866, 43.351097, 45.4], [-3.160033, 43.350968, 45.0], [-3.16031, 43.350882, 45.2], [-3.161051, 43.350553, 42.8], [-3.161373, 43.350478, 43.3], [-3.161817, 43.350484, 42.4], [-3.162455, 43.350607, 42.1], [-3.163487, 43.351029, 41.0], [-3.163981, 43.351185, 41.4], [-3.164492, 43.351736, 41.6], [-3.165172, 43.352488, 41.7], [-3.165393, 43.352629, 42.1], [-3.1656, 43.352663, 42.6], [-3.166059, 43.352711, 41.5], [-3.166261, 43.352821, 41.2], [-3.166591, 43.353125, 41.4], [-3.166808, 43.353262, 41.0], [-3.167108, 43.353145, 41.6], [-3.167489, 43.352908, 39.3], [-3.167738, 43.352796, 38.6], [-3.167916, 43.352846, 38.0], [-3.167942, 43.35291, 37.0], [-3.168145, 43.352989, 35.8], [-3.168477, 43.35294, 34.1], [-3.168641, 43.35275, 33.6], [-3.168558, 43.35253, 35.0], [-3.168109, 43.351903, 35.6], [-3.167641, 43.351125, 32.8], [-3.167229, 43.350652, 31.3], [-3.166864, 43.350147, 29.3], [-3.166851, 43.350203, 30.0], [-3.167721, 43.350506, 21.0], [-3.168121, 43.350369, 20.5], [-3.168762, 43.350485, 19.9], [-3.169083, 43.350718, 20.0], [-3.169752, 43.351166, 24.8], [-3.169884, 43.350678, 34.0], [-3.170364, 43.350502, 31.8], [-3.170951, 43.350365, 29.5], [-3.171859, 43.350403, 26.0], [-3.17234, 43.350324, 21.6], [-3.172579, 43.349856, 22.3], [-3.172845, 43.349446, 27.6], [-3.17231, 43.349135, 24.6], [-3.172388, 43.348434, 35.4], [-3.172653, 43.347965, 34.8], [-3.172839, 43.347576, 38.3], [-3.173318, 43.347088, 42.8], [-3.173825, 43.346697, 40.0], [-3.174277, 43.346112, 40.2], [-3.174569, 43.34541, 42.2], [-3.174246, 43.344767, 41.0], [-3.174593, 43.344494, 42.0], [-3.174511, 43.343929, 42.0], [-3.174778, 43.343773, 43.0], [-3.174856, 43.343285, 43.7], [-3.174214, 43.342819, 45.0], [-3.173653, 43.342586, 47.9], [-3.172744, 43.342412, 56.0], [-3.17213, 43.342159, 62.0], [-3.171514, 43.341693, 70.0], [-3.171193, 43.34142, 74.7], [-3.171193, 43.341009, 72.7], [-3.171004, 43.340735, 72.8], [-3.170843, 43.340213, 72.8], [-3.170574, 43.339763, 74.7], [-3.17044, 43.339395, 72.9], [-3.170545, 43.33883, 68.0], [-3.170758, 43.338439, 63.0], [-3.171237, 43.33803, 58.0], [-3.171594, 43.337841, 57.1], [-3.171716, 43.337483, 58.6], [-3.1715, 43.336743, 66.4], [-3.171437, 43.336482, 68.0], [-3.171026, 43.336296, 71.9], [-3.170837, 43.336034, 77.5], [-3.170238, 43.335723, 80.0], [-3.169948, 43.335284, 84.5], [-3.169929, 43.334888, 92.0], [-3.17027, 43.334887, 96.7], [-3.170409, 43.335486, 94.8], [-3.17087, 43.335585, 96.5], [-3.171349, 43.335534, 98.9], [-3.171638, 43.335334, 102.4], [-3.171775, 43.33511, 105.4], [-3.171757, 43.334823, 109.8], [-3.171363, 43.334574, 113.4], [-3.170832, 43.334051, 118.2], [-3.171053, 43.333589, 117.7], [-3.171292, 43.333589, 118.0], [-3.171805, 43.333738, 120.5], [-3.172266, 43.333838, 126.0], [-3.172814, 43.334148, 130.5], [-3.173282, 43.334402, 136.2], [-3.17379, 43.334401, 138.0], [-3.174243, 43.334225, 141.8], [-3.174349, 43.333874, 147.8], [-3.174027, 43.333971, 152.2], [-3.173702, 43.334084, 150.0], [-3.173361, 43.334085, 152.0], [-3.173155, 43.333873, 155.3], [-3.172915, 43.333574, 157.0], [-3.172777, 43.3332, 164.1], [-3.172383, 43.332727, 166.0], [-3.171988, 43.332104, 173.6], [-3.171679, 43.33163, 178.0], [-3.171405, 43.331419, 181.3], [-3.171114, 43.331257, 183.9], [-3.170602, 43.33127, 188.1], [-3.170363, 43.331158, 190.0], [-3.170806, 43.331095, 193.7], [-3.171182, 43.330933, 200.8], [-3.171712, 43.331094, 201.1], [-3.171951, 43.331056, 203.0], [-3.17255, 43.331367, 204.8], [-3.172892, 43.331691, 206.6], [-3.173371, 43.331802, 210.0], [-3.173644, 43.331652, 211.0], [-3.17407, 43.331178, 214.4], [-3.174324, 43.330479, 219.0], [-3.174713, 43.329032, 230.1], [-3.174283, 43.327947, 240.4], [-3.174077, 43.327648, 243.4], [-3.17411, 43.327212, 246.6], [-3.174108, 43.326601, 252.2], [-3.173885, 43.326152, 250.0], [-3.173798, 43.325915, 247.6], [-3.174156, 43.325466, 243.6], [-3.174445, 43.324942, 238.6], [-3.174615, 43.324667, 235.8], [-3.174972, 43.324143, 232.3], [-3.175653, 43.323406, 225.7], [-3.176113, 43.322856, 223.0], [-3.176659, 43.322643, 220.3], [-3.176896, 43.322514, 222.7], [-3.177307, 43.322513, 218.4], [-3.177674, 43.322538, 214.2], [-3.177927, 43.322589, 209.3], [-3.178232, 43.322598, 208.0], [-3.178478, 43.322633, 205.0], [-3.178748, 43.32262, 200.3], [-3.179299, 43.322548, 195.5], [-3.179508, 43.322504, 194.0], [-3.179699, 43.322464, 192.0], [-3.180183, 43.322457, 189.0], [-3.18046, 43.322496, 186.7], [-3.180707, 43.322425, 185.4], [-3.180673, 43.322277, 184.8], [-3.180616, 43.32216, 183.0], [-3.180378, 43.321879, 179.1], [-3.18009, 43.321624, 177.1], [-3.179669, 43.321298, 173.7], [-3.179676, 43.32117, 172.3], [-3.179935, 43.321272, 170.1], [-3.18011, 43.321348, 168.5], [-3.180454, 43.321593, 167.0], [-3.181147, 43.321847, 161.2], [-3.181553, 43.32199, 157.9], [-3.181841, 43.322102, 155.3], [-3.182072, 43.32226, 154.0], [-3.182261, 43.322382, 151.6], [-3.182423, 43.322535, 149.8], [-3.182486, 43.322612, 149.7], [-3.182535, 43.322775, 148.9], [-3.182466, 43.322887, 147.3], [-3.182284, 43.322944, 146.1], [-3.181969, 43.323026, 144.4], [-3.181928, 43.323123, 142.0], [-3.182215, 43.323271, 140.2], [-3.182558, 43.323372, 137.9], [-3.18309, 43.323617, 132.0], [-3.183336, 43.323805, 132.4], [-3.183596, 43.32402, 130.6], [-3.183743, 43.324142, 129.2], [-3.183757, 43.324152, 128.8], [-3.184051, 43.324213, 122.1], [-3.184405, 43.324186, 117.7], [-3.184468, 43.324645, 110.5], [-3.184462, 43.325595, 121.4], [-3.184551, 43.326054, 133.9], [-3.184753, 43.326513, 139.9], [-3.185104, 43.326921, 132.5], [-3.185691, 43.327469, 133.5], [-3.186269, 43.327838, 122.6], [-3.187363, 43.328659, 104.9], [-3.18795, 43.329072, 106.9], [-3.188572, 43.329562, 101.6], [-3.189788, 43.330505, 90.5], [-3.190622, 43.331062, 100.1], [-3.192156, 43.332007, 105.3], [-3.194323, 43.333219, 89.9], [-3.195326, 43.334626, 88.0], [-3.19826, 43.336006, 85.5], [-3.200194, 43.336902, 75.2], [-3.202396, 43.338526, 69.5], [-3.203667, 43.3402, 62.3], [-3.204071, 43.341657, 60.9], [-3.203908, 43.342581, 65.0], [-3.204677, 43.343576, 56.2], [-3.205312, 43.344303, 51.6], [-3.205947, 43.345007, 46.6], [-3.206448, 43.345541, 44.2], [-3.207316, 43.346219, 45.9], [-3.208047, 43.345951, 51.4], [-3.208915, 43.346411, 57.5], [-3.209481, 43.346458, 68.0], [-3.21008, 43.346384, 77.0], [-3.210915, 43.347136, 80.0], [-3.211415, 43.347524, 80.0], [-3.212082, 43.347839, 77.0], [-3.212816, 43.348031, 71.4], [-3.213684, 43.348856, 65.6], [-3.21442, 43.349875, 59.0], [-3.215354, 43.350286, 53.2], [-3.216488, 43.350843, 47.0], [-3.217055, 43.351207, 44.0], [-3.217755, 43.351302, 41.0], [-3.218357, 43.3522, 39.8], [-3.219191, 43.352733, 37.0], [-3.220057, 43.352634, 33.3], [-3.22059, 43.352731, 32.0], [-3.22159, 43.353142, 30.1], [-3.222926, 43.354159, 30.0], [-3.224058, 43.354255, 28.0], [-3.224824, 43.354277, 27.0], [-3.225757, 43.354421, 27.0], [-3.226491, 43.354857, 30.0], [-3.227957, 43.355097, 43.0], [-3.228724, 43.35529, 46.0], [-3.229293, 43.356164, 43.0], [-3.229595, 43.35677, 37.1], [-3.229897, 43.357256, 34.1], [-3.229597, 43.357354, 33.0], [-3.229131, 43.357403, 31.8], [-3.228033, 43.357575, 29.0], [-3.227533, 43.357333, 26.6], [-3.226568, 43.357481, 23.7], [-3.225769, 43.357677, 24.0], [-3.224736, 43.357436, 29.9], [-3.224137, 43.357462, 31.6], [-3.222772, 43.357659, 42.3], [-3.22384, 43.358143, 43.0], [-3.224908, 43.358797, 42.0], [-3.225943, 43.359572, 40.0], [-3.227044, 43.360202, 36.3], [-3.227646, 43.360929, 36.0], [-3.227483, 43.361804, 36.6], [-3.227285, 43.362193, 33.1], [-3.226987, 43.362656, 26.0], [-3.226288, 43.3629, 30.8], [-3.225257, 43.363145, 36.2], [-3.224126, 43.363682, 40.0], [-3.223328, 43.363999, 42.6], [-3.223464, 43.364631, 24.0], [-3.222765, 43.364802, 19.0], [-3.222133, 43.365071, 14.9], [-3.222069, 43.365605, 10.0], [-3.220537, 43.365827, 9.0], [-3.219206, 43.365951, 9.0], [-3.218175, 43.366317, 9.6], [-3.216679, 43.367146, 11.8], [-3.216647, 43.367608, 9.0], [-3.215951, 43.368557, 7.0], [-3.214987, 43.36902, 5.0], [-3.21466, 43.370673, 9.2], [-3.214266, 43.372205, 13.8], [-3.215174, 43.374657, 13.0], [-3.215644, 43.37592, 12.0], [-3.216048, 43.377085, 10.0], [-3.21672, 43.37859, 8.0], [-3.217024, 43.379732, 6.5], [-3.217558, 43.38029, 6.0], [-3.21806, 43.380775, 6.7], [-3.218529, 43.381406, 7.0], [-3.218831, 43.382061, 6.0], [-3.2189, 43.382741, 5.4], [-3.218635, 43.38313, 5.0], [-3.218268, 43.383058, 5.0], [-3.218095, 43.382986, 5.0], [-3.217959, 43.383235, 5.0], [-3.217756, 43.383634, 5.0], [-3.21745, 43.383908, 5.0], [-3.217027, 43.384029, 5.2], [-3.216883, 43.384178, 7.0]]}}, {"type": "Feature", "properties": {"order": 9, "group": "camino-del-norte-irun-arzua", "source_file": "10a-castro-urdiales-laredo.gpx", "reversed_from_source": false, "point_count": 473, "source": "CNIG/IGN - Rutas de Caminos de Santiago 2020-2026 (datos FEAACS)", "license": "CC-BY 4.0", "attribution": "Obra derivada de Rutas de Caminos de Santiago 2020-2026 CC-BY 4.0 FEAACS"}, "geometry": {"type": "LineString", "coordinates": [[-3.216831, 43.384172, 7.1], [-3.216416, 43.384436, 15.0], [-3.217999, 43.385192, 8.0], [-3.218744, 43.385591, 9.9], [-3.219261, 43.385639, 10.7], [-3.220729, 43.385457, 10.0], [-3.221238, 43.385254, 8.4], [-3.221526, 43.384713, 5.0], [-3.222024, 43.383859, 6.1], [-3.222651, 43.38398, 7.1], [-3.223738, 43.384039, 7.0], [-3.224228, 43.384168, 7.0], [-3.225086, 43.384884, 8.0], [-3.225731, 43.385412, 8.0], [-3.22734, 43.386743, 10.9], [-3.229737, 43.388722, 19.0], [-3.230036, 43.388518, 21.0], [-3.231019, 43.388217, 27.0], [-3.232788, 43.387358, 40.0], [-3.232892, 43.386648, 43.6], [-3.233071, 43.386254, 47.3], [-3.233566, 43.386061, 46.0], [-3.233727, 43.38613, 47.4], [-3.233667, 43.386653, 50.0], [-3.233891, 43.387197, 54.3], [-3.234014, 43.387326, 56.7], [-3.234711, 43.387178, 62.1], [-3.236485, 43.387712, 63.1], [-3.237492, 43.388186, 62.8], [-3.237731, 43.388359, 63.8], [-3.238142, 43.388601, 63.3], [-3.238319, 43.388768, 63.7], [-3.238694, 43.389231, 66.7], [-3.239151, 43.389744, 66.1], [-3.239316, 43.389971, 65.1], [-3.239892, 43.390365, 65.2], [-3.240073, 43.390571, 63.4], [-3.24019, 43.391011, 60.1], [-3.240854, 43.391829, 51.2], [-3.241532, 43.392183, 45.0], [-3.241902, 43.392368, 41.5], [-3.242799, 43.392088, 39.1], [-3.242988, 43.392067, 38.6], [-3.244367, 43.392303, 31.2], [-3.244643, 43.392575, 29.6], [-3.244746, 43.392742, 28.3], [-3.244792, 43.392969, 28.8], [-3.245286, 43.393402, 34.4], [-3.245502, 43.393856, 42.7], [-3.245935, 43.394543, 51.5], [-3.24639, 43.395371, 55.0], [-3.246855, 43.3959, 54.0], [-3.247418, 43.395997, 51.8], [-3.247681, 43.396092, 50.0], [-3.247582, 43.397133, 41.0], [-3.247973, 43.397465, 38.2], [-3.248656, 43.397732, 38.8], [-3.249473, 43.397952, 46.8], [-3.251412, 43.398642, 54.8], [-3.252793, 43.399132, 52.0], [-3.253947, 43.399282, 60.5], [-3.255136, 43.399277, 64.2], [-3.256949, 43.399227, 70.6], [-3.258024, 43.399139, 74.5], [-3.258807, 43.398933, 77.1], [-3.260207, 43.398317, 79.3], [-3.260511, 43.398259, 81.0], [-3.261073, 43.398243, 79.0], [-3.262655, 43.398003, 73.0], [-3.264537, 43.39779, 67.1], [-3.264754, 43.398617, 60.7], [-3.265371, 43.398787, 71.0], [-3.265502, 43.398867, 71.0], [-3.265865, 43.398968, 70.9], [-3.266827, 43.39927, 62.3], [-3.267503, 43.399605, 52.0], [-3.269446, 43.399148, 53.0], [-3.269955, 43.399252, 52.9], [-3.270403, 43.399343, 48.2], [-3.2716, 43.399227, 43.9], [-3.27261, 43.399204, 41.3], [-3.273097, 43.399062, 41.5], [-3.273617, 43.398726, 45.4], [-3.273776, 43.398695, 44.6], [-3.274093, 43.398838, 45.3], [-3.274696, 43.398893, 45.0], [-3.274789, 43.399411, 45.4], [-3.274742, 43.399937, 46.0], [-3.274404, 43.400476, 49.1], [-3.273971, 43.400843, 43.0], [-3.27389, 43.401052, 41.6], [-3.273862, 43.401154, 40.2], [-3.273965, 43.401351, 38.6], [-3.273974, 43.40148, 37.7], [-3.274085, 43.401602, 37.0], [-3.274421, 43.401512, 36.0], [-3.27482, 43.401678, 39.0], [-3.274989, 43.401833, 38.0], [-3.275268, 43.401899, 39.0], [-3.275568, 43.401952, 43.7], [-3.275815, 43.402143, 46.0], [-3.276061, 43.402073, 49.3], [-3.276368, 43.402078, 50.9], [-3.276733, 43.401991, 48.1], [-3.277025, 43.402071, 47.2], [-3.277444, 43.402231, 49.2], [-3.277612, 43.402246, 51.0], [-3.278176, 43.402466, 55.6], [-3.279029, 43.402353, 56.0], [-3.279853, 43.402303, 57.1], [-3.281203, 43.402291, 54.0], [-3.281921, 43.402289, 50.3], [-3.282097, 43.402349, 50.0], [-3.282713, 43.402338, 50.2], [-3.283354, 43.402465, 48.6], [-3.283879, 43.402506, 50.1], [-3.286346, 43.402871, 44.1], [-3.291197, 43.403822, 45.4], [-3.293172, 43.404152, 41.0], [-3.295807, 43.404375, 31.2], [-3.299084, 43.404851, 28.0], [-3.29913, 43.405153, 27.0], [-3.299647, 43.405152, 27.3], [-3.300111, 43.405058, 26.0], [-3.302361, 43.404624, 19.0], [-3.304259, 43.404317, 14.0], [-3.305326, 43.404329, 11.0], [-3.305336, 43.40392, 12.0], [-3.307465, 43.403848, 9.6], [-3.30918, 43.403643, 6.7], [-3.309651, 43.403552, 6.0], [-3.31096, 43.403548, 12.7], [-3.311751, 43.403495, 18.7], [-3.312075, 43.403351, 19.0], [-3.312596, 43.403204, 20.4], [-3.313029, 43.402995, 22.3], [-3.314077, 43.402451, 26.7], [-3.315133, 43.402092, 21.6], [-3.3156, 43.401848, 17.9], [-3.315991, 43.401366, 17.8], [-3.316348, 43.40056, 19.4], [-3.316476, 43.399931, 15.3], [-3.316414, 43.399157, 13.7], [-3.315963, 43.398317, 12.0], [-3.315429, 43.396767, 8.0], [-3.31517, 43.396014, 5.6], [-3.314776, 43.395087, 1.9], [-3.31462, 43.394569, 3.4], [-3.314769, 43.393864, 5.2], [-3.314833, 43.393122, 4.1], [-3.314746, 43.392566, 5.8], [-3.314709, 43.392084, 7.0], [-3.314809, 43.391614, 5.6], [-3.315162, 43.39118, 8.0], [-3.315855, 43.390696, 6.3], [-3.316192, 43.390299, 7.7], [-3.316578, 43.389618, 6.7], [-3.317102, 43.389295, 7.0], [-3.317061, 43.389188, 8.2], [-3.317864, 43.389083, 8.0], [-3.318488, 43.38855, 7.2], [-3.318723, 43.388079, 8.1], [-3.318787, 43.387387, 8.0], [-3.318632, 43.386893, 8.9], [-3.318545, 43.386522, 7.7], [-3.318303, 43.385595, 7.1], [-3.317892, 43.385214, 11.8], [-3.317456, 43.384163, 27.3], [-3.317375, 43.383585, 30.6], [-3.317047, 43.382777, 38.9], [-3.316807, 43.382368, 40.0], [-3.31688, 43.382315, 39.1], [-3.317126, 43.382286, 38.0], [-3.317305, 43.382134, 36.6], [-3.317342, 43.381788, 34.0], [-3.317074, 43.381559, 30.3], [-3.317044, 43.381429, 29.0], [-3.317373, 43.381307, 27.8], [-3.317851, 43.381119, 28.4], [-3.318176, 43.380824, 30.3], [-3.318384, 43.380348, 33.8], [-3.318905, 43.37897, 35.0], [-3.318914, 43.378818, 33.6], [-3.318079, 43.377567, 33.0], [-3.318045, 43.377387, 33.0], [-3.318179, 43.37721, 31.0], [-3.318395, 43.37692, 27.0], [-3.318239, 43.376687, 25.2], [-3.317772, 43.376262, 20.8], [-3.318071, 43.376031, 18.0], [-3.31804, 43.375569, 13.8], [-3.317842, 43.375125, 9.0], [-3.317418, 43.375013, 9.0], [-3.316816, 43.374757, 10.2], [-3.316484, 43.374094, 9.0], [-3.316242, 43.373261, 8.0], [-3.316165, 43.372319, 8.6], [-3.316147, 43.371662, 7.4], [-3.31629, 43.371344, 9.3], [-3.317148, 43.3707, 8.0], [-3.317432, 43.370282, 8.6], [-3.317562, 43.369346, 9.6], [-3.317889, 43.367894, 9.0], [-3.318132, 43.367219, 10.9], [-3.318126, 43.366983, 12.0], [-3.31788, 43.366335, 11.0], [-3.317489, 43.366077, 11.7], [-3.317123, 43.365838, 13.5], [-3.316875, 43.365627, 13.6], [-3.316636, 43.365162, 10.1], [-3.316663, 43.364816, 9.7], [-3.316927, 43.364398, 9.1], [-3.317774, 43.363605, 11.8], [-3.318131, 43.363393, 13.1], [-3.318851, 43.363228, 16.4], [-3.319911, 43.363154, 13.6], [-3.320982, 43.363151, 11.4], [-3.32134, 43.363643, 9.0], [-3.322074, 43.364279, 7.0], [-3.323026, 43.365184, 5.0], [-3.324203, 43.365933, 7.0], [-3.324587, 43.365538, 6.2], [-3.324767, 43.364989, 6.0], [-3.324987, 43.36435, 6.8], [-3.325288, 43.363558, 7.0], [-3.325303, 43.363224, 6.4], [-3.325428, 43.362836, 7.0], [-3.325536, 43.362506, 7.5], [-3.325995, 43.362533, 7.7], [-3.327385, 43.362798, 8.0], [-3.328283, 43.362807, 9.5], [-3.32905, 43.363203, 14.8], [-3.329422, 43.363435, 23.5], [-3.329778, 43.363545, 29.0], [-3.329916, 43.363965, 40.0], [-3.329834, 43.364497, 49.2], [-3.329939, 43.365049, 61.2], [-3.329111, 43.365052, 67.7], [-3.328855, 43.365392, 70.0], [-3.329004, 43.365685, 72.1], [-3.329784, 43.365954, 88.5], [-3.330359, 43.366255, 96.0], [-3.330777, 43.367009, 112.0], [-3.332074, 43.367722, 127.0], [-3.332581, 43.367938, 133.5], [-3.332693, 43.367569, 134.0], [-3.332846, 43.36704, 137.0], [-3.333622, 43.367114, 132.8], [-3.333747, 43.367366, 138.1], [-3.334244, 43.367376, 136.5], [-3.335431, 43.366957, 145.6], [-3.335643, 43.366989, 149.7], [-3.335827, 43.366667, 159.4], [-3.336465, 43.366917, 167.9], [-3.33781, 43.367064, 175.3], [-3.338943, 43.366193, 177.5], [-3.339614, 43.36604, 172.0], [-3.340232, 43.365547, 176.9], [-3.340643, 43.365018, 177.5], [-3.341304, 43.364191, 183.0], [-3.341621, 43.364223, 184.0], [-3.342397, 43.36422, 188.6], [-3.342911, 43.363691, 198.8], [-3.34333, 43.362899, 201.9], [-3.34365, 43.362478, 203.0], [-3.344041, 43.362291, 205.0], [-3.344427, 43.362203, 210.1], [-3.344694, 43.362235, 215.6], [-3.345428, 43.362847, 222.5], [-3.346172, 43.363413, 226.7], [-3.346958, 43.363831, 226.8], [-3.347661, 43.364175, 226.0], [-3.348018, 43.364718, 225.0], [-3.348254, 43.365366, 222.3], [-3.34839, 43.365535, 222.3], [-3.349428, 43.365998, 218.6], [-3.349271, 43.366366, 216.0], [-3.35091, 43.367872, 217.2], [-3.35096, 43.368084, 218.2], [-3.350932, 43.368285, 220.3], [-3.351108, 43.368476, 221.0], [-3.352002, 43.369164, 216.3], [-3.35249, 43.369106, 209.0], [-3.352886, 43.36896, 205.3], [-3.353873, 43.368848, 197.0], [-3.354662, 43.368891, 193.2], [-3.356358, 43.368504, 184.7], [-3.356884, 43.368273, 183.4], [-3.357078, 43.368372, 184.4], [-3.357149, 43.368936, 179.1], [-3.357553, 43.369327, 174.5], [-3.357318, 43.369621, 172.0], [-3.357305, 43.369829, 170.2], [-3.357499, 43.369963, 169.0], [-3.358071, 43.370056, 167.0], [-3.359352, 43.370762, 161.0], [-3.360297, 43.371818, 153.0], [-3.360579, 43.371965, 151.6], [-3.361199, 43.372143, 148.0], [-3.361496, 43.372315, 147.1], [-3.361545, 43.37246, 146.0], [-3.362071, 43.373044, 142.0], [-3.362773, 43.373974, 135.2], [-3.363306, 43.374746, 131.0], [-3.363783, 43.375196, 128.1], [-3.364699, 43.376309, 124.0], [-3.365395, 43.376956, 120.0], [-3.365916, 43.377551, 116.8], [-3.366748, 43.378258, 113.1], [-3.366901, 43.378607, 112.0], [-3.366627, 43.379003, 111.0], [-3.366526, 43.379166, 109.6], [-3.366441, 43.379526, 106.3], [-3.366298, 43.379869, 105.0], [-3.366576, 43.380126, 102.4], [-3.367445, 43.380515, 93.5], [-3.368203, 43.380914, 86.8], [-3.368864, 43.381008, 83.6], [-3.369754, 43.380813, 71.0], [-3.370908, 43.380496, 68.6], [-3.371864, 43.380276, 54.8], [-3.37237, 43.380266, 47.0], [-3.372526, 43.380389, 45.2], [-3.372097, 43.380722, 37.9], [-3.371657, 43.38084, 46.4], [-3.371172, 43.381382, 33.9], [-3.370488, 43.381917, 25.4], [-3.370058, 43.382131, 24.0], [-3.370285, 43.383581, 23.0], [-3.370218, 43.38369, 23.0], [-3.370523, 43.384498, 23.0], [-3.372185, 43.385569, 23.0], [-3.372653, 43.386087, 23.4], [-3.372686, 43.386849, 24.0], [-3.373493, 43.387408, 25.0], [-3.3739, 43.388194, 26.0], [-3.374188, 43.388669, 27.0], [-3.374884, 43.389221, 28.0], [-3.376001, 43.389726, 29.0], [-3.376759, 43.390218, 30.9], [-3.37756, 43.390713, 32.0], [-3.378012, 43.39138, 32.0], [-3.37874, 43.39215, 32.0], [-3.379511, 43.392831, 31.1], [-3.379784, 43.393048, 31.0], [-3.380075, 43.393518, 30.0], [-3.379656, 43.393967, 29.0], [-3.379, 43.394595, 28.0], [-3.379137, 43.395292, 27.0], [-3.378481, 43.395823, 26.7], [-3.377957, 43.396497, 26.0], [-3.377136, 43.396909, 26.0], [-3.376248, 43.397345, 25.0], [-3.374902, 43.398263, 23.0], [-3.37408, 43.398602, 23.3], [-3.373423, 43.399061, 23.0], [-3.372237, 43.399209, 24.0], [-3.371248, 43.399308, 23.0], [-3.370821, 43.399574, 23.0], [-3.370495, 43.400128, 24.0], [-3.369674, 43.400684, 24.0], [-3.369083, 43.401047, 23.2], [-3.368128, 43.401362, 23.0], [-3.367503, 43.401605, 22.1], [-3.366484, 43.402041, 21.0], [-3.365792, 43.402163, 21.0], [-3.364804, 43.402383, 19.0], [-3.364245, 43.402577, 20.0], [-3.364017, 43.403106, 22.0], [-3.364022, 43.403852, 22.0], [-3.363593, 43.403901, 22.0], [-3.363034, 43.404071, 21.0], [-3.363205, 43.405201, 21.0], [-3.362878, 43.405562, 20.0], [-3.362519, 43.406237, 32.2], [-3.363049, 43.406644, 27.9], [-3.363646, 43.407147, 48.4], [-3.364507, 43.407793, 54.0], [-3.365036, 43.408032, 52.2], [-3.365402, 43.40856, 62.2], [-3.3658, 43.408967, 66.3], [-3.366495, 43.409374, 69.4], [-3.367256, 43.409732, 71.0], [-3.368113, 43.409705, 79.0], [-3.368972, 43.409967, 81.7], [-3.369766, 43.410349, 87.3], [-3.370923, 43.410778, 87.9], [-3.371483, 43.4108, 85.0], [-3.372507, 43.411061, 83.0], [-3.372872, 43.411373, 86.4], [-3.373832, 43.411946, 90.0], [-3.375154, 43.412423, 94.3], [-3.375849, 43.412757, 102.3], [-3.377106, 43.413378, 110.1], [-3.3776, 43.413353, 114.1], [-3.378228, 43.413519, 120.0], [-3.378588, 43.413013, 127.8], [-3.379311, 43.412722, 140.1], [-3.380302, 43.412839, 157.5], [-3.381359, 43.413196, 166.3], [-3.381919, 43.413122, 175.3], [-3.381586, 43.412498, 186.8], [-3.381485, 43.412186, 192.3], [-3.382669, 43.411725, 200.9], [-3.38293, 43.411219, 198.8], [-3.382958, 43.410498, 206.4], [-3.382823, 43.409921, 210.0], [-3.382587, 43.409152, 214.8], [-3.38351, 43.409173, 220.0], [-3.384861, 43.408929, 225.8], [-3.385717, 43.408757, 231.0], [-3.386507, 43.408538, 236.8], [-3.387328, 43.407934, 239.3], [-3.38825, 43.407667, 243.0], [-3.388841, 43.40728, 241.2], [-3.389496, 43.406677, 240.1], [-3.390285, 43.406145, 236.5], [-3.391369, 43.405637, 236.0], [-3.39173, 43.405299, 232.7], [-3.391954, 43.404192, 228.6], [-3.392415, 43.404118, 229.0], [-3.392906, 43.403588, 227.0], [-3.394191, 43.403463, 218.0], [-3.395446, 43.403771, 205.1], [-3.396204, 43.403839, 204.6], [-3.397919, 43.403715, 190.9], [-3.398589, 43.403923, 187.7], [-3.39914, 43.404183, 183.7], [-3.399138, 43.40347, 171.1], [-3.39973, 43.403324, 164.0], [-3.400261, 43.403779, 162.6], [-3.400595, 43.404451, 169.3], [-3.401158, 43.404809, 173.6], [-3.401822, 43.405576, 178.9], [-3.401686, 43.406251, 181.2], [-3.401625, 43.406667, 180.4], [-3.401312, 43.407114, 185.3], [-3.400747, 43.407455, 185.8], [-3.400238, 43.407533, 184.0], [-3.399791, 43.407507, 179.4], [-3.399363, 43.407701, 178.9], [-3.399068, 43.40799, 180.7], [-3.398049, 43.408475, 178.5], [-3.397324, 43.408501, 177.7], [-3.396302, 43.408505, 166.4], [-3.395745, 43.409084, 168.9], [-3.395217, 43.409013, 169.0], [-3.394523, 43.408848, 171.1], [-3.393865, 43.409162, 177.8], [-3.393373, 43.409573, 177.5], [-3.393079, 43.409958, 178.0], [-3.392718, 43.410248, 178.2], [-3.392062, 43.410731, 181.2], [-3.391305, 43.41107, 184.0], [-3.39177, 43.41155, 174.7], [-3.392038, 43.412198, 161.0], [-3.393125, 43.412002, 144.4], [-3.394284, 43.412623, 131.5], [-3.394977, 43.412717, 119.8], [-3.396132, 43.412833, 105.8], [-3.398079, 43.413019, 94.1], [-3.39907, 43.413328, 89.5], [-3.399568, 43.413807, 74.9], [-3.401154, 43.414186, 51.6], [-3.402901, 43.414108, 35.9], [-3.405141, 43.413739, 31.2], [-3.407123, 43.414069, 31.0], [-3.407977, 43.413657, 35.2], [-3.408535, 43.413246, 29.0], [-3.410149, 43.412904, 18.0], [-3.410973, 43.412696, 20.2], [-3.41117, 43.413039, 28.7], [-3.411172, 43.413044, 28.8]]}}, {"type": "Feature", "properties": {"order": 10, "group": "camino-del-norte-irun-arzua", "source_file": "11a-laredo-ajo.gpx", "reversed_from_source": false, "point_count": 329, "source": "CNIG/IGN - Rutas de Caminos de Santiago 2020-2026 (datos FEAACS)", "license": "CC-BY 4.0", "attribution": "Obra derivada de Rutas de Caminos de Santiago 2020-2026 CC-BY 4.0 FEAACS"}, "geometry": {"type": "LineString", "coordinates": [[-3.411242, 43.41309, 29.9], [-3.41103, 43.41265, 19.5], [-3.411519, 43.412554, 18.8], [-3.411671, 43.412027, 12.1], [-3.412262, 43.41178, 10.0], [-3.412252, 43.411418, 6.5], [-3.412617, 43.41109, 4.0], [-3.412653, 43.410987, 4.0], [-3.412766, 43.411003, 4.0], [-3.413017, 43.410972, 4.0], [-3.415932, 43.411034, 3.0], [-3.417947, 43.410999, 3.0], [-3.418501, 43.410929, 3.0], [-3.420771, 43.41048, 3.1], [-3.423486, 43.410468, 3.6], [-3.425005, 43.410462, 4.0], [-3.425177, 43.410768, 3.8], [-3.426762, 43.410822, 4.0], [-3.427412, 43.410822, 4.0], [-3.428066, 43.410829, 4.0], [-3.428412, 43.410647, 4.0], [-3.428824, 43.410598, 4.0], [-3.428925, 43.410862, 4.0], [-3.429305, 43.410872, 4.0], [-3.431214, 43.411638, 4.0], [-3.432675, 43.412417, 4.0], [-3.433414, 43.412939, 4.0], [-3.434965, 43.414115, 4.0], [-3.436301, 43.415079, 4.4], [-3.437319, 43.415859, 4.0], [-3.438083, 43.416456, 4.0], [-3.439102, 43.417328, 4.9], [-3.43993, 43.418109, 4.0], [-3.440887, 43.419121, 4.0], [-3.441778, 43.419901, 4.5], [-3.442608, 43.420821, 4.0], [-3.443107, 43.421443, 4.0], [-3.443826, 43.422243, 4.0], [-3.444509, 43.422548, 4.0], [-3.444905, 43.423538, 4.0], [-3.445332, 43.424387, 4.0], [-3.445695, 43.425283, 4.0], [-3.446091, 43.426155, 4.0], [-3.446847, 43.42764, 4.0], [-3.447342, 43.42889, 4.0], [-3.448464, 43.428716, 4.0], [-3.448422, 43.428863, 4.0], [-3.448569, 43.428959, 4.0], [-3.448896, 43.429676, 4.0], [-3.449825, 43.43162, 4.0], [-3.450605, 43.431877, 4.0], [-3.451061, 43.432111, 4.0], [-3.45155, 43.432582, 4.0], [-3.452202, 43.433122, 0.0], [-3.452889, 43.433923, 0.0], [-3.455042, 43.439348, 3.0], [-3.451829, 43.439501, 3.0], [-3.451905, 43.441036, 4.0], [-3.451977, 43.442004, 4.0], [-3.452599, 43.442852, 4.0], [-3.453385, 43.443935, 4.0], [-3.453329, 43.445116, 4.0], [-3.453627, 43.445918, 9.5], [-3.454247, 43.446435, 3.0], [-3.454614, 43.446812, 3.0], [-3.454695, 43.447054, 3.0], [-3.454605, 43.447383, 3.2], [-3.454858, 43.447575, 3.0], [-3.454966, 43.447788, 3.0], [-3.455277, 43.448551, 3.0], [-3.4554, 43.449005, 4.9], [-3.455774, 43.449332, 4.0], [-3.455992, 43.44997, 6.1], [-3.45637, 43.450839, 9.0], [-3.456826, 43.451389, 6.0], [-3.457148, 43.45191, 9.2], [-3.457377, 43.452286, 8.9], [-3.457739, 43.452788, 7.0], [-3.457866, 43.453823, 5.2], [-3.457902, 43.454983, 4.0], [-3.458076, 43.455205, 4.0], [-3.458105, 43.455563, 4.0], [-3.458547, 43.456054, 4.0], [-3.459003, 43.456652, 3.9], [-3.459567, 43.457405, 3.9], [-3.46045, 43.458243, 3.9], [-3.461348, 43.459429, 4.0], [-3.462354, 43.460683, 3.7], [-3.463516, 43.461867, 4.8], [-3.463763, 43.462049, 5.0], [-3.464235, 43.462243, 5.0], [-3.467244, 43.462596, 4.3], [-3.469801, 43.462883, 4.0], [-3.474683, 43.463455, 4.0], [-3.476749, 43.463695, 4.0], [-3.476806, 43.463778, 4.0], [-3.477063, 43.463746, 4.0], [-3.477332, 43.463804, 3.5], [-3.477681, 43.463861, 3.0], [-3.478196, 43.46382, 3.4], [-3.478552, 43.463431, 3.0], [-3.478919, 43.462782, 3.3], [-3.479173, 43.462428, 4.5], [-3.479429, 43.461793, 5.0], [-3.479701, 43.46135, 6.2], [-3.479887, 43.460959, 5.0], [-3.480018, 43.460687, 4.2], [-3.480056, 43.460503, 4.0], [-3.479843, 43.460388, 4.0], [-3.479815, 43.460185, 3.0], [-3.479879, 43.460059, 3.0], [-3.480064, 43.459706, 3.0], [-3.480866, 43.459312, 3.0], [-3.48151, 43.459309, 3.0], [-3.482635, 43.45905, 3.0], [-3.48349, 43.458577, 3.0], [-3.485225, 43.457338, 3.0], [-3.486082, 43.4571, 3.7], [-3.487346, 43.457466, 3.3], [-3.488178, 43.457482, 4.0], [-3.490081, 43.457161, 6.0], [-3.491474, 43.456745, 9.0], [-3.492414, 43.456877, 10.4], [-3.49362, 43.456638, 13.0], [-3.494912, 43.457121, 15.9], [-3.495983, 43.456803, 17.3], [-3.497056, 43.45672, 20.0], [-3.498265, 43.456911, 22.0], [-3.49891, 43.456967, 23.0], [-3.500684, 43.457291, 25.0], [-3.502915, 43.457731, 29.0], [-3.505468, 43.45815, 31.8], [-3.505953, 43.458382, 31.0], [-3.508321, 43.459056, 29.0], [-3.510472, 43.459496, 27.0], [-3.51426, 43.460007, 20.0], [-3.518105, 43.460811, 14.0], [-3.518841, 43.462137, 9.0], [-3.519223, 43.46282, 8.0], [-3.519697, 43.46489, 10.0], [-3.519033, 43.465694, 11.1], [-3.518555, 43.466322, 9.0], [-3.517572, 43.467461, 9.0], [-3.516297, 43.469089, 6.0], [-3.515333, 43.469328, 6.1], [-3.514691, 43.469644, 6.0], [-3.51252, 43.470084, 7.0], [-3.511501, 43.470147, 8.0], [-3.510884, 43.470189, 10.1], [-3.510054, 43.470466, 7.0], [-3.510057, 43.470896, 6.0], [-3.510008, 43.471444, 4.0], [-3.50996, 43.47205, 3.0], [-3.51063, 43.471989, 3.0], [-3.511327, 43.471868, 3.0], [-3.511738, 43.471983, 3.0], [-3.512028, 43.471956, 3.0], [-3.512495, 43.472192, 3.0], [-3.513, 43.472637, 3.0], [-3.513431, 43.473106, 3.0], [-3.513659, 43.473509, 3.0], [-3.513775, 43.473767, 3.0], [-3.513972, 43.473865, 3.0], [-3.51388, 43.473983, 3.0], [-3.514355, 43.474277, 3.0], [-3.515014, 43.474889, 3.5], [-3.515553, 43.475513, 3.9], [-3.516177, 43.475949, 4.0], [-3.516785, 43.476611, 3.0], [-3.51715, 43.477023, 3.0], [-3.517481, 43.477383, 3.0], [-3.517613, 43.477387, 3.0], [-3.517852, 43.477965, 4.0], [-3.51793, 43.478299, 4.0], [-3.517893, 43.478397, 4.4], [-3.517836, 43.478785, 5.0], [-3.517903, 43.479419, 6.0], [-3.51799, 43.479803, 9.1], [-3.518183, 43.479924, 10.6], [-3.519396, 43.480337, 19.0], [-3.519839, 43.480421, 21.4], [-3.520036, 43.480379, 22.2], [-3.520222, 43.4802, 22.2], [-3.520425, 43.479595, 22.0], [-3.520941, 43.479451, 22.0], [-3.521627, 43.479122, 22.0], [-3.522677, 43.478705, 20.0], [-3.523759, 43.478799, 19.0], [-3.524671, 43.478428, 18.0], [-3.524875, 43.478342, 18.0], [-3.525342, 43.478679, 19.0], [-3.525832, 43.478958, 21.8], [-3.52631, 43.479013, 23.0], [-3.526885, 43.479221, 25.0], [-3.527277, 43.479334, 24.4], [-3.527728, 43.479447, 24.7], [-3.528885, 43.479595, 25.0], [-3.529567, 43.479438, 24.0], [-3.529926, 43.479046, 24.0], [-3.530321, 43.478956, 24.0], [-3.532525, 43.479009, 24.1], [-3.533489, 43.478979, 25.1], [-3.535002, 43.478759, 24.0], [-3.536446, 43.478439, 21.3], [-3.538905, 43.478039, 21.2], [-3.539783, 43.478047, 17.0], [-3.540367, 43.477931, 15.4], [-3.541004, 43.477878, 14.0], [-3.541317, 43.478215, 11.0], [-3.541251, 43.478604, 9.0], [-3.541202, 43.478918, 7.5], [-3.541275, 43.479344, 6.0], [-3.541708, 43.479655, 7.0], [-3.542177, 43.480054, 6.0], [-3.542765, 43.480352, 5.0], [-3.543388, 43.480751, 3.0], [-3.543579, 43.480875, 3.0], [-3.54432, 43.480947, 4.9], [-3.544786, 43.481057, 5.0], [-3.544872, 43.481045, 4.9], [-3.545459, 43.481217, 4.0], [-3.545906, 43.481228, 4.0], [-3.546165, 43.481289, 4.0], [-3.546716, 43.481312, 4.0], [-3.547031, 43.481537, 3.4], [-3.548026, 43.48115, 5.0], [-3.549246, 43.481581, 5.7], [-3.549788, 43.482001, 2.4], [-3.550159, 43.482124, 2.5], [-3.550385, 43.482277, 2.7], [-3.550618, 43.482643, 2.0], [-3.551564, 43.482982, 2.2], [-3.552464, 43.482949, 3.0], [-3.553137, 43.483051, 6.0], [-3.553925, 43.483276, 6.0], [-3.555189, 43.483956, 7.0], [-3.55558, 43.484386, 9.0], [-3.555617, 43.484908, 9.0], [-3.555614, 43.485318, 10.0], [-3.555309, 43.485635, 10.0], [-3.554777, 43.486101, 10.5], [-3.554386, 43.486661, 11.0], [-3.553752, 43.487321, 9.0], [-3.553487, 43.48804, 13.0], [-3.55371, 43.48839, 14.0], [-3.555023, 43.488689, 16.8], [-3.558224, 43.489131, 25.4], [-3.56022, 43.48958, 32.2], [-3.562901, 43.49052, 35.0], [-3.563803, 43.491623, 37.0], [-3.56381, 43.492348, 39.4], [-3.564713, 43.493641, 43.7], [-3.565404, 43.494744, 51.0], [-3.565985, 43.495161, 50.2], [-3.567452, 43.495153, 56.0], [-3.568184, 43.494959, 57.7], [-3.568647, 43.493964, 69.7], [-3.568954, 43.493162, 79.1], [-3.569317, 43.492816, 82.5], [-3.569892, 43.492623, 83.0], [-3.570093, 43.491744, 67.5], [-3.570451, 43.490788, 67.9], [-3.569657, 43.489914, 70.0], [-3.569277, 43.488504, 75.0], [-3.570575, 43.487239, 75.5], [-3.57172, 43.486355, 82.1], [-3.571661, 43.485669, 78.5], [-3.570814, 43.484795, 83.6], [-3.569712, 43.48461, 75.0], [-3.56928, 43.483238, 80.9], [-3.569581, 43.481825, 79.0], [-3.569148, 43.480377, 76.0], [-3.567509, 43.478859, 69.0], [-3.568386, 43.47729, 68.0], [-3.569909, 43.47774, 61.4], [-3.569986, 43.477741, 60.4], [-3.570482, 43.477356, 55.0], [-3.570625, 43.475791, 44.2], [-3.571777, 43.475747, 41.1], [-3.573817, 43.475317, 36.0], [-3.575286, 43.475538, 35.0], [-3.578439, 43.476553, 32.0], [-3.580969, 43.478066, 19.0], [-3.582377, 43.477372, 18.0], [-3.582629, 43.476264, 15.0], [-3.581723, 43.474743, 20.0], [-3.582919, 43.473706, 12.0], [-3.583383, 43.472941, 7.1], [-3.583162, 43.471721, 6.0], [-3.583945, 43.471449, 12.6], [-3.5862, 43.471629, 6.0], [-3.587878, 43.471811, 3.2], [-3.590765, 43.472292, 14.3], [-3.594548, 43.473379, 34.1], [-3.597594, 43.474126, 26.0], [-3.59798, 43.476033, 15.0], [-3.598566, 43.47706, 17.0], [-3.59822, 43.47916, 23.0], [-3.598761, 43.480875, 23.0], [-3.598351, 43.481831, 21.0], [-3.597418, 43.48279, 14.0], [-3.598525, 43.483509, 12.2], [-3.600151, 43.483653, 12.0], [-3.600273, 43.485331, 19.5], [-3.600142, 43.486707, 34.7], [-3.598831, 43.487972, 35.0], [-3.598819, 43.487986, 35.0], [-3.599882, 43.488195, 40.0], [-3.601716, 43.488148, 45.0], [-3.602599, 43.48738, 42.0], [-3.603146, 43.487147, 42.0], [-3.603507, 43.486929, 42.0], [-3.603883, 43.486627, 42.0], [-3.604462, 43.48678, 43.0], [-3.604657, 43.486491, 44.0], [-3.605246, 43.484809, 42.6], [-3.6069, 43.482473, 44.0], [-3.607734, 43.48201, 47.2], [-3.608666, 43.480899, 46.0], [-3.609709, 43.480435, 44.0], [-3.610335, 43.480088, 44.0], [-3.611225, 43.480007, 44.5], [-3.612223, 43.480231, 43.0], [-3.612335, 43.480994, 42.0], [-3.613755, 43.481444, 40.0], [-3.614703, 43.481973, 38.4], [-3.615905, 43.481661, 41.0], [-3.615905, 43.481623, 41.0], [-3.615905, 43.481575, 41.0]]}}, {"type": "Feature", "properties": {"order": 11, "group": "camino-del-norte-irun-arzua", "source_file": "12a-ajo-santander.gpx", "reversed_from_source": false, "point_count": 187, "source": "CNIG/IGN - Rutas de Caminos de Santiago 2020-2026 (datos FEAACS)", "license": "CC-BY 4.0", "attribution": "Obra derivada de Rutas de Caminos de Santiago 2020-2026 CC-BY 4.0 FEAACS"}, "geometry": {"type": "LineString", "coordinates": [[-3.615869, 43.481667, 41.0], [-3.616851, 43.481393, 44.0], [-3.617835, 43.481298, 49.7], [-3.618782, 43.481652, 57.9], [-3.619402, 43.482007, 61.0], [-3.620752, 43.481581, 66.0], [-3.622257, 43.481807, 70.0], [-3.623627, 43.48189, 72.8], [-3.625228, 43.481773, 68.4], [-3.626747, 43.481765, 63.6], [-3.627894, 43.481474, 56.9], [-3.628359, 43.481019, 53.0], [-3.629423, 43.480952, 44.0], [-3.630195, 43.481171, 39.7], [-3.630383, 43.480934, 37.2], [-3.631564, 43.481918, 33.6], [-3.632672, 43.482573, 31.0], [-3.63268, 43.483328, 30.0], [-3.632346, 43.484683, 42.9], [-3.631477, 43.486024, 57.6], [-3.632644, 43.486112, 67.3], [-3.633176, 43.487383, 85.0], [-3.634283, 43.487943, 84.0], [-3.635971, 43.488169, 91.7], [-3.63675, 43.488354, 101.0], [-3.638052, 43.488913, 121.6], [-3.639734, 43.48862, 133.1], [-3.641742, 43.488515, 146.0], [-3.642515, 43.488086, 148.0], [-3.642828, 43.486999, 150.0], [-3.642106, 43.486153, 156.0], [-3.641581, 43.485496, 156.1], [-3.641632, 43.484221, 159.0], [-3.642265, 43.48285, 161.0], [-3.644258, 43.481376, 158.0], [-3.645216, 43.480049, 156.6], [-3.646379, 43.479712, 151.2], [-3.647146, 43.478717, 153.0], [-3.649102, 43.479151, 156.2], [-3.650394, 43.479778, 159.7], [-3.651397, 43.480437, 162.0], [-3.652738, 43.481758, 166.0], [-3.653904, 43.482204, 165.0], [-3.656795, 43.481131, 159.0], [-3.65778, 43.480189, 150.9], [-3.658889, 43.479156, 128.9], [-3.659382, 43.47876, 120.9], [-3.660287, 43.478091, 108.0], [-3.66078, 43.477605, 104.3], [-3.661105, 43.477059, 100.8], [-3.661843, 43.47624, 93.0], [-3.662671, 43.476144, 93.1], [-3.662997, 43.475569, 89.5], [-3.663241, 43.475205, 86.5], [-3.663979, 43.474385, 81.0], [-3.664382, 43.473356, 64.3], [-3.665161, 43.472567, 52.2], [-3.665738, 43.472201, 47.1], [-3.666408, 43.471946, 40.0], [-3.666773, 43.471344, 31.9], [-3.667241, 43.470453, 20.0], [-3.667025, 43.470145, 17.2], [-3.666759, 43.47005, 15.2], [-3.666756, 43.46974, 12.9], [-3.667472, 43.469717, 8.0], [-3.668532, 43.469575, 6.0], [-3.669031, 43.469167, 6.0], [-3.669743, 43.468737, 8.8], [-3.669953, 43.468485, 11.0], [-3.669765, 43.468293, 11.0], [-3.669678, 43.467636, 12.0], [-3.668923, 43.466578, 11.9], [-3.669668, 43.466728, 13.0], [-3.671074, 43.466739, 16.0], [-3.672693, 43.46671, 17.0], [-3.675609, 43.466442, 14.0], [-3.677525, 43.46653, 14.1], [-3.678555, 43.4661, 12.0], [-3.679697, 43.46402, 16.0], [-3.681959, 43.463243, 15.0], [-3.682099, 43.463257, 15.0], [-3.683524, 43.462858, 14.0], [-3.685089, 43.462473, 14.0], [-3.686699, 43.462097, 15.0], [-3.68831, 43.46172, 16.8], [-3.68992, 43.461343, 17.8], [-3.691552, 43.460925, 19.0], [-3.693184, 43.460507, 20.0], [-3.694939, 43.460088, 23.9], [-3.696706, 43.459669, 26.4], [-3.698282, 43.45926, 29.0], [-3.699993, 43.458874, 28.7], [-3.701703, 43.458488, 27.4], [-3.70338, 43.458061, 23.0], [-3.705057, 43.457635, 19.6], [-3.706918, 43.457305, 16.4], [-3.708408, 43.456602, 12.0], [-3.710275, 43.456157, 10.0], [-3.712187, 43.455713, 14.0], [-3.714098, 43.455268, 14.0], [-3.716087, 43.454709, 12.1], [-3.718132, 43.454174, 13.6], [-3.71887, 43.454006, 16.3], [-3.71906, 43.453623, 19.0], [-3.71951, 43.453582, 19.8], [-3.71996, 43.45356, 21.0], [-3.720384, 43.453596, 22.0], [-3.721308, 43.453281, 23.0], [-3.722443, 43.452984, 23.0], [-3.724054, 43.45255, 26.0], [-3.726855, 43.451895, 29.0], [-3.728387, 43.451499, 27.5], [-3.730844, 43.450943, 30.0], [-3.731079, 43.45071, 30.0], [-3.731262, 43.450496, 26.7], [-3.731896, 43.450357, 25.8], [-3.73243, 43.450663, 30.4], [-3.733591, 43.450889, 30.0], [-3.735416, 43.451149, 29.2], [-3.737033, 43.45138, 31.0], [-3.737951, 43.451592, 33.0], [-3.739258, 43.452337, 28.7], [-3.740538, 43.452965, 21.0], [-3.740827, 43.452828, 21.0], [-3.741624, 43.452958, 17.7], [-3.741656, 43.453402, 9.0], [-3.741579, 43.453634, 9.8], [-3.742059, 43.453901, 7.0], [-3.742616, 43.453975, 6.0], [-3.743406, 43.453545, 4.8], [-3.744137, 43.453505, 4.1], [-3.744147, 43.453443, 5.2], [-3.744615, 43.453333, 4.5], [-3.745207, 43.45317, 5.0], [-3.745521, 43.453068, 4.0], [-3.745631, 43.453098, 4.0], [-3.745744, 43.453081, 4.0], [-3.745739, 43.452998, 4.0], [-3.746258, 43.452901, 4.0], [-3.746554, 43.45284, 5.0], [-3.746685, 43.452723, 5.0], [-3.746535, 43.452431, 5.0], [-3.74634, 43.45215, 4.0], [-3.746802, 43.451805, 0.0], [-3.747723, 43.451316, 0.0], [-3.748778, 43.450924, 0.0], [-3.750649, 43.45012, 0.0], [-3.752919, 43.44941, 0.0], [-3.755111, 43.448913, 0.0], [-3.756815, 43.449577, 0.0], [-3.758011, 43.449917, 0.0], [-3.759399, 43.450718, 0.0], [-3.761055, 43.451807, 0.0], [-3.762418, 43.452706, 0.0], [-3.764418, 43.453812, 0.0], [-3.766468, 43.454609, 0.0], [-3.769257, 43.45513, 0.0], [-3.771624, 43.455828, 0.0], [-3.773028, 43.455857, 0.0], [-3.77475, 43.455865, 0.0], [-3.776391, 43.4557, 0.0], [-3.778274, 43.455822, 0.0], [-3.778354, 43.455838, 0.0], [-3.780187, 43.456291, 0.0], [-3.783531, 43.456712, 0.0], [-3.786396, 43.456706, 0.0], [-3.789768, 43.457538, 0.0], [-3.793542, 43.458523, 0.0], [-3.796854, 43.459807, 0.0], [-3.798098, 43.460268, 0.0], [-3.799479, 43.460863, 0.0], [-3.800928, 43.461434, 1.1], [-3.801386, 43.461455, 1.8], [-3.802065, 43.461555, 4.0], [-3.802728, 43.461239, 4.0], [-3.803338, 43.460983, 4.0], [-3.803759, 43.46134, 4.0], [-3.804282, 43.461176, 4.0], [-3.805043, 43.461034, 5.0], [-3.805621, 43.461105, 4.4], [-3.80618, 43.461076, 4.0], [-3.80713, 43.461082, 5.0], [-3.807147, 43.461069, 5.0], [-3.807637, 43.461004, 8.5], [-3.807975, 43.46089, 12.0], [-3.808006, 43.460668, 13.0], [-3.807786, 43.460719, 14.0]]}}, {"type": "Feature", "properties": {"order": 12, "group": "camino-del-norte-irun-arzua", "source_file": "13a-santander-santillana-del-mar.gpx", "reversed_from_source": false, "point_count": 355, "source": "CNIG/IGN - Rutas de Caminos de Santiago 2020-2026 (datos FEAACS)", "license": "CC-BY 4.0", "attribution": "Obra derivada de Rutas de Caminos de Santiago 2020-2026 CC-BY 4.0 FEAACS"}, "geometry": {"type": "LineString", "coordinates": [[-3.807836, 43.460718, 14.0], [-3.809137, 43.460616, 4.0], [-3.809562, 43.460296, 12.6], [-3.809672, 43.460219, 14.5], [-3.810452, 43.460251, 20.0], [-3.811447, 43.460244, 26.0], [-3.812416, 43.460238, 29.0], [-3.814741, 43.459744, 32.0], [-3.816437, 43.459293, 34.1], [-3.817923, 43.458786, 39.0], [-3.821741, 43.458378, 44.0], [-3.822865, 43.458236, 43.0], [-3.825037, 43.458087, 36.0], [-3.825641, 43.458197, 36.0], [-3.826486, 43.458325, 35.0], [-3.826881, 43.458323, 35.0], [-3.828493, 43.458043, 30.0], [-3.829797, 43.457545, 26.0], [-3.830526, 43.457303, 27.0], [-3.831192, 43.456874, 28.0], [-3.8319, 43.456339, 27.0], [-3.832131, 43.455956, 25.0], [-3.832465, 43.455496, 22.0], [-3.832997, 43.455124, 19.0], [-3.835533, 43.454403, 9.0], [-3.837036, 43.454125, 9.0], [-3.840319, 43.45456, 6.4], [-3.841478, 43.454743, 8.0], [-3.844527, 43.454135, 10.0], [-3.850117, 43.453177, 24.0], [-3.852175, 43.452947, 36.0], [-3.854697, 43.452162, 30.2], [-3.857366, 43.451515, 29.0], [-3.858571, 43.450951, 30.2], [-3.860701, 43.450365, 30.0], [-3.861991, 43.449646, 36.0], [-3.863688, 43.448663, 46.0], [-3.864004, 43.448775, 43.0], [-3.864453, 43.449039, 44.0], [-3.865231, 43.450134, 46.4], [-3.864666, 43.451136, 53.0], [-3.865069, 43.451839, 59.0], [-3.865524, 43.45256, 61.3], [-3.866179, 43.452574, 62.0], [-3.866699, 43.452265, 63.0], [-3.867318, 43.45165, 62.0], [-3.868648, 43.451277, 61.0], [-3.869456, 43.450985, 61.0], [-3.869636, 43.450717, 62.0], [-3.869523, 43.450202, 61.0], [-3.871141, 43.449789, 66.0], [-3.872734, 43.449472, 64.0], [-3.873045, 43.449241, 63.0], [-3.873169, 43.448753, 59.0], [-3.874248, 43.448499, 56.0], [-3.87518, 43.448226, 50.2], [-3.875204, 43.447842, 44.8], [-3.875478, 43.447563, 40.0], [-3.876132, 43.447324, 35.8], [-3.877495, 43.447453, 35.0], [-3.878215, 43.447682, 34.1], [-3.879242, 43.447909, 32.1], [-3.88021, 43.448093, 33.7], [-3.880088, 43.447432, 27.0], [-3.880298, 43.447134, 26.1], [-3.882494, 43.447222, 26.1], [-3.882995, 43.447444, 25.4], [-3.883669, 43.447556, 24.0], [-3.884571, 43.448178, 27.0], [-3.888351, 43.447573, 31.0], [-3.888855, 43.448039, 33.1], [-3.890249, 43.447506, 35.0], [-3.891224, 43.447029, 36.0], [-3.891946, 43.447344, 38.0], [-3.892627, 43.447201, 38.0], [-3.893079, 43.446791, 40.2], [-3.894864, 43.446153, 41.0], [-3.895929, 43.44565, 43.0], [-3.896462, 43.445092, 46.3], [-3.899416, 43.444078, 50.0], [-3.899693, 43.443969, 49.3], [-3.900212, 43.443496, 49.0], [-3.902614, 43.442678, 46.0], [-3.905074, 43.442883, 43.0], [-3.906759, 43.443072, 42.0], [-3.907444, 43.442897, 44.2], [-3.90975, 43.443518, 45.0], [-3.910527, 43.443651, 46.0], [-3.911426, 43.444113, 47.4], [-3.91201, 43.444055, 48.1], [-3.91294, 43.443654, 48.7], [-3.913442, 43.442968, 51.6], [-3.913828, 43.442357, 53.3], [-3.914641, 43.441957, 58.4], [-3.916954, 43.441107, 67.1], [-3.91982, 43.440114, 79.1], [-3.921243, 43.4394, 80.0], [-3.920625, 43.438211, 71.2], [-3.920365, 43.437442, 68.6], [-3.9195, 43.436398, 62.7], [-3.919004, 43.435736, 61.0], [-3.918423, 43.435398, 59.0], [-3.918392, 43.435035, 64.5], [-3.918967, 43.434973, 60.0], [-3.919036, 43.434362, 60.0], [-3.919154, 43.433503, 61.0], [-3.920462, 43.433289, 62.2], [-3.924435, 43.431999, 64.4], [-3.928288, 43.431425, 52.2], [-3.929337, 43.431193, 52.6], [-3.929926, 43.430898, 55.0], [-3.931358, 43.43039, 56.0], [-3.931822, 43.429986, 58.0], [-3.932, 43.429603, 59.9], [-3.932426, 43.428397, 59.9], [-3.932417, 43.427768, 60.7], [-3.933124, 43.427838, 62.5], [-3.933543, 43.427797, 64.0], [-3.934481, 43.42756, 60.0], [-3.935447, 43.427381, 55.0], [-3.935912, 43.426976, 52.0], [-3.936302, 43.426782, 50.3], [-3.937374, 43.426735, 46.6], [-3.938784, 43.426514, 43.0], [-3.939438, 43.42647, 42.0], [-3.940456, 43.42629, 42.4], [-3.941337, 43.42573, 39.3], [-3.942044, 43.425724, 38.3], [-3.9428, 43.425565, 37.0], [-3.943293, 43.425275, 34.0], [-3.944025, 43.425192, 31.8], [-3.944179, 43.424981, 31.0], [-3.944303, 43.424561, 30.7], [-3.945217, 43.424419, 29.0], [-3.945759, 43.423957, 29.2], [-3.946279, 43.423724, 32.5], [-3.947005, 43.423279, 38.0], [-3.947499, 43.423046, 41.5], [-3.948335, 43.422847, 43.9], [-3.948563, 43.422503, 39.2], [-3.949109, 43.422231, 33.3], [-3.949761, 43.422131, 33.0], [-3.950568, 43.4218, 27.1], [-3.952518, 43.42102, 18.1], [-3.952958, 43.420692, 17.6], [-3.953763, 43.420266, 16.4], [-3.954885, 43.420066, 16.3], [-3.955301, 43.419852, 13.0], [-3.95619, 43.419845, 5.3], [-3.956607, 43.419816, 2.5], [-3.956914, 43.418887, 3.1], [-3.957457, 43.417145, 4.6], [-3.95786, 43.416187, 3.0], [-3.958014, 43.413517, 2.3], [-3.958037, 43.413155, 3.4], [-3.957772, 43.413008, 4.0], [-3.956473, 43.413158, 7.3], [-3.95595, 43.413418, 8.7], [-3.954538, 43.413782, 8.7], [-3.953559, 43.413844, 6.9], [-3.950941, 43.414751, 15.9], [-3.949544, 43.415146, 12.0], [-3.947974, 43.41485, 13.0], [-3.947239, 43.41459, 14.0], [-3.945672, 43.414443, 16.0], [-3.94482, 43.414152, 18.0], [-3.944663, 43.413461, 14.8], [-3.943881, 43.413041, 12.0], [-3.943035, 43.412037, 6.9], [-3.942315, 43.411127, 5.0], [-3.942305, 43.410498, 3.0], [-3.942324, 43.41004, 5.0], [-3.942484, 43.409697, 7.0], [-3.944225, 43.409811, 12.4], [-3.945199, 43.40944, 11.0], [-3.946805, 43.407445, 6.4], [-3.948558, 43.405372, 8.0], [-3.948074, 43.404574, 9.0], [-3.947016, 43.40382, 10.5], [-3.947245, 43.403398, 9.7], [-3.947781, 43.402516, 6.5], [-3.949298, 43.402504, 5.0], [-3.951261, 43.402545, 5.0], [-3.953277, 43.402661, 6.4], [-3.953457, 43.402431, 5.9], [-3.954239, 43.402272, 5.0], [-3.955128, 43.402226, 6.0], [-3.956099, 43.402371, 8.0], [-3.957202, 43.402648, 8.2], [-3.957781, 43.402853, 9.4], [-3.959567, 43.403315, 10.0], [-3.960933, 43.403627, 11.4], [-3.961642, 43.403774, 13.9], [-3.962356, 43.404264, 21.6], [-3.964926, 43.404605, 39.5], [-3.967627, 43.405002, 58.8], [-3.968415, 43.405205, 60.0], [-3.968524, 43.40549, 61.0], [-3.969364, 43.405199, 60.0], [-3.969997, 43.404868, 60.6], [-3.970937, 43.40379, 53.0], [-3.972599, 43.403962, 48.0], [-3.974895, 43.403849, 58.0], [-3.975648, 43.403052, 56.1], [-3.976789, 43.402577, 59.0], [-3.9792, 43.401718, 72.7], [-3.979442, 43.400879, 82.1], [-3.981415, 43.400536, 81.0], [-3.982817, 43.400385, 82.7], [-3.984786, 43.399856, 87.1], [-3.987201, 43.39923, 89.5], [-3.988354, 43.400051, 89.0], [-3.988927, 43.400195, 84.0], [-3.989784, 43.400188, 79.0], [-3.990807, 43.400357, 68.0], [-3.991497, 43.400113, 59.2], [-3.992237, 43.400434, 47.3], [-3.992451, 43.401057, 35.7], [-3.993261, 43.400663, 28.7], [-3.993986, 43.400092, 25.7], [-3.99435, 43.39988, 29.9], [-3.994661, 43.398955, 37.6], [-3.993915, 43.398248, 42.1], [-3.993618, 43.397566, 44.2], [-3.994056, 43.396878, 46.9], [-3.994998, 43.397108, 46.0], [-3.996508, 43.397124, 44.7], [-3.997162, 43.397178, 43.0], [-3.998139, 43.397021, 41.5], [-3.999272, 43.396445, 30.2], [-4.000495, 43.396375, 25.4], [-4.001928, 43.39672, 16.0], [-4.002958, 43.397276, 17.3], [-4.002594, 43.397517, 20.9], [-4.002948, 43.398255, 22.7], [-4.003227, 43.398732, 25.0], [-4.00391, 43.398526, 18.8], [-4.004641, 43.400288, 13.3], [-4.004572, 43.40113, 16.8], [-4.005115, 43.401912, 19.0], [-4.006391, 43.401901, 17.0], [-4.006612, 43.401112, 16.0], [-4.007131, 43.400423, 13.0], [-4.008228, 43.400146, 12.0], [-4.009696, 43.400043, 10.6], [-4.011034, 43.399556, 12.6], [-4.012138, 43.399695, 9.6], [-4.013482, 43.399534, 8.0], [-4.014164, 43.398784, 4.7], [-4.014646, 43.398363, 6.2], [-4.015256, 43.398209, 6.5], [-4.016111, 43.398142, 2.0], [-4.017318, 43.39709, 4.0], [-4.018083, 43.396458, 3.5], [-4.018112, 43.395773, 3.1], [-4.018962, 43.395349, 4.0], [-4.01924, 43.394871, 3.4], [-4.021106, 43.394229, 2.8], [-4.02465, 43.392925, 3.0], [-4.025752, 43.392595, 3.0], [-4.027372, 43.392063, 4.0], [-4.027836, 43.391945, 4.0], [-4.028485, 43.391752, 4.0], [-4.02875, 43.391609, 4.0], [-4.029123, 43.391497, 4.0], [-4.02957, 43.391415, 4.0], [-4.029212, 43.391114, 4.0], [-4.028607, 43.391376, 4.2], [-4.029158, 43.391044, 4.0], [-4.029093, 43.39099, 4.0], [-4.029103, 43.390966, 4.0], [-4.028478, 43.391331, 3.7], [-4.028496, 43.391097, 4.0], [-4.028974, 43.390952, 4.3], [-4.028907, 43.39075, 5.9], [-4.028448, 43.390809, 7.0], [-4.028201, 43.39078, 8.0], [-4.027998, 43.390774, 9.0], [-4.02773, 43.390729, 10.0], [-4.027384, 43.38989, 12.0], [-4.027659, 43.389685, 12.7], [-4.028053, 43.389506, 14.0], [-4.028385, 43.38896, 15.6], [-4.029305, 43.387909, 20.3], [-4.031899, 43.38686, 21.0], [-4.032655, 43.3862, 21.0], [-4.032844, 43.384414, 18.0], [-4.03556, 43.381898, 10.5], [-4.037276, 43.380763, 6.0], [-4.037227, 43.380506, 6.0], [-4.037543, 43.380402, 6.0], [-4.037994, 43.380038, 5.0], [-4.039455, 43.37684, 6.0], [-4.04082, 43.373364, 8.0], [-4.041602, 43.373157, 9.0], [-4.04311, 43.373757, 11.6], [-4.043651, 43.375497, 9.0], [-4.048442, 43.377972, 16.1], [-4.048384, 43.378852, 19.0], [-4.04814, 43.379534, 24.0], [-4.049138, 43.38123, 23.9], [-4.050644, 43.38067, 34.0], [-4.051983, 43.382044, 42.0], [-4.052739, 43.382437, 47.4], [-4.05338, 43.382578, 52.9], [-4.053916, 43.382906, 56.6], [-4.054628, 43.382927, 59.0], [-4.055909, 43.383035, 56.1], [-4.056885, 43.383492, 51.0], [-4.058631, 43.384103, 44.0], [-4.059372, 43.384696, 38.0], [-4.059943, 43.386036, 42.1], [-4.059739, 43.386918, 49.2], [-4.060021, 43.387355, 55.0], [-4.060647, 43.387669, 58.3], [-4.061472, 43.387835, 60.0], [-4.062723, 43.388343, 62.0], [-4.063495, 43.388616, 62.1], [-4.063694, 43.389534, 67.0], [-4.064188, 43.390622, 70.0], [-4.065241, 43.391305, 71.0], [-4.068293, 43.392423, 82.8], [-4.071328, 43.39458, 77.0], [-4.072542, 43.395075, 78.9], [-4.073839, 43.396075, 83.0], [-4.076315, 43.396639, 85.0], [-4.077374, 43.396589, 89.7], [-4.079546, 43.395463, 95.4], [-4.080201, 43.395297, 95.0], [-4.082161, 43.395572, 94.2], [-4.082682, 43.396114, 86.7], [-4.082958, 43.396218, 84.8], [-4.083371, 43.395788, 85.0], [-4.086255, 43.395667, 90.5], [-4.08938, 43.395691, 84.4], [-4.090779, 43.395292, 94.0], [-4.091381, 43.394207, 104.0], [-4.092654, 43.392863, 117.3], [-4.093212, 43.392378, 121.0], [-4.093899, 43.391999, 123.0], [-4.094778, 43.391098, 122.8], [-4.096593, 43.391494, 124.0], [-4.097129, 43.391822, 123.0], [-4.097896, 43.391828, 121.4], [-4.09834, 43.391091, 114.4], [-4.098919, 43.39082, 112.0], [-4.099416, 43.391002, 112.0], [-4.099713, 43.391405, 110.0], [-4.100692, 43.391829, 104.0], [-4.102163, 43.392388, 96.0], [-4.10263, 43.392669, 93.9], [-4.103829, 43.392585, 81.8], [-4.10476, 43.392307, 80.8], [-4.10549, 43.3923, 82.8], [-4.105981, 43.392029, 80.3]]}}, {"type": "Feature", "properties": {"order": 13, "group": "camino-del-norte-irun-arzua", "source_file": "14a-santillana-san-vicente-barquera.gpx", "reversed_from_source": false, "point_count": 384, "source": "CNIG/IGN - Rutas de Caminos de Santiago 2020-2026 (datos FEAACS)", "license": "CC-BY 4.0", "attribution": "Obra derivada de Rutas de Caminos de Santiago 2020-2026 CC-BY 4.0 FEAACS"}, "geometry": {"type": "LineString", "coordinates": [[-4.105927, 43.391912, 79.6], [-4.107265, 43.390611, 85.0], [-4.107591, 43.39054, 87.7], [-4.108377, 43.390793, 89.5], [-4.108342, 43.391114, 90.0], [-4.108863, 43.391814, 98.1], [-4.110047, 43.392545, 110.0], [-4.11118, 43.393313, 120.1], [-4.111945, 43.393632, 124.0], [-4.11325, 43.393785, 129.0], [-4.114759, 43.394243, 136.9], [-4.115425, 43.394496, 143.6], [-4.11587, 43.394591, 140.0], [-4.116686, 43.394702, 144.9], [-4.117342, 43.39498, 149.1], [-4.118124, 43.394996, 139.6], [-4.118652, 43.395347, 133.4], [-4.120126, 43.395832, 137.4], [-4.120678, 43.395731, 133.5], [-4.121622, 43.395746, 126.0], [-4.122214, 43.396072, 124.1], [-4.122516, 43.396544, 120.9], [-4.12282, 43.397135, 114.2], [-4.123448, 43.397651, 113.0], [-4.123975, 43.397978, 109.0], [-4.124183, 43.398641, 99.8], [-4.124485, 43.399137, 94.9], [-4.124725, 43.399752, 78.9], [-4.125193, 43.400412, 77.2], [-4.125304, 43.401147, 82.4], [-4.125281, 43.401646, 87.8], [-4.125428, 43.402571, 92.4], [-4.125962, 43.403278, 100.0], [-4.12652, 43.40351, 107.1], [-4.127751, 43.403118, 108.3], [-4.128594, 43.402919, 112.6], [-4.12884, 43.402157, 113.8], [-4.12955, 43.401818, 107.4], [-4.129868, 43.401387, 102.5], [-4.130249, 43.400861, 92.2], [-4.130656, 43.399978, 82.4], [-4.131124, 43.398881, 71.0], [-4.131727, 43.398044, 61.0], [-4.132488, 43.396945, 59.0], [-4.133327, 43.396509, 57.0], [-4.134422, 43.395881, 52.0], [-4.135632, 43.39613, 53.7], [-4.136319, 43.396313, 56.0], [-4.137262, 43.396256, 56.9], [-4.138059, 43.397079, 63.6], [-4.13895, 43.397712, 68.3], [-4.14023, 43.398245, 72.2], [-4.142265, 43.399127, 86.0], [-4.143215, 43.399402, 91.0], [-4.144199, 43.399796, 96.8], [-4.145044, 43.399693, 98.0], [-4.146121, 43.399824, 97.7], [-4.14707, 43.400076, 92.8], [-4.14857, 43.40018, 83.5], [-4.149578, 43.400075, 77.1], [-4.151077, 43.400107, 66.7], [-4.153718, 43.400294, 52.0], [-4.153864, 43.399438, 49.3], [-4.153497, 43.398943, 47.0], [-4.153653, 43.398585, 50.0], [-4.154334, 43.398584, 46.4], [-4.155728, 43.398719, 39.1], [-4.157245, 43.399242, 35.0], [-4.159418, 43.399929, 40.0], [-4.160157, 43.399922, 44.0], [-4.160614, 43.3996, 46.1], [-4.16103, 43.399364, 48.8], [-4.161982, 43.398403, 56.9], [-4.163089, 43.398181, 64.0], [-4.164272, 43.39763, 73.4], [-4.165928, 43.396345, 82.0], [-4.166913, 43.395574, 85.3], [-4.167767, 43.395545, 88.6], [-4.168559, 43.394512, 94.0], [-4.16865, 43.393222, 103.1], [-4.168995, 43.39231, 112.0], [-4.169741, 43.391892, 105.9], [-4.170556, 43.391931, 97.6], [-4.171486, 43.392263, 91.9], [-4.172358, 43.391652, 77.2], [-4.173128, 43.39099, 67.0], [-4.174411, 43.389899, 59.7], [-4.175798, 43.388944, 54.1], [-4.176528, 43.387743, 63.9], [-4.17648, 43.386761, 56.0], [-4.177092, 43.386195, 50.0], [-4.17814, 43.386427, 47.0], [-4.179214, 43.386511, 42.8], [-4.179697, 43.386792, 39.0], [-4.180201, 43.387249, 36.0], [-4.180173, 43.38751, 37.5], [-4.180671, 43.38798, 32.5], [-4.181353, 43.387926, 30.5], [-4.181833, 43.387493, 29.0], [-4.182701, 43.386914, 29.7], [-4.18357, 43.386407, 31.0], [-4.184277, 43.385901, 31.0], [-4.184664, 43.385707, 34.0], [-4.185312, 43.385581, 33.0], [-4.186052, 43.385123, 35.3], [-4.186559, 43.384381, 34.0], [-4.187335, 43.384136, 33.2], [-4.18854, 43.383408, 34.0], [-4.189062, 43.383413, 36.0], [-4.189388, 43.383759, 39.8], [-4.189129, 43.384618, 55.7], [-4.189348, 43.384732, 59.4], [-4.190116, 43.384746, 66.5], [-4.190819, 43.385129, 66.7], [-4.191273, 43.385357, 70.3], [-4.192836, 43.385299, 75.7], [-4.193655, 43.385661, 77.5], [-4.195462, 43.385473, 83.1], [-4.197653, 43.384922, 87.5], [-4.198942, 43.384964, 94.0], [-4.200114, 43.38477, 94.6], [-4.201863, 43.384506, 93.7], [-4.202823, 43.384054, 94.7], [-4.203372, 43.383954, 90.3], [-4.203535, 43.383468, 91.0], [-4.204246, 43.383175, 92.0], [-4.204859, 43.382908, 94.5], [-4.205637, 43.382733, 97.1], [-4.206541, 43.382367, 99.1], [-4.207257, 43.382336, 94.7], [-4.208203, 43.382421, 93.4], [-4.209188, 43.382838, 91.2], [-4.209261, 43.383241, 90.2], [-4.209104, 43.383528, 88.0], [-4.20898, 43.383861, 87.3], [-4.208988, 43.384289, 85.8], [-4.209546, 43.384473, 84.0], [-4.210098, 43.384889, 78.1], [-4.210748, 43.384798, 81.9], [-4.21125, 43.384539, 83.8], [-4.211188, 43.385215, 79.0], [-4.211391, 43.385569, 74.0], [-4.212086, 43.386179, 67.0], [-4.212447, 43.386294, 66.1], [-4.212781, 43.386742, 61.0], [-4.212796, 43.387454, 56.0], [-4.213451, 43.387661, 56.0], [-4.214263, 43.387557, 57.0], [-4.214855, 43.387883, 55.0], [-4.215838, 43.388181, 56.0], [-4.21657, 43.388957, 58.0], [-4.217177, 43.390019, 56.7], [-4.216878, 43.391352, 48.2], [-4.216355, 43.392854, 33.1], [-4.217299, 43.392868, 26.3], [-4.217985, 43.392979, 20.7], [-4.218809, 43.393445, 12.6], [-4.219758, 43.393672, 8.0], [-4.220344, 43.393666, 5.0], [-4.221578, 43.393534, 3.0], [-4.22197, 43.393601, 2.0], [-4.22206, 43.393221, 3.0], [-4.222105, 43.392223, 3.0], [-4.222022, 43.391321, 4.4], [-4.222997, 43.39124, 11.8], [-4.223268, 43.391759, 22.2], [-4.223345, 43.392352, 32.7], [-4.224465, 43.392957, 46.0], [-4.225921, 43.392538, 57.9], [-4.22619, 43.392939, 65.3], [-4.226007, 43.393558, 74.0], [-4.226062, 43.394674, 79.4], [-4.226623, 43.395047, 88.5], [-4.227845, 43.394251, 95.0], [-4.22826, 43.393866, 100.0], [-4.229487, 43.393331, 105.1], [-4.230361, 43.393108, 109.9], [-4.231133, 43.392648, 108.0], [-4.231771, 43.392, 111.1], [-4.232749, 43.392014, 106.8], [-4.23334, 43.392292, 101.8], [-4.233993, 43.39238, 99.0], [-4.235754, 43.392503, 94.8], [-4.23637, 43.392354, 93.0], [-4.23698, 43.39192, 89.3], [-4.238249, 43.391883, 82.0], [-4.238938, 43.39216, 81.0], [-4.239263, 43.392133, 79.8], [-4.24011, 43.392124, 81.0], [-4.241312, 43.392016, 85.8], [-4.24221, 43.391365, 94.2], [-4.242764, 43.391359, 98.8], [-4.243478, 43.391256, 100.0], [-4.243704, 43.391159, 98.1], [-4.243566, 43.390757, 91.0], [-4.242777, 43.390385, 86.9], [-4.242271, 43.389536, 73.0], [-4.242689, 43.38927, 66.3], [-4.242973, 43.38884, 60.9], [-4.243557, 43.388762, 58.0], [-4.24433, 43.388326, 51.5], [-4.244348, 43.387614, 41.7], [-4.243883, 43.387191, 40.2], [-4.243545, 43.386554, 39.8], [-4.243566, 43.385984, 39.9], [-4.244661, 43.385426, 43.0], [-4.24524, 43.385087, 42.2], [-4.245427, 43.384681, 43.0], [-4.246158, 43.383795, 44.0], [-4.24699, 43.383097, 46.0], [-4.247956, 43.382588, 47.7], [-4.248639, 43.382509, 50.0], [-4.249289, 43.382478, 52.1], [-4.249759, 43.383162, 55.0], [-4.250571, 43.383082, 54.9], [-4.251019, 43.382721, 47.3], [-4.251605, 43.38269, 42.0], [-4.251946, 43.382476, 37.3], [-4.251846, 43.381146, 32.0], [-4.253743, 43.381125, 30.0], [-4.254219, 43.381015, 29.8], [-4.255644, 43.381274, 28.9], [-4.256951, 43.380023, 33.8], [-4.257756, 43.37973, 41.0], [-4.259332, 43.379575, 50.3], [-4.259875, 43.3792, 56.3], [-4.259864, 43.378672, 56.9], [-4.260745, 43.377838, 67.8], [-4.261308, 43.378456, 74.0], [-4.261768, 43.379687, 73.0], [-4.262479, 43.379733, 71.0], [-4.26326, 43.380369, 69.1], [-4.263584, 43.381338, 67.0], [-4.263784, 43.381896, 69.8], [-4.263896, 43.382402, 66.1], [-4.264574, 43.382987, 60.8], [-4.265031, 43.383341, 54.7], [-4.265098, 43.383763, 50.1], [-4.264668, 43.384022, 47.6], [-4.265541, 43.384879, 41.0], [-4.2658, 43.38549, 36.7], [-4.265855, 43.386081, 32.4], [-4.266059, 43.3861, 30.9], [-4.26778, 43.385965, 38.0], [-4.268329, 43.385885, 39.9], [-4.268907, 43.385139, 47.7], [-4.269738, 43.385373, 53.0], [-4.272077, 43.385665, 54.9], [-4.272833, 43.385805, 55.2], [-4.273503, 43.385977, 54.0], [-4.274435, 43.386231, 52.0], [-4.27482, 43.386597, 54.0], [-4.275891, 43.386553, 53.6], [-4.276284, 43.386634, 49.4], [-4.277008, 43.387323, 35.8], [-4.278095, 43.387343, 26.2], [-4.279286, 43.387489, 18.3], [-4.279731, 43.387294, 32.8], [-4.280398, 43.387329, 14.0], [-4.280869, 43.386975, 11.3], [-4.281696, 43.38705, 20.7], [-4.28231, 43.387308, 17.0], [-4.286087, 43.387065, 29.3], [-4.288716, 43.386687, 36.3], [-4.290348, 43.386457, 29.4], [-4.290628, 43.38601, 24.0], [-4.291965, 43.385509, 18.0], [-4.292457, 43.385462, 17.0], [-4.296346, 43.384424, 25.0], [-4.297547, 43.384337, 28.0], [-4.302867, 43.383104, 38.1], [-4.304898, 43.382542, 32.0], [-4.310761, 43.380298, 18.4], [-4.314353, 43.378905, 12.3], [-4.315406, 43.378703, 9.1], [-4.316427, 43.379019, 9.0], [-4.317825, 43.38006, 0.9], [-4.318587, 43.381784, 9.6], [-4.318627, 43.382222, 12.0], [-4.318955, 43.382361, 11.7], [-4.319342, 43.38219, 11.1], [-4.320152, 43.381991, 10.0], [-4.320866, 43.381911, 10.4], [-4.321528, 43.382402, 8.0], [-4.321225, 43.383451, 12.0], [-4.321211, 43.384282, 11.6], [-4.321449, 43.38473, 11.0], [-4.321969, 43.384724, 9.0], [-4.322779, 43.384549, 7.4], [-4.324013, 43.384392, 7.5], [-4.325834, 43.3843, 6.0], [-4.326388, 43.384293, 6.0], [-4.32876, 43.384099, 7.0], [-4.329413, 43.384187, 1.0], [-4.330238, 43.384676, 8.0], [-4.330057, 43.385367, 9.9], [-4.329873, 43.385844, 13.0], [-4.330252, 43.386813, 8.0], [-4.330032, 43.387171, 8.2], [-4.329514, 43.387296, 8.6], [-4.328186, 43.387644, 5.2], [-4.328037, 43.388263, 6.0], [-4.329154, 43.388725, 5.0], [-4.330691, 43.389016, 5.0], [-4.33188, 43.389786, 9.5], [-4.334177, 43.390614, 22.0], [-4.335396, 43.391241, 27.0], [-4.337466, 43.392095, 31.5], [-4.339238, 43.392715, 40.2], [-4.340514, 43.392985, 46.2], [-4.341634, 43.393613, 52.7], [-4.341751, 43.394467, 57.5], [-4.342477, 43.394886, 61.9], [-4.343387, 43.394804, 68.0], [-4.345698, 43.394777, 82.0], [-4.347782, 43.394799, 89.0], [-4.349839, 43.395037, 91.0], [-4.352127, 43.395437, 81.2], [-4.353389, 43.395066, 73.0], [-4.355577, 43.393876, 61.2], [-4.356665, 43.393032, 58.0], [-4.357214, 43.392812, 59.0], [-4.358814, 43.393031, 52.9], [-4.359605, 43.393449, 45.0], [-4.36026, 43.393631, 41.6], [-4.361695, 43.393756, 34.2], [-4.36322, 43.3935, 27.0], [-4.364779, 43.393292, 21.0], [-4.366073, 43.392944, 15.7], [-4.366548, 43.392345, 8.5], [-4.36686, 43.391747, 8.0], [-4.367375, 43.391456, 12.1], [-4.368456, 43.391752, 19.8], [-4.368972, 43.391556, 23.8], [-4.369706, 43.390882, 32.9], [-4.36927, 43.390294, 30.5], [-4.37001, 43.389929, 24.1], [-4.370557, 43.389614, 24.2], [-4.371324, 43.389011, 9.2], [-4.371973, 43.388908, 5.6], [-4.372692, 43.388994, 5.0], [-4.373193, 43.389558, 5.3], [-4.373851, 43.389859, 7.2], [-4.37526, 43.39027, 16.0], [-4.376653, 43.389968, 22.0], [-4.37759, 43.389648, 25.0], [-4.378783, 43.389135, 32.6], [-4.379472, 43.38934, 36.0], [-4.38022, 43.389308, 35.7], [-4.381037, 43.38944, 23.2], [-4.381783, 43.389336, 10.8], [-4.383079, 43.389035, 5.0], [-4.384628, 43.388423, 4.0], [-4.385589, 43.387747, 6.0], [-4.386066, 43.387242, 6.0], [-4.385889, 43.386627, 6.0], [-4.38607, 43.385984, 12.4], [-4.386555, 43.385859, 9.4], [-4.387231, 43.385518, 6.6], [-4.387743, 43.385109, 12.1], [-4.388513, 43.3846, 10.0], [-4.388704, 43.383718, 8.1], [-4.389226, 43.383048, 6.0], [-4.389726, 43.38281, 5.0], [-4.390925, 43.382001, 2.1], [-4.392452, 43.381774, 0.4], [-4.394204, 43.381516, 0.7], [-4.396976, 43.381277, 5.9], [-4.397566, 43.381046, 11.5], [-4.397956, 43.38149, 14.7], [-4.398754, 43.381639, 23.5], [-4.399126, 43.381764, 25.0], [-4.39919, 43.381752, 25.0], [-4.399815, 43.382017, 23.0], [-4.400271, 43.382011, 21.0], [-4.400468, 43.38208, 20.5], [-4.40071, 43.382671, 17.0], [-4.400977, 43.383, 17.0], [-4.401244, 43.383258, 16.0], [-4.401841, 43.383725, 24.5], [-4.401948, 43.384128, 32.0], [-4.402696, 43.384095, 35.0], [-4.40341, 43.383991, 36.7], [-4.40354, 43.38399, 38.1]]}}, {"type": "Feature", "properties": {"order": 14, "group": "camino-del-norte-irun-arzua", "source_file": "15a-san-vicente-barquera-llanes.gpx", "reversed_from_source": false, "point_count": 449, "source": "CNIG/IGN - Rutas de Caminos de Santiago 2020-2026 (datos FEAACS)", "license": "CC-BY 4.0", "attribution": "Obra derivada de Rutas de Caminos de Santiago 2020-2026 CC-BY 4.0 FEAACS"}, "geometry": {"type": "LineString", "coordinates": [[-4.400539, 43.38222, 19.3], [-4.400956, 43.381978, 26.5], [-4.40111, 43.381645, 34.9], [-4.401167, 43.381265, 42.1], [-4.401452, 43.380978, 45.6], [-4.401413, 43.380613, 46.0], [-4.401572, 43.380157, 46.6], [-4.402241, 43.379695, 51.7], [-4.403221, 43.379229, 55.0], [-4.404114, 43.378681, 49.5], [-4.40478, 43.378095, 46.6], [-4.40546, 43.378128, 45.0], [-4.406395, 43.378158, 47.0], [-4.406761, 43.378071, 47.7], [-4.407285, 43.377466, 45.0], [-4.407837, 43.37684, 47.0], [-4.408083, 43.376465, 46.0], [-4.409091, 43.375999, 48.9], [-4.409727, 43.375372, 44.0], [-4.410503, 43.37464, 46.5], [-4.410689, 43.374101, 55.9], [-4.410652, 43.37373, 58.1], [-4.410896, 43.373272, 55.4], [-4.410967, 43.372673, 52.1], [-4.410497, 43.371956, 62.2], [-4.409697, 43.371635, 56.6], [-4.409293, 43.37131, 48.3], [-4.409672, 43.370583, 47.1], [-4.409792, 43.369652, 41.4], [-4.409483, 43.368541, 38.8], [-4.409352, 43.367758, 38.6], [-4.409082, 43.367101, 42.0], [-4.409178, 43.366377, 43.0], [-4.408148, 43.365894, 38.0], [-4.407549, 43.365696, 34.0], [-4.406978, 43.365496, 32.8], [-4.406488, 43.365151, 36.8], [-4.405937, 43.36458, 46.7], [-4.406125, 43.364144, 54.1], [-4.405666, 43.363902, 59.3], [-4.405687, 43.363551, 74.2], [-4.406391, 43.363439, 88.5], [-4.406183, 43.362988, 96.8], [-4.406167, 43.362327, 106.9], [-4.40656, 43.362178, 112.0], [-4.407237, 43.362087, 117.4], [-4.407933, 43.361563, 125.0], [-4.40831, 43.360773, 134.9], [-4.408806, 43.360189, 129.0], [-4.409083, 43.359918, 124.7], [-4.410307, 43.360212, 118.3], [-4.411528, 43.360404, 108.6], [-4.412527, 43.360743, 104.0], [-4.413005, 43.360614, 101.0], [-4.413627, 43.360585, 100.0], [-4.414043, 43.360229, 100.7], [-4.414575, 43.359996, 97.0], [-4.415292, 43.3604, 90.0], [-4.416204, 43.360841, 84.9], [-4.41679, 43.360905, 83.3], [-4.417415, 43.361276, 80.0], [-4.417353, 43.361387, 80.0], [-4.418292, 43.361603, 75.8], [-4.418533, 43.361022, 74.0], [-4.419675, 43.360821, 70.0], [-4.420481, 43.360575, 64.5], [-4.421199, 43.360779, 66.9], [-4.422036, 43.360484, 70.1], [-4.422334, 43.360741, 73.5], [-4.422853, 43.360735, 71.3], [-4.423427, 43.360325, 73.3], [-4.423685, 43.359844, 71.6], [-4.42464, 43.359543, 73.1], [-4.425768, 43.359385, 74.4], [-4.426361, 43.359316, 69.0], [-4.426831, 43.358876, 74.0], [-4.427844, 43.358595, 77.5], [-4.429142, 43.358435, 81.5], [-4.430704, 43.358684, 83.3], [-4.432501, 43.35926, 90.0], [-4.434149, 43.35955, 98.0], [-4.435482, 43.359657, 105.2], [-4.436325, 43.359399, 109.5], [-4.437471, 43.358786, 118.5], [-4.438456, 43.358547, 118.1], [-4.439841, 43.358488, 116.4], [-4.44063, 43.358334, 119.3], [-4.441579, 43.358275, 120.0], [-4.443086, 43.358076, 116.2], [-4.44501, 43.358052, 112.0], [-4.445491, 43.358047, 112.6], [-4.44609, 43.358267, 110.0], [-4.446352, 43.358451, 107.8], [-4.446609, 43.358653, 106.0], [-4.446796, 43.359415, 104.0], [-4.447032, 43.359825, 99.6], [-4.446612, 43.360016, 93.6], [-4.445864, 43.35951, 99.9], [-4.445356, 43.359558, 99.5], [-4.445446, 43.359784, 98.8], [-4.44568, 43.360091, 100.9], [-4.44535, 43.360508, 103.0], [-4.445447, 43.361023, 105.0], [-4.445544, 43.361538, 108.4], [-4.446198, 43.361675, 109.0], [-4.446769, 43.361875, 112.6], [-4.447792, 43.362048, 112.0], [-4.448734, 43.362387, 110.5], [-4.449504, 43.362625, 113.0], [-4.450862, 43.362608, 118.0], [-4.452448, 43.36263, 122.0], [-4.453267, 43.362578, 121.0], [-4.453803, 43.362489, 119.4], [-4.454712, 43.362622, 118.2], [-4.455642, 43.362466, 116.0], [-4.456772, 43.36239, 114.1], [-4.458106, 43.362518, 113.0], [-4.458979, 43.362342, 109.0], [-4.45994, 43.362288, 108.0], [-4.460388, 43.362076, 105.9], [-4.460492, 43.361724, 100.5], [-4.460768, 43.361431, 99.2], [-4.461111, 43.361081, 98.2], [-4.460935, 43.360491, 88.0], [-4.461057, 43.360182, 89.0], [-4.461729, 43.359794, 90.3], [-4.462537, 43.359666, 97.6], [-4.463082, 43.359398, 99.3], [-4.463987, 43.359221, 103.0], [-4.464268, 43.358791, 103.9], [-4.464623, 43.358692, 107.0], [-4.46511, 43.358733, 109.0], [-4.466214, 43.358767, 114.9], [-4.467087, 43.358637, 115.2], [-4.467678, 43.358937, 119.7], [-4.468132, 43.358931, 122.0], [-4.468526, 43.359116, 119.2], [-4.468983, 43.359228, 117.9], [-4.469959, 43.359357, 114.5], [-4.470708, 43.359466, 110.0], [-4.471332, 43.35979, 110.0], [-4.472089, 43.36023, 105.0], [-4.472419, 43.360438, 102.0], [-4.47324, 43.360854, 93.0], [-4.473895, 43.361106, 84.3], [-4.474459, 43.361643, 76.4], [-4.47518, 43.361918, 70.2], [-4.476587, 43.36242, 60.2], [-4.47812, 43.362779, 51.7], [-4.479302, 43.363356, 36.1], [-4.47993, 43.363798, 30.4], [-4.480341, 43.363904, 26.5], [-4.4812, 43.363994, 28.0], [-4.481856, 43.363884, 22.8], [-4.482418, 43.363922, 20.4], [-4.48318, 43.364039, 10.0], [-4.482775, 43.364707, 5.0], [-4.482037, 43.365072, 4.8], [-4.481593, 43.365504, 5.0], [-4.481749, 43.366544, 6.0], [-4.481994, 43.366973, 6.1], [-4.482339, 43.367396, 6.3], [-4.482429, 43.367786, 8.0], [-4.482897, 43.368236, 9.2], [-4.483584, 43.368557, 10.0], [-4.483679, 43.368799, 9.0], [-4.483791, 43.369147, 7.4], [-4.483908, 43.369091, 7.9], [-4.483697, 43.369557, 5.4], [-4.48337, 43.369773, 4.0], [-4.482874, 43.36987, 4.0], [-4.482146, 43.369961, 7.3], [-4.480965, 43.370307, 3.5], [-4.480168, 43.370466, 5.0], [-4.479302, 43.370705, 7.0], [-4.479458, 43.371194, 4.9], [-4.479737, 43.372182, 3.8], [-4.479799, 43.372334, 6.4], [-4.4805, 43.372143, 5.9], [-4.481547, 43.372118, 16.0], [-4.483044, 43.371975, 34.0], [-4.484002, 43.372456, 36.6], [-4.484998, 43.372631, 44.3], [-4.485436, 43.372716, 49.0], [-4.486099, 43.372662, 53.7], [-4.486209, 43.372905, 55.0], [-4.486875, 43.373537, 54.0], [-4.48776, 43.373856, 48.0], [-4.48822, 43.374139, 44.8], [-4.488788, 43.374194, 44.9], [-4.489276, 43.374498, 38.7], [-4.490023, 43.374532, 35.0], [-4.49077, 43.374546, 30.4], [-4.490753, 43.374685, 25.3], [-4.49158, 43.374511, 35.7], [-4.492392, 43.374548, 27.3], [-4.493491, 43.374361, 18.0], [-4.494784, 43.373993, 14.0], [-4.496823, 43.374008, 12.4], [-4.498862, 43.374023, 9.7], [-4.500616, 43.374, 6.9], [-4.500716, 43.373895, 11.9], [-4.502079, 43.373901, 8.3], [-4.502831, 43.374104, 6.4], [-4.503487, 43.374479, 5.2], [-4.505081, 43.374809, 8.6], [-4.506673, 43.375078, 5.5], [-4.508766, 43.374989, 3.0], [-4.510887, 43.374899, 3.0], [-4.513005, 43.374706, 3.0], [-4.51538, 43.374571, 4.0], [-4.51767, 43.374438, 4.9], [-4.518495, 43.374593, 6.0], [-4.519178, 43.374728, 1.2], [-4.520385, 43.37432, 4.0], [-4.521801, 43.374343, 38.4], [-4.524014, 43.374541, 61.7], [-4.526055, 43.374658, 79.7], [-4.527552, 43.374515, 91.7], [-4.529678, 43.374631, 102.7], [-4.531858, 43.374623, 109.6], [-4.533414, 43.374582, 110.9], [-4.534266, 43.374694, 114.0], [-4.535176, 43.374847, 112.0], [-4.536282, 43.374957, 111.0], [-4.537503, 43.375085, 112.0], [-4.538777, 43.375068, 114.0], [-4.539682, 43.375056, 115.8], [-4.540643, 43.375002, 113.0], [-4.541975, 43.375047, 113.9], [-4.542296, 43.375435, 119.0], [-4.542699, 43.375677, 123.0], [-4.543919, 43.375785, 123.0], [-4.544691, 43.376105, 122.0], [-4.54592, 43.376543, 118.4], [-4.547067, 43.377147, 111.0], [-4.548518, 43.377417, 105.6], [-4.550288, 43.377972, 80.5], [-4.552088, 43.378608, 67.9], [-4.553211, 43.379358, 66.9], [-4.553933, 43.379896, 63.0], [-4.553212, 43.380065, 67.0], [-4.553096, 43.380606, 70.6], [-4.553096, 43.381062, 70.0], [-4.553049, 43.381468, 69.7], [-4.553724, 43.38162, 66.0], [-4.555561, 43.382043, 58.6], [-4.556864, 43.382364, 57.0], [-4.557716, 43.382809, 59.4], [-4.559225, 43.38314, 67.0], [-4.560875, 43.383468, 64.9], [-4.562523, 43.383694, 55.1], [-4.563737, 43.383606, 52.0], [-4.56483, 43.383505, 55.1], [-4.56578, 43.383733, 52.0], [-4.566865, 43.384122, 48.0], [-4.567228, 43.383858, 49.0], [-4.569198, 43.384512, 44.6], [-4.57097, 43.385149, 45.2], [-4.572273, 43.385483, 40.8], [-4.573145, 43.385795, 40.0], [-4.574072, 43.385876, 37.0], [-4.575209, 43.385938, 36.0], [-4.576093, 43.386174, 37.5], [-4.577183, 43.386696, 40.2], [-4.578659, 43.386842, 29.0], [-4.579482, 43.386913, 33.0], [-4.580798, 43.387432, 42.7], [-4.581832, 43.388017, 36.0], [-4.583397, 43.388285, 35.4], [-4.585045, 43.38853, 24.2], [-4.586154, 43.388681, 23.5], [-4.586489, 43.389585, 12.0], [-4.587205, 43.389905, 28.7], [-4.586952, 43.391086, 39.9], [-4.587426, 43.391885, 44.8], [-4.587624, 43.392957, 49.1], [-4.587471, 43.39362, 55.9], [-4.587852, 43.39409, 52.5], [-4.588684, 43.394512, 47.3], [-4.590136, 43.394802, 49.1], [-4.591667, 43.394864, 58.6], [-4.593222, 43.39476, 55.7], [-4.594688, 43.394533, 52.2], [-4.596066, 43.394163, 51.0], [-4.597444, 43.393793, 51.0], [-4.598822, 43.393423, 62.1], [-4.600544, 43.393213, 59.3], [-4.602212, 43.393107, 53.6], [-4.604198, 43.393245, 44.0], [-4.606122, 43.393198, 41.6], [-4.60787, 43.392884, 44.6], [-4.609587, 43.392488, 41.5], [-4.611504, 43.392193, 46.5], [-4.613425, 43.392001, 42.7], [-4.615212, 43.3921, 48.0], [-4.616626, 43.39206, 48.4], [-4.618009, 43.391854, 50.3], [-4.62011, 43.392073, 49.0], [-4.621948, 43.391964, 49.0], [-4.6228, 43.392056, 48.0], [-4.624082, 43.392347, 44.8], [-4.624932, 43.392377, 43.3], [-4.625868, 43.392447, 37.2], [-4.626587, 43.39285, 31.7], [-4.626909, 43.393238, 27.6], [-4.627561, 43.39327, 31.0], [-4.628197, 43.393756, 31.0], [-4.629229, 43.394217, 25.9], [-4.630654, 43.394569, 21.3], [-4.631799, 43.395028, 23.5], [-4.633189, 43.395111, 27.4], [-4.634237, 43.395138, 29.6], [-4.634691, 43.395152, 35.0], [-4.63512, 43.395332, 36.0], [-4.635164, 43.39589, 39.2], [-4.635627, 43.396276, 42.0], [-4.636286, 43.396576, 44.2], [-4.637027, 43.396731, 45.8], [-4.638097, 43.39653, 44.3], [-4.639105, 43.396103, 41.0], [-4.640001, 43.395718, 51.4], [-4.640862, 43.395066, 48.0], [-4.641606, 43.394333, 53.6], [-4.642839, 43.39382, 62.0], [-4.644484, 43.39392, 59.9], [-4.64693, 43.394319, 51.4], [-4.649301, 43.395091, 42.0], [-4.651673, 43.395862, 43.2], [-4.653345, 43.395921, 50.0], [-4.655576, 43.395682, 47.6], [-4.657806, 43.395423, 50.0], [-4.660181, 43.395265, 53.0], [-4.662704, 43.395352, 55.4], [-4.664233, 43.395372, 56.7], [-4.66548, 43.395395, 59.0], [-4.666046, 43.395366, 61.2], [-4.666318, 43.394991, 65.7], [-4.666967, 43.394878, 60.8], [-4.667615, 43.394766, 61.6], [-4.668179, 43.394696, 63.8], [-4.668663, 43.394771, 66.0], [-4.668786, 43.395141, 61.3], [-4.669528, 43.395358, 52.4], [-4.670587, 43.395756, 45.1], [-4.671573, 43.395556, 42.2], [-4.672562, 43.3955, 43.0], [-4.67319, 43.395656, 40.3], [-4.67364, 43.395547, 43.7], [-4.674012, 43.395686, 43.0], [-4.67486, 43.395633, 44.2], [-4.675483, 43.395624, 42.2], [-4.676074, 43.395512, 42.8], [-4.676611, 43.395463, 44.9], [-4.677153, 43.39562, 47.0], [-4.67762, 43.39613, 38.5], [-4.678633, 43.395888, 40.2], [-4.679962, 43.395806, 45.0], [-4.681606, 43.395865, 49.0], [-4.682828, 43.396013, 46.4], [-4.684341, 43.396445, 45.3], [-4.685248, 43.396494, 46.6], [-4.685867, 43.396361, 42.0], [-4.686322, 43.396416, 39.8], [-4.687731, 43.396148, 49.2], [-4.689002, 43.396047, 53.3], [-4.689802, 43.396283, 49.1], [-4.690424, 43.396274, 47.9], [-4.691669, 43.396214, 50.6], [-4.691789, 43.396481, 45.2], [-4.691343, 43.396736, 43.0], [-4.692421, 43.396782, 42.8], [-4.693478, 43.397118, 31.7], [-4.694395, 43.397496, 27.0], [-4.69526, 43.398041, 27.0], [-4.696125, 43.398607, 19.8], [-4.697403, 43.398754, 15.0], [-4.698675, 43.398652, 10.6], [-4.699942, 43.398386, 8.7], [-4.70124, 43.398222, 12.5], [-4.702265, 43.398414, 15.3], [-4.703181, 43.398772, 17.5], [-4.704853, 43.398789, 24.5], [-4.706187, 43.398914, 22.8], [-4.707744, 43.39887, 21.7], [-4.709459, 43.398432, 20.1], [-4.711174, 43.397993, 22.0], [-4.713091, 43.397655, 25.1], [-4.715007, 43.397317, 30.0], [-4.71698, 43.396978, 31.0], [-4.718981, 43.396638, 39.3], [-4.720982, 43.396298, 42.1], [-4.722867, 43.395878, 47.0], [-4.724867, 43.395497, 49.0], [-4.725685, 43.395361, 50.2], [-4.725871, 43.395936, 53.6], [-4.726169, 43.396449, 56.4], [-4.727047, 43.396456, 57.3], [-4.727753, 43.396384, 57.4], [-4.728083, 43.396049, 53.0], [-4.728706, 43.396039, 58.8], [-4.728981, 43.395746, 60.0], [-4.729572, 43.395634, 53.2], [-4.731152, 43.396416, 52.0], [-4.732741, 43.397528, 49.6], [-4.734239, 43.398414, 50.0], [-4.734854, 43.398136, 50.0], [-4.73606, 43.398717, 52.0], [-4.736843, 43.399366, 52.0], [-4.737344, 43.400041, 53.7], [-4.738123, 43.400545, 54.0], [-4.739134, 43.401253, 52.1], [-4.740373, 43.401978, 54.0], [-4.741779, 43.402618, 52.9], [-4.743371, 43.402821, 52.0], [-4.744902, 43.40286, 50.4], [-4.746211, 43.403108, 56.0], [-4.747415, 43.403586, 57.0], [-4.748269, 43.403738, 56.4], [-4.750086, 43.403897, 56.5], [-4.751955, 43.403889, 54.0], [-4.753853, 43.403881, 49.9], [-4.753979, 43.404354, 51.4], [-4.752676, 43.404353, 57.0], [-4.751317, 43.404374, 61.8], [-4.750243, 43.404453, 71.7], [-4.749972, 43.404871, 86.5], [-4.748842, 43.404991, 91.0], [-4.747851, 43.405007, 94.8], [-4.747802, 43.405276, 107.7], [-4.748349, 43.405578, 106.0], [-4.748256, 43.406282, 88.5], [-4.748163, 43.406985, 77.5], [-4.748095, 43.407585, 65.5], [-4.748564, 43.408136, 57.1], [-4.749172, 43.408602, 56.0], [-4.749726, 43.409131, 52.8], [-4.750986, 43.409607, 40.0], [-4.751916, 43.41044, 28.9], [-4.752137, 43.411222, 25.8], [-4.752286, 43.412459, 19.2], [-4.752544, 43.413549, 16.6], [-4.753002, 43.41472, 14.9], [-4.753377, 43.415933, 14.0], [-4.753682, 43.416693, 11.0], [-4.753727, 43.417271, 9.0], [-4.753573, 43.41781, 8.0], [-4.753536, 43.418513, 6.0], [-4.754333, 43.419616, 6.0]]}}, {"type": "Feature", "properties": {"order": 15, "group": "camino-del-norte-irun-arzua", "source_file": "16a-llanes-ribadesella.gpx", "reversed_from_source": false, "point_count": 571, "source": "CNIG/IGN - Rutas de Caminos de Santiago 2020-2026 (datos FEAACS)", "license": "CC-BY 4.0", "attribution": "Obra derivada de Rutas de Caminos de Santiago 2020-2026 CC-BY 4.0 FEAACS"}, "geometry": {"type": "LineString", "coordinates": [[-4.754277, 43.419545, 6.0], [-4.75453, 43.419682, 6.5], [-4.754858, 43.419886, 7.8], [-4.75489, 43.420342, 8.2], [-4.754993, 43.420731, 9.3], [-4.755293, 43.420915, 10.0], [-4.75597, 43.421059, 11.0], [-4.756749, 43.421189, 12.0], [-4.757758, 43.421335, 13.1], [-4.758575, 43.421537, 14.0], [-4.759561, 43.421845, 15.0], [-4.760566, 43.422152, 16.0], [-4.761571, 43.422467, 17.0], [-4.762557, 43.422781, 18.0], [-4.762919, 43.422856, 18.0], [-4.764055, 43.422933, 19.0], [-4.765147, 43.423058, 20.0], [-4.766239, 43.423189, 21.0], [-4.767371, 43.42342, 21.0], [-4.768513, 43.423712, 20.0], [-4.768907, 43.423612, 21.0], [-4.769168, 43.423407, 22.0], [-4.769951, 43.423368, 22.7], [-4.770861, 43.4233, 20.0], [-4.771416, 43.423037, 19.2], [-4.771932, 43.422706, 25.4], [-4.772591, 43.422548, 22.1], [-4.77334, 43.422618, 23.9], [-4.774142, 43.422605, 22.0], [-4.774936, 43.422661, 21.7], [-4.775452, 43.422619, 21.0], [-4.776139, 43.422488, 22.0], [-4.776765, 43.422438, 24.0], [-4.777443, 43.422609, 23.0], [-4.778248, 43.422731, 22.0], [-4.77886, 43.42285, 21.0], [-4.779447, 43.423042, 20.2], [-4.780093, 43.423066, 20.0], [-4.78051, 43.423134, 20.0], [-4.780837, 43.42329, 19.5], [-4.781251, 43.423257, 20.0], [-4.781502, 43.423334, 19.0], [-4.781558, 43.423676, 18.0], [-4.781584, 43.423911, 18.0], [-4.78237, 43.424014, 19.0], [-4.783056, 43.424117, 20.0], [-4.783012, 43.424528, 20.4], [-4.783077, 43.424857, 20.0], [-4.783335, 43.425162, 18.0], [-4.783177, 43.425447, 17.3], [-4.783374, 43.425572, 17.8], [-4.78334, 43.425983, 16.0], [-4.783549, 43.426175, 16.5], [-4.7837, 43.426307, 18.0], [-4.783973, 43.426196, 17.7], [-4.784276, 43.426151, 17.0], [-4.784618, 43.426173, 14.8], [-4.784837, 43.426082, 15.0], [-4.78495, 43.425879, 15.4], [-4.784951, 43.42559, 18.0], [-4.785132, 43.42546, 19.0], [-4.785433, 43.425375, 18.0], [-4.785604, 43.425204, 18.6], [-4.785717, 43.425001, 15.0], [-4.785821, 43.424751, 14.4], [-4.786051, 43.424734, 6.6], [-4.786239, 43.424886, 4.0], [-4.786439, 43.425092, 6.1], [-4.786538, 43.425326, 9.0], [-4.786372, 43.425624, 16.0], [-4.786477, 43.425764, 17.6], [-4.786557, 43.425971, 13.3], [-4.786639, 43.426259, 14.6], [-4.786792, 43.426432, 13.0], [-4.787255, 43.426499, 13.2], [-4.787837, 43.426544, 16.0], [-4.787493, 43.426778, 20.4], [-4.78692, 43.427043, 19.5], [-4.787011, 43.42733, 25.4], [-4.786697, 43.427631, 24.0], [-4.78652, 43.42787, 24.3], [-4.786534, 43.428044, 27.0], [-4.786696, 43.42821, 27.1], [-4.786941, 43.428402, 26.9], [-4.787247, 43.428773, 26.9], [-4.787553, 43.429145, 28.7], [-4.787981, 43.42928, 29.0], [-4.788417, 43.429374, 29.5], [-4.78894, 43.429601, 32.5], [-4.789256, 43.429677, 31.8], [-4.789597, 43.429679, 33.0], [-4.789977, 43.429747, 33.0], [-4.790395, 43.429862, 34.1], [-4.790841, 43.429983, 33.0], [-4.791249, 43.430037, 33.1], [-4.791713, 43.429856, 32.0], [-4.792041, 43.42971, 32.0], [-4.792232, 43.429317, 33.0], [-4.792891, 43.429152, 35.4], [-4.793256, 43.429013, 40.7], [-4.79357, 43.428732, 36.7], [-4.794324, 43.42866, 34.9], [-4.794657, 43.428696, 35.7], [-4.79514, 43.428796, 34.3], [-4.79583, 43.428765, 30.1], [-4.796235, 43.428725, 26.5], [-4.796522, 43.428459, 24.7], [-4.796706, 43.428134, 23.9], [-4.797125, 43.427973, 21.9], [-4.797413, 43.427707, 18.0], [-4.797633, 43.427354, 18.2], [-4.797974, 43.427053, 18.0], [-4.798276, 43.426659, 19.2], [-4.798669, 43.426559, 17.0], [-4.799268, 43.426549, 16.6], [-4.799912, 43.426492, 17.0], [-4.800689, 43.426561, 19.8], [-4.80143, 43.426691, 15.2], [-4.802022, 43.427058, 15.0], [-4.802471, 43.42728, 15.0], [-4.802976, 43.427218, 18.2], [-4.803157, 43.427424, 18.0], [-4.803521, 43.427546, 15.0], [-4.80415, 43.427617, 13.4], [-4.804729, 43.427864, 11.2], [-4.805151, 43.428113, 12.0], [-4.805447, 43.428444, 12.0], [-4.805742, 43.428756, 9.2], [-4.806209, 43.428963, 9.0], [-4.806832, 43.429135, 9.0], [-4.807335, 43.429302, 8.8], [-4.807405, 43.429799, 6.0], [-4.807197, 43.430253, 6.0], [-4.807035, 43.430699, 7.1], [-4.807049, 43.430867, 7.5], [-4.807276, 43.431052, 6.1], [-4.807574, 43.431155, 6.4], [-4.807934, 43.431177, 6.6], [-4.808126, 43.431114, 8.6], [-4.808351, 43.431231, 8.5], [-4.808929, 43.431148, 9.0], [-4.809088, 43.431536, 4.8], [-4.80906, 43.431832, 8.9], [-4.809159, 43.432053, 3.1], [-4.809587, 43.432187, 3.8], [-4.80987, 43.432398, 6.4], [-4.810026, 43.432672, 3.0], [-4.81027, 43.432836, 5.0], [-4.810679, 43.432951, 7.0], [-4.811133, 43.433011, 8.0], [-4.811594, 43.433011, 8.0], [-4.812096, 43.433151, 7.6], [-4.812693, 43.43339, 6.0], [-4.813384, 43.433649, 6.0], [-4.814102, 43.433933, 5.0], [-4.814998, 43.433973, 6.0], [-4.815581, 43.434038, 7.0], [-4.816297, 43.434262, 8.0], [-4.817088, 43.434485, 11.0], [-4.81789, 43.434466, 14.0], [-4.818712, 43.4345, 17.3], [-4.819399, 43.434657, 17.4], [-4.820315, 43.434455, 16.3], [-4.821279, 43.434305, 15.8], [-4.822252, 43.434162, 14.0], [-4.822805, 43.434154, 11.0], [-4.823365, 43.43438, 11.0], [-4.824181, 43.434535, 10.0], [-4.824888, 43.434739, 9.0], [-4.825608, 43.434762, 7.1], [-4.826442, 43.434567, 8.0], [-4.827266, 43.434366, 11.2], [-4.828221, 43.434244, 12.0], [-4.829033, 43.433962, 11.0], [-4.829845, 43.43368, 12.4], [-4.830217, 43.433466, 10.8], [-4.830777, 43.433384, 7.0], [-4.83181, 43.433401, 6.9], [-4.832713, 43.433366, 12.1], [-4.833587, 43.433299, 12.9], [-4.834312, 43.433166, 12.2], [-4.834936, 43.433063, 7.1], [-4.835578, 43.432945, 4.8], [-4.83638, 43.432959, 6.6], [-4.836792, 43.433161, 3.9], [-4.837195, 43.433363, 3.0], [-4.837686, 43.433457, 1.0], [-4.837693, 43.433685, 6.4], [-4.837692, 43.433941, 15.1], [-4.838067, 43.433861, 17.9], [-4.838546, 43.43382, 17.7], [-4.839277, 43.434212, 19.0], [-4.839757, 43.434534, 21.1], [-4.840111, 43.434662, 20.8], [-4.840465, 43.434791, 22.6], [-4.84082, 43.43492, 24.9], [-4.84129, 43.434913, 25.0], [-4.841773, 43.435033, 25.7], [-4.842256, 43.435153, 25.5], [-4.842912, 43.435203, 26.1], [-4.843633, 43.435253, 27.1], [-4.844356, 43.435362, 28.0], [-4.8449, 43.43538, 25.0], [-4.845388, 43.435346, 25.0], [-4.845774, 43.435616, 26.9], [-4.846142, 43.435892, 28.0], [-4.846776, 43.435815, 29.9], [-4.847459, 43.435831, 30.5], [-4.848024, 43.435607, 32.1], [-4.848657, 43.435489, 35.4], [-4.849421, 43.435457, 35.8], [-4.850186, 43.435425, 33.0], [-4.850976, 43.435332, 33.0], [-4.851384, 43.435117, 34.0], [-4.851607, 43.434851, 34.2], [-4.851823, 43.4347, 36.4], [-4.852534, 43.434716, 35.5], [-4.853076, 43.43464, 36.0], [-4.853316, 43.434367, 37.0], [-4.85365, 43.434423, 39.1], [-4.854122, 43.434483, 41.9], [-4.854632, 43.434569, 45.1], [-4.855246, 43.43474, 46.0], [-4.855685, 43.434935, 46.0], [-4.855865, 43.43508, 47.1], [-4.85665, 43.435128, 50.2], [-4.857486, 43.435317, 52.7], [-4.858162, 43.435434, 54.4], [-4.858839, 43.435551, 57.4], [-4.859521, 43.43554, 58.8], [-4.860291, 43.43538, 62.2], [-4.861135, 43.435218, 70.2], [-4.862024, 43.435056, 67.8], [-4.862954, 43.434988, 72.4], [-4.863931, 43.434965, 79.2], [-4.864974, 43.435022, 83.6], [-4.866018, 43.435079, 83.5], [-4.867033, 43.435097, 77.3], [-4.867718, 43.435476, 70.5], [-4.867966, 43.435727, 61.0], [-4.868269, 43.436005, 56.3], [-4.868601, 43.436309, 45.8], [-4.869206, 43.436487, 37.1], [-4.869065, 43.436712, 34.7], [-4.868902, 43.436815, 33.0], [-4.868771, 43.437033, 27.1], [-4.869014, 43.43715, 22.2], [-4.869679, 43.437173, 11.1], [-4.870407, 43.437161, 7.0], [-4.870613, 43.437252, 7.3], [-4.870479, 43.437705, 7.0], [-4.870643, 43.438233, 8.0], [-4.870923, 43.438955, 3.4], [-4.871358, 43.439613, 6.2], [-4.871818, 43.44017, 3.2], [-4.872526, 43.440677, 10.0], [-4.873195, 43.441143, 19.9], [-4.873924, 43.441158, 16.8], [-4.874692, 43.441247, 16.0], [-4.875827, 43.441551, 13.4], [-4.876962, 43.441889, 7.4], [-4.878124, 43.442173, 8.0], [-4.879307, 43.44255, 9.5], [-4.880488, 43.44286, 10.5], [-4.881259, 43.443043, 12.0], [-4.881966, 43.442931, 17.3], [-4.882611, 43.442611, 15.1], [-4.8835, 43.442429, 17.8], [-4.884391, 43.44232, 20.0], [-4.884896, 43.441929, 22.0], [-4.8854, 43.441538, 25.9], [-4.886217, 43.441404, 25.0], [-4.88707, 43.441276, 27.0], [-4.887924, 43.441148, 28.7], [-4.888828, 43.440837, 31.0], [-4.889731, 43.440513, 33.1], [-4.890493, 43.440111, 36.0], [-4.891255, 43.439709, 39.4], [-4.892171, 43.439506, 42.6], [-4.893087, 43.439303, 40.0], [-4.893913, 43.439168, 37.5], [-4.894134, 43.439467, 35.4], [-4.894383, 43.439759, 33.0], [-4.894838, 43.439866, 33.6], [-4.895394, 43.439642, 33.0], [-4.896133, 43.439401, 41.4], [-4.896774, 43.439236, 37.4], [-4.897457, 43.43897, 36.0], [-4.897984, 43.438733, 37.0], [-4.898374, 43.438821, 39.0], [-4.899175, 43.438754, 43.0], [-4.899737, 43.438752, 46.0], [-4.900375, 43.438815, 50.7], [-4.901178, 43.438809, 50.0], [-4.901973, 43.438601, 46.0], [-4.902778, 43.438373, 46.4], [-4.90308, 43.438301, 47.3], [-4.904066, 43.438574, 50.0], [-4.904984, 43.438713, 52.3], [-4.905779, 43.438794, 51.7], [-4.906515, 43.438722, 55.3], [-4.907443, 43.438901, 51.4], [-4.908413, 43.438959, 52.2], [-4.908918, 43.438904, 52.5], [-4.909645, 43.438563, 48.0], [-4.910373, 43.438221, 48.4], [-4.911021, 43.438016, 52.0], [-4.911601, 43.437697, 56.6], [-4.912274, 43.437404, 59.0], [-4.912975, 43.437124, 64.8], [-4.913686, 43.436843, 67.0], [-4.914406, 43.436562, 68.8], [-4.915142, 43.436228, 66.4], [-4.915996, 43.436099, 65.2], [-4.916989, 43.436016, 68.0], [-4.917973, 43.435932, 69.0], [-4.919089, 43.435914, 70.4], [-4.920204, 43.435895, 76.8], [-4.921245, 43.435851, 73.0], [-4.921839, 43.435707, 69.8], [-4.922419, 43.435375, 64.6], [-4.923069, 43.435223, 57.0], [-4.924068, 43.435308, 59.1], [-4.925066, 43.435392, 63.1], [-4.926155, 43.435414, 77.6], [-4.927253, 43.435436, 82.0], [-4.928351, 43.435452, 83.3], [-4.929427, 43.43536, 86.0], [-4.93056, 43.435294, 86.4], [-4.931779, 43.435348, 82.8], [-4.932812, 43.435653, 77.0], [-4.933797, 43.436161, 70.2], [-4.934772, 43.436669, 64.9], [-4.935719, 43.437144, 59.0], [-4.936279, 43.437665, 57.0], [-4.937174, 43.437657, 54.0], [-4.938127, 43.437769, 51.0], [-4.938872, 43.437696, 50.0], [-4.939447, 43.437525, 51.0], [-4.940427, 43.437872, 50.0], [-4.941424, 43.438184, 47.8], [-4.942231, 43.438339, 49.1], [-4.942844, 43.438483, 49.9], [-4.943442, 43.438433, 54.5], [-4.943595, 43.438605, 54.9], [-4.943416, 43.439079, 56.8], [-4.943139, 43.439642, 55.0], [-4.942913, 43.440352, 55.9], [-4.942859, 43.440978, 55.2], [-4.943172, 43.441531, 63.2], [-4.943504, 43.441828, 65.0], [-4.944038, 43.442081, 61.0], [-4.944731, 43.44215, 54.3], [-4.945572, 43.44219, 51.2], [-4.94596, 43.442795, 49.5], [-4.94736, 43.442436, 60.7], [-4.948815, 43.442075, 61.0], [-4.950279, 43.441714, 58.0], [-4.951676, 43.441261, 59.7], [-4.953066, 43.440908, 63.3], [-4.954559, 43.440593, 62.1], [-4.956049, 43.44044, 61.5], [-4.957559, 43.440375, 57.9], [-4.958546, 43.440371, 58.0], [-4.959448, 43.440612, 61.0], [-4.960431, 43.440783, 57.9], [-4.960982, 43.441285, 55.4], [-4.96128, 43.441925, 55.6], [-4.961569, 43.442606, 55.1], [-4.962107, 43.442973, 54.6], [-4.962843, 43.442928, 53.0], [-4.963552, 43.443171, 53.0], [-4.964154, 43.443551, 56.3], [-4.965032, 43.443879, 64.0], [-4.965699, 43.443955, 69.8], [-4.966328, 43.444025, 79.0], [-4.967072, 43.443938, 87.0], [-4.96775, 43.443792, 92.0], [-4.968768, 43.443889, 98.0], [-4.969332, 43.443927, 101.9], [-4.969956, 43.444138, 109.8], [-4.970506, 43.444304, 115.7], [-4.971258, 43.444183, 114.3], [-4.971815, 43.444013, 110.3], [-4.972542, 43.443953, 109.7], [-4.973344, 43.443926, 103.4], [-4.973641, 43.443713, 99.8], [-4.974039, 43.443471, 96.8], [-4.974485, 43.443276, 98.6], [-4.975194, 43.44327, 96.0], [-4.976001, 43.443391, 93.0], [-4.976853, 43.443491, 93.0], [-4.977372, 43.443301, 93.3], [-4.977945, 43.443036, 93.4], [-4.978873, 43.442939, 89.8], [-4.979198, 43.442719, 90.0], [-4.979529, 43.442431, 85.3], [-4.980387, 43.442127, 79.8], [-4.98133, 43.441936, 73.1], [-4.98175, 43.441802, 70.0], [-4.982303, 43.44151, 66.1], [-4.982644, 43.441209, 60.8], [-4.983377, 43.441075, 57.4], [-4.983705, 43.440942, 53.0], [-4.98411, 43.441197, 52.0], [-4.984197, 43.441606, 51.0], [-4.983951, 43.442007, 51.4], [-4.983591, 43.442282, 54.0], [-4.983447, 43.442675, 53.2], [-4.983154, 43.443023, 52.0], [-4.98301, 43.443409, 50.7], [-4.982801, 43.443796, 50.8], [-4.982568, 43.444305, 48.0], [-4.98251, 43.444776, 45.5], [-4.982002, 43.445061, 45.9], [-4.981645, 43.44543, 46.7], [-4.980933, 43.445933, 41.2], [-4.980867, 43.446177, 36.9], [-4.981919, 43.446179, 29.9], [-4.983152, 43.446111, 26.5], [-4.984361, 43.446104, 28.4], [-4.985016, 43.446408, 33.2], [-4.985671, 43.4467, 25.7], [-4.985748, 43.447062, 22.9], [-4.986719, 43.447139, 30.7], [-4.987159, 43.447347, 30.0], [-4.98776, 43.447404, 32.1], [-4.988353, 43.447192, 35.2], [-4.988904, 43.446833, 31.0], [-4.989395, 43.446637, 32.4], [-4.990138, 43.44651, 36.9], [-4.990378, 43.446492, 36.2], [-4.990442, 43.446774, 38.0], [-4.990327, 43.446924, 38.2], [-4.990886, 43.447089, 39.0], [-4.991249, 43.447184, 40.2], [-4.991441, 43.447134, 41.0], [-4.991709, 43.447156, 42.2], [-4.99207, 43.447197, 45.8], [-4.992356, 43.447199, 43.6], [-4.992923, 43.447324, 39.0], [-4.993115, 43.44728, 39.0], [-4.993237, 43.447057, 38.9], [-4.99335, 43.446847, 39.0], [-4.99356, 43.446796, 39.4], [-4.994116, 43.446881, 40.0], [-4.994496, 43.446928, 40.0], [-4.99467, 43.447181, 39.0], [-4.994729, 43.447563, 39.0], [-4.994817, 43.44771, 41.0], [-4.994909, 43.447446, 40.5], [-4.995167, 43.447153, 43.2], [-4.99528, 43.446936, 45.0], [-4.995278, 43.446607, 44.0], [-4.995867, 43.446563, 43.0], [-4.996413, 43.446621, 40.7], [-4.996959, 43.446679, 39.0], [-4.997496, 43.446751, 37.0], [-4.998034, 43.446829, 37.0], [-4.998509, 43.446989, 38.4], [-4.998968, 43.447203, 39.6], [-4.999417, 43.447659, 44.6], [-4.999884, 43.447846, 44.0], [-5.000845, 43.447897, 45.5], [-5.001824, 43.447934, 43.0], [-5.002812, 43.44797, 42.8], [-5.003757, 43.448082, 44.9], [-5.004693, 43.448227, 46.3], [-5.005334, 43.448633, 39.0], [-5.006081, 43.448916, 37.5], [-5.00628, 43.449087, 37.0], [-5.006585, 43.449646, 40.1], [-5.007103, 43.44996, 41.6], [-5.007736, 43.450413, 41.2], [-5.008391, 43.450725, 39.7], [-5.009103, 43.451048, 37.0], [-5.00975, 43.451353, 34.3], [-5.010303, 43.451619, 32.2], [-5.010969, 43.451399, 31.0], [-5.011663, 43.451179, 33.0], [-5.012171, 43.450935, 35.1], [-5.013142, 43.451019, 42.0], [-5.014114, 43.45111, 43.5], [-5.015102, 43.45114, 45.9], [-5.015937, 43.451293, 42.8], [-5.016833, 43.451587, 41.6], [-5.017712, 43.451935, 38.9], [-5.018482, 43.452365, 37.0], [-5.019253, 43.452795, 38.4], [-5.020095, 43.453137, 44.1], [-5.020864, 43.453513, 41.8], [-5.021575, 43.454086, 41.0], [-5.022341, 43.454395, 43.0], [-5.023064, 43.454772, 40.7], [-5.023942, 43.455093, 35.1], [-5.024839, 43.455158, 33.0], [-5.025806, 43.45537, 34.0], [-5.026591, 43.45541, 35.0], [-5.027424, 43.455496, 35.6], [-5.028036, 43.455573, 39.4], [-5.028796, 43.455949, 41.7], [-5.029638, 43.456325, 44.0], [-5.030635, 43.456616, 45.0], [-5.031595, 43.456909, 49.6], [-5.032589, 43.457362, 49.0], [-5.033153, 43.457412, 49.0], [-5.033673, 43.457242, 47.0], [-5.034279, 43.457158, 45.8], [-5.03499, 43.457172, 45.3], [-5.035615, 43.457114, 46.0], [-5.036316, 43.457109, 47.6], [-5.037152, 43.457282, 49.4], [-5.038035, 43.457482, 44.5], [-5.038915, 43.457587, 36.6], [-5.039844, 43.457759, 33.0], [-5.040729, 43.458019, 33.7], [-5.041642, 43.458279, 33.1], [-5.042511, 43.458331, 31.8], [-5.043226, 43.45819, 30.2], [-5.043939, 43.458017, 29.0], [-5.044813, 43.458196, 25.5], [-5.045682, 43.458806, 28.0], [-5.0466, 43.45922, 28.1], [-5.047491, 43.459365, 28.8], [-5.048397, 43.45943, 30.6], [-5.049272, 43.459657, 32.3], [-5.050146, 43.45987, 33.0], [-5.050831, 43.459938, 35.0], [-5.051512, 43.459873, 38.6], [-5.05222, 43.459813, 41.9], [-5.052903, 43.459815, 40.1], [-5.053603, 43.460051, 38.1], [-5.054303, 43.460287, 34.9], [-5.054842, 43.460143, 32.0], [-5.05535, 43.459893, 31.8], [-5.05596, 43.45964, 28.5], [-5.056797, 43.459571, 26.0], [-5.057709, 43.459528, 22.0], [-5.058643, 43.459586, 24.0], [-5.059445, 43.45984, 11.7], [-5.059912, 43.460296, 7.2], [-5.059846, 43.460795, 13.4], [-5.059566, 43.461257, 5.5], [-5.059131, 43.461474, 3.0], [-5.05868, 43.461778, 4.0], [-5.058228, 43.462082, 3.0], [-5.05774, 43.462367, 3.3], [-5.057356, 43.462737, 4.0], [-5.056744, 43.463191, 3.7], [-5.057037, 43.463415, 3.0], [-5.057567, 43.463822, 3.0], [-5.05802, 43.463559, 3.0], [-5.05849, 43.463282, 3.0], [-5.059073, 43.463063, 3.0], [-5.059559, 43.462692, 3.0], [-5.060338, 43.462268, 3.0], [-5.06021, 43.462049, 3.0], [-5.060377, 43.461791, 3.4], [-5.060957, 43.461485, 3.5], [-5.06187, 43.461764, 0.0], [-5.063112, 43.462185, 0.0], [-5.064419, 43.462626, 2.2], [-5.064906, 43.462866, 6.0], [-5.065699, 43.463369, 5.9], [-5.066299, 43.463648, 6.0], [-5.06649, 43.464122, 4.0], [-5.066653, 43.464583, 5.0], [-5.06672, 43.464925, 5.0], [-5.067511, 43.46485, 6.1], [-5.068476, 43.464725, 7.0], [-5.069069, 43.46468, 7.0]]}}, {"type": "Feature", "properties": {"order": 16, "group": "camino-del-norte-irun-arzua", "source_file": "17a-ribadesella-sebrayo.gpx", "reversed_from_source": false, "point_count": 269, "source": "CNIG/IGN - Rutas de Caminos de Santiago 2020-2026 (datos FEAACS)", "license": "CC-BY 4.0", "attribution": "Obra derivada de Rutas de Caminos de Santiago 2020-2026 CC-BY 4.0 FEAACS"}, "geometry": {"type": "LineString", "coordinates": [[-5.06903, 43.464652, 7.0], [-5.071482, 43.465022, 7.0], [-5.075098, 43.465675, 5.0], [-5.075623, 43.465861, 5.0], [-5.077898, 43.466891, 3.0], [-5.078979, 43.467237, 3.0], [-5.083893, 43.467707, 3.0], [-5.088647, 43.467913, 5.8], [-5.092284, 43.467701, 11.4], [-5.093599, 43.467543, 15.2], [-5.096051, 43.467876, 24.2], [-5.098788, 43.467765, 31.2], [-5.101131, 43.467357, 27.0], [-5.103816, 43.468148, 21.9], [-5.105237, 43.468621, 31.7], [-5.106087, 43.468557, 42.3], [-5.10729, 43.469034, 50.5], [-5.108208, 43.468981, 59.9], [-5.109097, 43.4686, 72.0], [-5.110665, 43.467049, 85.0], [-5.111351, 43.466611, 91.8], [-5.112273, 43.466679, 97.5], [-5.113052, 43.466982, 99.7], [-5.115066, 43.468649, 79.7], [-5.115255, 43.469279, 73.5], [-5.11636, 43.469794, 64.5], [-5.117541, 43.469651, 61.8], [-5.118363, 43.469734, 56.9], [-5.120345, 43.470476, 54.6], [-5.121115, 43.470499, 49.1], [-5.122993, 43.471158, 49.5], [-5.123746, 43.471656, 52.8], [-5.123924, 43.472456, 51.5], [-5.12544, 43.473256, 60.1], [-5.125641, 43.474202, 69.2], [-5.126734, 43.475339, 56.0], [-5.127632, 43.476162, 44.9], [-5.127972, 43.476814, 38.8], [-5.12943, 43.476896, 33.6], [-5.12997, 43.477069, 26.9], [-5.130779, 43.477712, 22.6], [-5.131484, 43.477796, 11.0], [-5.132027, 43.478042, 8.0], [-5.1326, 43.478165, 7.0], [-5.133219, 43.478653, 6.0], [-5.134374, 43.47918, 5.0], [-5.134525, 43.479652, 5.0], [-5.13498, 43.479753, 4.0], [-5.135841, 43.479518, 6.0], [-5.136907, 43.479413, 6.0], [-5.137064, 43.479131, 6.0], [-5.136893, 43.478562, 10.1], [-5.137349, 43.478225, 19.0], [-5.138244, 43.478001, 23.0], [-5.139012, 43.477963, 23.6], [-5.139742, 43.477803, 29.2], [-5.140518, 43.478008, 32.8], [-5.141317, 43.47792, 38.7], [-5.142536, 43.477411, 47.0], [-5.144104, 43.476846, 56.8], [-5.144384, 43.475758, 74.3], [-5.145468, 43.475214, 83.7], [-5.147079, 43.474466, 89.7], [-5.148078, 43.474812, 93.1], [-5.149174, 43.475084, 100.4], [-5.149803, 43.475377, 105.8], [-5.150674, 43.475434, 97.0], [-5.150894, 43.47504, 94.5], [-5.150944, 43.474553, 82.6], [-5.151272, 43.474389, 81.0], [-5.151883, 43.47417, 87.7], [-5.152379, 43.474015, 84.0], [-5.152818, 43.47369, 79.1], [-5.153447, 43.473496, 78.5], [-5.153851, 43.473124, 70.8], [-5.154418, 43.473551, 68.9], [-5.155085, 43.473965, 63.0], [-5.15587, 43.473951, 62.6], [-5.15601, 43.47368, 58.3], [-5.155312, 43.473316, 54.0], [-5.154953, 43.473104, 53.9], [-5.15481, 43.472365, 51.3], [-5.154962, 43.471948, 46.0], [-5.156087, 43.471611, 43.7], [-5.157233, 43.471407, 41.8], [-5.157839, 43.471992, 43.4], [-5.158463, 43.472614, 42.6], [-5.160778, 43.473325, 40.6], [-5.161315, 43.473376, 36.5], [-5.162076, 43.473167, 35.6], [-5.163026, 43.473563, 39.6], [-5.163997, 43.473594, 40.3], [-5.167025, 43.473184, 46.9], [-5.16735, 43.473409, 52.4], [-5.167938, 43.473471, 64.2], [-5.169441, 43.472968, 80.6], [-5.170619, 43.472714, 83.0], [-5.171315, 43.47303, 74.8], [-5.172292, 43.473219, 58.5], [-5.173746, 43.473228, 45.3], [-5.174333, 43.473728, 36.2], [-5.175212, 43.474004, 38.4], [-5.176127, 43.473902, 32.1], [-5.177011, 43.473848, 31.0], [-5.17804, 43.474109, 24.9], [-5.179247, 43.474196, 20.2], [-5.180656, 43.473877, 28.6], [-5.181651, 43.474114, 33.4], [-5.182337, 43.474125, 37.0], [-5.183336, 43.474472, 36.8], [-5.184605, 43.474448, 35.6], [-5.186469, 43.475131, 46.9], [-5.187975, 43.475187, 40.5], [-5.18941, 43.475112, 38.9], [-5.190563, 43.474639, 37.8], [-5.191614, 43.474558, 34.2], [-5.192313, 43.474484, 29.5], [-5.192973, 43.474241, 26.4], [-5.193777, 43.474286, 21.7], [-5.194765, 43.474353, 10.8], [-5.196035, 43.474804, 13.6], [-5.198548, 43.474926, 20.1], [-5.202261, 43.474976, 25.9], [-5.203991, 43.474761, 17.6], [-5.204593, 43.474311, 9.6], [-5.207242, 43.474065, 7.6], [-5.208336, 43.473813, 6.0], [-5.210065, 43.474011, 10.0], [-5.212307, 43.474053, 6.0], [-5.214252, 43.473748, 4.0], [-5.215127, 43.473451, 4.0], [-5.216045, 43.472971, 2.6], [-5.220961, 43.475274, 15.6], [-5.226877, 43.477948, 11.1], [-5.229799, 43.479218, 11.9], [-5.229926, 43.479021, 12.6], [-5.230663, 43.478617, 18.4], [-5.231373, 43.478372, 16.4], [-5.231879, 43.478509, 11.1], [-5.232537, 43.479117, 12.0], [-5.233109, 43.479666, 14.0], [-5.235781, 43.479602, 29.0], [-5.2375, 43.479508, 28.0], [-5.238242, 43.479238, 29.0], [-5.238786, 43.479021, 30.2], [-5.241873, 43.479776, 52.4], [-5.244734, 43.479818, 50.0], [-5.245394, 43.480499, 48.0], [-5.245535, 43.481142, 53.0], [-5.246092, 43.481289, 52.6], [-5.247864, 43.481279, 44.7], [-5.249276, 43.481483, 39.0], [-5.250851, 43.481574, 38.0], [-5.251149, 43.481946, 41.5], [-5.252368, 43.481922, 43.0], [-5.252825, 43.482083, 39.4], [-5.253461, 43.482534, 37.3], [-5.254792, 43.482824, 34.0], [-5.256168, 43.482944, 29.0], [-5.257256, 43.482983, 26.0], [-5.260909, 43.483666, 23.9], [-5.261434, 43.483388, 25.0], [-5.263765, 43.484036, 26.6], [-5.266153, 43.484391, 17.0], [-5.267461, 43.484487, 12.2], [-5.268268, 43.484617, 12.1], [-5.268514, 43.484941, 14.8], [-5.268573, 43.485184, 18.0], [-5.269646, 43.48526, 19.0], [-5.270756, 43.484983, 20.0], [-5.271762, 43.484622, 21.1], [-5.272445, 43.484536, 22.4], [-5.273089, 43.484341, 18.2], [-5.273718, 43.484608, 9.5], [-5.274688, 43.485502, 9.0], [-5.276758, 43.484975, 7.0], [-5.280133, 43.484481, 9.3], [-5.285067, 43.483628, 7.6], [-5.286937, 43.484431, 7.5], [-5.28895, 43.484622, 8.0], [-5.292067, 43.483915, 18.0], [-5.29325, 43.483806, 18.0], [-5.297309, 43.484151, 24.0], [-5.29805, 43.483418, 16.0], [-5.298009, 43.482786, 13.3], [-5.298497, 43.482424, 13.1], [-5.299515, 43.482379, 14.0], [-5.301188, 43.48153, 22.2], [-5.302354, 43.481422, 18.1], [-5.303256, 43.480953, 24.3], [-5.303513, 43.481557, 31.0], [-5.304235, 43.481202, 38.0], [-5.306708, 43.481152, 59.9], [-5.308177, 43.48066, 62.3], [-5.310236, 43.480302, 71.7], [-5.310468, 43.479799, 70.6], [-5.310146, 43.479245, 74.8], [-5.310386, 43.478985, 78.0], [-5.311353, 43.478466, 82.0], [-5.312222, 43.478912, 76.7], [-5.313501, 43.47913, 75.0], [-5.314258, 43.47881, 76.0], [-5.314775, 43.478788, 79.6], [-5.315394, 43.478349, 87.8], [-5.316583, 43.478849, 93.9], [-5.317355, 43.478481, 93.0], [-5.31886, 43.478925, 76.6], [-5.320553, 43.479037, 64.6], [-5.321605, 43.47859, 53.6], [-5.322507, 43.47856, 46.9], [-5.323758, 43.478486, 45.6], [-5.324324, 43.478426, 49.9], [-5.324542, 43.478896, 50.0], [-5.325812, 43.478445, 50.7], [-5.326577, 43.478332, 54.1], [-5.327068, 43.478067, 55.6], [-5.328408, 43.478125, 65.6], [-5.33011, 43.477616, 61.4], [-5.331424, 43.478307, 81.0], [-5.334609, 43.478523, 102.7], [-5.335813, 43.478547, 111.2], [-5.337201, 43.478969, 114.7], [-5.34033, 43.480342, 132.1], [-5.34379, 43.481623, 162.4], [-5.344614, 43.482191, 172.8], [-5.345599, 43.482134, 177.0], [-5.346715, 43.482464, 180.8], [-5.348219, 43.482446, 177.1], [-5.349733, 43.483121, 176.8], [-5.351461, 43.483281, 180.0], [-5.353405, 43.483825, 166.5], [-5.354277, 43.483905, 159.0], [-5.3549, 43.48444, 154.3], [-5.355263, 43.484737, 147.8], [-5.356496, 43.484639, 141.1], [-5.358575, 43.485205, 146.0], [-5.35922, 43.485472, 144.0], [-5.360894, 43.485523, 136.8], [-5.361802, 43.485651, 134.5], [-5.362197, 43.485923, 126.9], [-5.362473, 43.486575, 119.8], [-5.362845, 43.487115, 114.1], [-5.361905, 43.487865, 104.8], [-5.36184, 43.488366, 101.2], [-5.362401, 43.489024, 92.1], [-5.362871, 43.489064, 84.7], [-5.3639, 43.488446, 78.7], [-5.364348, 43.488352, 79.3], [-5.364397, 43.488765, 82.5], [-5.363499, 43.489733, 58.2], [-5.362488, 43.490412, 49.8], [-5.363011, 43.491375, 45.1], [-5.364058, 43.492948, 37.2], [-5.3638, 43.493611, 31.2], [-5.364118, 43.494068, 32.6], [-5.366039, 43.494431, 29.5], [-5.366909, 43.49445, 31.4], [-5.36806, 43.494378, 23.0], [-5.370673, 43.494482, 24.6], [-5.37195, 43.494639, 25.2], [-5.373859, 43.494721, 19.4], [-5.374121, 43.495422, 16.6], [-5.37605, 43.496429, 7.1], [-5.376213, 43.49718, 6.0], [-5.376768, 43.49768, 12.9], [-5.377799, 43.49839, 15.9], [-5.378331, 43.498744, 17.1], [-5.379022, 43.499314, 14.2], [-5.380237, 43.500008, 13.0]]}}, {"type": "Feature", "properties": {"order": 17, "group": "camino-del-norte-irun-arzua", "source_file": "18a-sebrayo-la-vega.gpx", "reversed_from_source": false, "point_count": 305, "source": "CNIG/IGN - Rutas de Caminos de Santiago 2020-2026 (datos FEAACS)", "license": "CC-BY 4.0", "attribution": "Obra derivada de Rutas de Caminos de Santiago 2020-2026 CC-BY 4.0 FEAACS"}, "geometry": {"type": "LineString", "coordinates": [[-5.380471, 43.499969, 13.9], [-5.381211, 43.50037, 8.3], [-5.382669, 43.50059, 13.0], [-5.383551, 43.50071, 11.5], [-5.384782, 43.500962, 10.0], [-5.386008, 43.501104, 9.0], [-5.387192, 43.501163, 9.0], [-5.388104, 43.501061, 9.0], [-5.389245, 43.500981, 9.0], [-5.3897, 43.500848, 5.8], [-5.390272, 43.500553, 12.1], [-5.390791, 43.500117, 9.7], [-5.391574, 43.500225, 22.0], [-5.392365, 43.500528, 30.0], [-5.393273, 43.500722, 38.7], [-5.3938, 43.500498, 45.0], [-5.394199, 43.500118, 50.0], [-5.394971, 43.49996, 49.0], [-5.395526, 43.499843, 47.8], [-5.396061, 43.499814, 48.4], [-5.396802, 43.49948, 55.0], [-5.397247, 43.499045, 56.0], [-5.397792, 43.498662, 64.6], [-5.398473, 43.498648, 70.8], [-5.399207, 43.498739, 70.9], [-5.399935, 43.498671, 70.4], [-5.401037, 43.498843, 72.6], [-5.401935, 43.498789, 80.2], [-5.402441, 43.498654, 86.8], [-5.402713, 43.498755, 84.2], [-5.402976, 43.499246, 58.6], [-5.403243, 43.499861, 48.1], [-5.403702, 43.500383, 47.4], [-5.404401, 43.500812, 43.0], [-5.405237, 43.501025, 44.9], [-5.406146, 43.501236, 42.3], [-5.407311, 43.501141, 48.0], [-5.408482, 43.501205, 55.2], [-5.409505, 43.501237, 45.4], [-5.410338, 43.500759, 43.2], [-5.410995, 43.500143, 46.8], [-5.411601, 43.499457, 41.4], [-5.412331, 43.498839, 32.0], [-5.413061, 43.498221, 20.9], [-5.413506, 43.497805, 14.0], [-5.41371, 43.497411, 16.8], [-5.413472, 43.496938, 18.1], [-5.413992, 43.496555, 26.5], [-5.414513, 43.496207, 22.0], [-5.414971, 43.495489, 22.9], [-5.41543, 43.49477, 24.0], [-5.416105, 43.493994, 28.0], [-5.416797, 43.493059, 36.4], [-5.417169, 43.492608, 37.8], [-5.418328, 43.492991, 33.4], [-5.419515, 43.49286, 27.6], [-5.420672, 43.49257, 19.0], [-5.421829, 43.49228, 9.3], [-5.422412, 43.491648, 6.5], [-5.422712, 43.491234, 13.4], [-5.422688, 43.49065, 19.1], [-5.422644, 43.490155, 15.6], [-5.423391, 43.48998, 19.1], [-5.424188, 43.489821, 15.0], [-5.424831, 43.489471, 11.6], [-5.425324, 43.489018, 10.3], [-5.425684, 43.488284, 13.7], [-5.426736, 43.487819, 9.1], [-5.427382, 43.487522, 9.0], [-5.428041, 43.486977, 9.0], [-5.428673, 43.486343, 9.0], [-5.428994, 43.485858, 9.1], [-5.429827, 43.48538, 8.9], [-5.430658, 43.484866, 8.0], [-5.431088, 43.484078, 9.2], [-5.431356, 43.48347, 10.0], [-5.432156, 43.482797, 8.0], [-5.432957, 43.482125, 6.0], [-5.433613, 43.481491, 5.0], [-5.43397, 43.481288, 5.0], [-5.434255, 43.48052, 6.0], [-5.434447, 43.479843, 8.0], [-5.434989, 43.480027, 6.0], [-5.435752, 43.479621, 6.0], [-5.436514, 43.479215, 5.0], [-5.436961, 43.478816, 5.0], [-5.437278, 43.478242, 5.0], [-5.437759, 43.477488, 5.0], [-5.438213, 43.476681, 5.0], [-5.438667, 43.475874, 6.0], [-5.439072, 43.475051, 6.0], [-5.439476, 43.474209, 6.0], [-5.440048, 43.473311, 7.0], [-5.440762, 43.472322, 8.0], [-5.441199, 43.471692, 15.5], [-5.442215, 43.470926, 11.6], [-5.44323, 43.470161, 15.3], [-5.443675, 43.469744, 19.7], [-5.443914, 43.46903, 19.4], [-5.444055, 43.468301, 20.0], [-5.444649, 43.467951, 19.0], [-5.445088, 43.467375, 16.8], [-5.445468, 43.466535, 14.2], [-5.446329, 43.466162, 12.0], [-5.44709, 43.465738, 11.0], [-5.447474, 43.465606, 12.0], [-5.448062, 43.4657, 12.8], [-5.448824, 43.465897, 14.0], [-5.449635, 43.465507, 13.1], [-5.45043, 43.465313, 14.2], [-5.451278, 43.465225, 16.0], [-5.45231, 43.465486, 15.0], [-5.45328, 43.465997, 16.1], [-5.454486, 43.466362, 23.3], [-5.455658, 43.466443, 19.8], [-5.456969, 43.46638, 20.0], [-5.458375, 43.466261, 24.0], [-5.459831, 43.466159, 26.0], [-5.461414, 43.466196, 25.1], [-5.462216, 43.465577, 21.0], [-5.463139, 43.464955, 22.9], [-5.464063, 43.46435, 22.5], [-5.46511, 43.463761, 27.0], [-5.466019, 43.463387, 31.1], [-5.466562, 43.463588, 35.9], [-5.466611, 43.462985, 43.3], [-5.466969, 43.462836, 48.3], [-5.468099, 43.462492, 56.0], [-5.469232, 43.462238, 55.9], [-5.470365, 43.461983, 60.7], [-5.471424, 43.461712, 64.0], [-5.472232, 43.461252, 62.7], [-5.47278, 43.460957, 65.0], [-5.4731, 43.460454, 68.0], [-5.473056, 43.459977, 71.3], [-5.473266, 43.45976, 72.1], [-5.474374, 43.459488, 78.7], [-5.475059, 43.458977, 81.5], [-5.474842, 43.45845, 85.0], [-5.474816, 43.457795, 85.1], [-5.474336, 43.457363, 88.0], [-5.474155, 43.457119, 88.3], [-5.474732, 43.456345, 90.0], [-5.475194, 43.45575, 91.0], [-5.475616, 43.455369, 94.1], [-5.474952, 43.454586, 99.2], [-5.474362, 43.453855, 103.0], [-5.473575, 43.453642, 103.0], [-5.472643, 43.452865, 103.9], [-5.471724, 43.452406, 112.0], [-5.471395, 43.452077, 112.2], [-5.471107, 43.451587, 109.8], [-5.471252, 43.450982, 111.3], [-5.472043, 43.450096, 114.7], [-5.472711, 43.44916, 114.0], [-5.47325, 43.448671, 119.6], [-5.473818, 43.448286, 125.5], [-5.47488, 43.448086, 131.5], [-5.475304, 43.447741, 137.0], [-5.475528, 43.447293, 135.1], [-5.47585, 43.446843, 133.5], [-5.476592, 43.446544, 140.4], [-5.477757, 43.446483, 141.0], [-5.478575, 43.446856, 144.6], [-5.479162, 43.447534, 152.0], [-5.4802, 43.447353, 158.2], [-5.481251, 43.446887, 160.3], [-5.482275, 43.446351, 164.0], [-5.483472, 43.445882, 171.4], [-5.484556, 43.445629, 173.0], [-5.485688, 43.445959, 178.0], [-5.486364, 43.446423, 179.1], [-5.48673, 43.447053, 183.3], [-5.487143, 43.447027, 192.5], [-5.48727, 43.446581, 193.9], [-5.487569, 43.44615, 197.1], [-5.488249, 43.44555, 198.0], [-5.488802, 43.444794, 205.1], [-5.489087, 43.444044, 211.8], [-5.489107, 43.443352, 214.7], [-5.489522, 43.442794, 216.7], [-5.490214, 43.44246, 217.6], [-5.491053, 43.442177, 215.3], [-5.49253, 43.442605, 203.0], [-5.493483, 43.442727, 201.0], [-5.496273, 43.442542, 189.1], [-5.499063, 43.442375, 174.8], [-5.501048, 43.442172, 163.1], [-5.502126, 43.441759, 154.4], [-5.503219, 43.44115, 151.3], [-5.504205, 43.440296, 140.3], [-5.505148, 43.439567, 142.5], [-5.505604, 43.438246, 161.4], [-5.505996, 43.437741, 141.9], [-5.506949, 43.43726, 135.0], [-5.507462, 43.437302, 145.1], [-5.50773, 43.436747, 148.2], [-5.507571, 43.435847, 145.3], [-5.507777, 43.434939, 142.3], [-5.508321, 43.433988, 143.2], [-5.508458, 43.432603, 145.9], [-5.508176, 43.431652, 162.3], [-5.508786, 43.43054, 166.0], [-5.508645, 43.429463, 171.1], [-5.508208, 43.428905, 179.0], [-5.50792, 43.428416, 184.0], [-5.507815, 43.427638, 197.4], [-5.507268, 43.427349, 212.0], [-5.507477, 43.427115, 215.2], [-5.508561, 43.426878, 221.4], [-5.509353, 43.427216, 232.1], [-5.510888, 43.426686, 237.6], [-5.512285, 43.426957, 246.4], [-5.513066, 43.427613, 265.0], [-5.513506, 43.428277, 263.8], [-5.514172, 43.428493, 260.0], [-5.514886, 43.428123, 279.3], [-5.513863, 43.42749, 298.9], [-5.513443, 43.426756, 307.2], [-5.513442, 43.426153, 322.0], [-5.513009, 43.425685, 334.0], [-5.514097, 43.425537, 349.1], [-5.51403, 43.425096, 362.4], [-5.514318, 43.424416, 374.0], [-5.514359, 43.423653, 387.8], [-5.513952, 43.423202, 389.5], [-5.51326, 43.422934, 388.9], [-5.512975, 43.422533, 391.0], [-5.513105, 43.42214, 393.0], [-5.512522, 43.422153, 397.8], [-5.511797, 43.422258, 399.4], [-5.511154, 43.422006, 400.0], [-5.510833, 43.421305, 396.8], [-5.510889, 43.420294, 391.1], [-5.509757, 43.41938, 386.6], [-5.5092, 43.418275, 378.7], [-5.508498, 43.417742, 381.0], [-5.507956, 43.416992, 373.1], [-5.507125, 43.416886, 374.4], [-5.506318, 43.41678, 377.4], [-5.506231, 43.416428, 377.4], [-5.506335, 43.416, 371.8], [-5.506945, 43.415473, 369.3], [-5.507134, 43.41476, 363.4], [-5.507013, 43.414196, 355.7], [-5.506854, 43.413881, 351.6], [-5.50763, 43.413226, 340.6], [-5.508529, 43.413224, 339.1], [-5.508907, 43.412968, 333.5], [-5.508528, 43.412037, 327.8], [-5.508824, 43.411552, 335.3], [-5.508745, 43.41081, 329.7], [-5.50935, 43.410744, 327.0], [-5.510122, 43.410603, 324.3], [-5.51113, 43.410297, 322.5], [-5.511923, 43.410085, 320.0], [-5.512531, 43.409505, 315.0], [-5.513418, 43.409202, 312.9], [-5.514442, 43.409286, 308.0], [-5.515519, 43.409476, 299.0], [-5.517324, 43.410216, 288.0], [-5.518483, 43.410013, 291.0], [-5.519785, 43.410357, 291.0], [-5.52066, 43.410588, 292.0], [-5.52091, 43.41076, 292.0], [-5.522033, 43.410877, 291.0], [-5.523271, 43.410832, 289.1], [-5.524545, 43.410485, 290.8], [-5.52567, 43.410656, 286.4], [-5.526749, 43.41088, 287.0], [-5.527655, 43.411038, 286.0], [-5.528312, 43.411059, 285.0], [-5.528984, 43.411452, 284.0], [-5.529653, 43.411756, 284.1], [-5.53052, 43.41156, 284.0], [-5.531413, 43.411399, 285.0], [-5.532659, 43.411549, 286.0], [-5.53379, 43.411276, 286.0], [-5.534919, 43.41095, 285.0], [-5.536364, 43.410634, 286.0], [-5.537027, 43.409627, 286.0], [-5.537402, 43.408131, 286.8], [-5.538106, 43.407531, 286.2], [-5.539374, 43.40706, 280.0], [-5.540197, 43.406404, 277.0], [-5.541325, 43.406042, 273.0], [-5.54259, 43.406085, 273.0], [-5.544271, 43.405587, 276.8], [-5.545639, 43.405167, 277.0], [-5.546424, 43.404778, 276.0], [-5.546817, 43.404291, 277.5], [-5.548399, 43.404344, 273.0], [-5.54935, 43.40443, 271.0], [-5.550046, 43.404787, 273.0], [-5.550478, 43.405805, 277.0], [-5.550955, 43.406184, 277.4], [-5.551007, 43.406839, 276.0], [-5.552571, 43.407638, 272.0], [-5.553916, 43.408972, 279.0], [-5.554871, 43.409146, 279.4], [-5.55585, 43.409319, 280.0], [-5.556565, 43.408985, 281.0], [-5.557972, 43.408918, 280.9], [-5.558135, 43.409908, 287.9], [-5.558118, 43.410653, 289.3]]}}, {"type": "Feature", "properties": {"order": 18, "group": "camino-del-norte-irun-arzua", "source_file": "19a-la-vega-oviedo.gpx", "reversed_from_source": false, "point_count": 365, "source": "CNIG/IGN - Rutas de Caminos de Santiago 2020-2026 (datos FEAACS)", "license": "CC-BY 4.0", "attribution": "Obra derivada de Rutas de Caminos de Santiago 2020-2026 CC-BY 4.0 FEAACS"}, "geometry": {"type": "LineString", "coordinates": [[-5.558081, 43.410693, 289.3], [-5.558547, 43.410528, 289.6], [-5.559074, 43.410335, 287.6], [-5.559651, 43.41015, 286.0], [-5.560644, 43.410083, 285.0], [-5.56142, 43.409902, 285.0], [-5.562161, 43.409777, 284.0], [-5.562929, 43.409678, 284.8], [-5.563718, 43.409516, 284.0], [-5.564519, 43.409317, 285.0], [-5.565354, 43.409062, 285.7], [-5.566229, 43.408861, 284.0], [-5.567087, 43.408824, 280.9], [-5.56799, 43.409004, 290.7], [-5.568866, 43.409402, 280.5], [-5.569728, 43.409782, 287.9], [-5.570274, 43.410051, 287.0], [-5.570769, 43.410276, 283.0], [-5.571585, 43.41014, 283.8], [-5.572541, 43.410091, 287.2], [-5.573554, 43.410214, 285.0], [-5.574504, 43.410002, 279.2], [-5.575457, 43.409899, 279.7], [-5.576473, 43.410085, 282.0], [-5.577325, 43.410511, 283.2], [-5.577992, 43.410687, 285.0], [-5.578912, 43.410657, 286.0], [-5.579882, 43.410635, 289.0], [-5.580763, 43.410888, 291.1], [-5.581814, 43.41101, 294.3], [-5.582925, 43.411094, 299.0], [-5.583986, 43.411161, 298.3], [-5.584632, 43.411137, 294.2], [-5.585441, 43.410865, 287.0], [-5.5863, 43.410574, 281.0], [-5.587177, 43.410409, 279.0], [-5.588061, 43.410135, 278.9], [-5.588854, 43.409773, 276.0], [-5.589648, 43.40941, 274.4], [-5.590278, 43.409296, 274.0], [-5.591198, 43.409285, 273.0], [-5.592024, 43.409103, 278.0], [-5.592759, 43.408832, 277.4], [-5.593536, 43.408661, 278.0], [-5.594455, 43.408622, 278.5], [-5.595412, 43.408592, 277.0], [-5.596219, 43.408546, 274.0], [-5.596801, 43.408198, 270.5], [-5.59723, 43.407762, 268.0], [-5.597594, 43.407545, 267.0], [-5.598344, 43.407319, 268.7], [-5.599104, 43.407057, 271.0], [-5.599774, 43.406725, 270.1], [-5.600105, 43.4063, 267.5], [-5.600245, 43.405807, 268.1], [-5.600693, 43.405507, 265.7], [-5.601499, 43.405153, 261.1], [-5.602498, 43.404949, 259.0], [-5.603497, 43.404745, 256.0], [-5.604512, 43.404613, 255.0], [-5.60532, 43.404586, 255.4], [-5.60613, 43.404631, 256.0], [-5.606942, 43.404695, 257.0], [-5.607717, 43.404478, 256.0], [-5.608462, 43.404171, 255.3], [-5.609398, 43.403932, 255.0], [-5.610339, 43.403829, 258.0], [-5.61138, 43.403724, 257.3], [-5.612449, 43.4037, 258.5], [-5.613461, 43.403804, 256.0], [-5.614474, 43.403926, 252.3], [-5.615246, 43.404226, 251.4], [-5.615938, 43.404392, 256.5], [-5.616831, 43.404336, 252.2], [-5.617587, 43.403974, 247.3], [-5.618304, 43.403576, 243.7], [-5.619113, 43.403277, 241.3], [-5.619981, 43.403212, 238.3], [-5.620483, 43.403328, 238.1], [-5.62087, 43.403646, 236.1], [-5.621359, 43.403716, 235.2], [-5.621965, 43.403648, 235.0], [-5.622574, 43.403617, 235.0], [-5.623393, 43.40387, 238.7], [-5.624211, 43.40407, 238.0], [-5.625066, 43.403996, 237.7], [-5.626058, 43.403919, 240.0], [-5.627063, 43.403842, 241.9], [-5.627726, 43.403636, 241.8], [-5.628362, 43.403377, 238.2], [-5.629181, 43.403322, 230.4], [-5.630088, 43.403292, 231.1], [-5.630879, 43.403174, 235.0], [-5.631373, 43.402809, 231.6], [-5.631865, 43.402372, 233.0], [-5.632356, 43.401934, 232.9], [-5.633151, 43.401626, 234.8], [-5.633808, 43.401284, 234.9], [-5.634239, 43.400894, 234.0], [-5.63474, 43.400674, 234.5], [-5.635281, 43.400525, 234.1], [-5.635514, 43.400157, 233.3], [-5.635533, 43.39974, 232.1], [-5.635894, 43.399468, 231.0], [-5.636287, 43.399342, 226.9], [-5.636804, 43.399493, 226.3], [-5.637227, 43.399511, 227.6], [-5.637261, 43.399139, 229.5], [-5.637397, 43.398845, 229.0], [-5.637698, 43.398603, 228.7], [-5.637946, 43.398298, 226.3], [-5.63823, 43.397965, 227.8], [-5.638556, 43.39774, 228.0], [-5.638882, 43.397515, 226.3], [-5.63927, 43.397289, 221.0], [-5.639699, 43.397143, 219.0], [-5.640382, 43.397109, 218.0], [-5.641076, 43.397048, 217.7], [-5.641344, 43.396924, 219.0], [-5.641416, 43.396578, 219.0], [-5.641609, 43.396147, 221.6], [-5.64178, 43.39579, 223.9], [-5.642287, 43.395433, 226.0], [-5.64282, 43.395095, 232.2], [-5.643154, 43.39477, 231.0], [-5.643516, 43.394517, 229.0], [-5.64467, 43.394445, 227.1], [-5.645407, 43.39451, 229.0], [-5.646131, 43.394584, 227.0], [-5.647063, 43.394545, 228.8], [-5.647845, 43.394227, 234.4], [-5.648549, 43.393821, 238.0], [-5.649463, 43.393673, 237.5], [-5.650584, 43.393702, 239.0], [-5.651332, 43.39373, 238.0], [-5.651922, 43.393853, 238.0], [-5.652525, 43.393984, 240.0], [-5.65321, 43.394005, 241.0], [-5.653936, 43.394115, 239.0], [-5.654664, 43.394244, 237.9], [-5.655353, 43.394355, 237.0], [-5.656077, 43.39442, 231.6], [-5.656826, 43.394476, 228.2], [-5.657574, 43.394522, 228.0], [-5.658026, 43.394312, 226.0], [-5.658474, 43.394039, 223.3], [-5.659148, 43.393806, 222.3], [-5.659834, 43.393572, 217.1], [-5.660205, 43.393518, 214.7], [-5.660664, 43.39349, 213.0], [-5.661148, 43.393461, 212.0], [-5.661317, 43.393339, 212.0], [-5.661484, 43.393181, 212.0], [-5.662629, 43.393191, 215.6], [-5.663786, 43.3932, 219.0], [-5.664408, 43.393195, 220.5], [-5.665149, 43.39335, 220.0], [-5.665703, 43.393501, 221.0], [-5.666094, 43.393628, 221.0], [-5.66658, 43.393644, 223.0], [-5.667451, 43.393642, 226.1], [-5.668558, 43.393635, 227.6], [-5.669665, 43.393628, 226.0], [-5.670498, 43.393917, 224.0], [-5.671405, 43.394159, 224.0], [-5.672375, 43.394427, 228.8], [-5.673465, 43.394611, 236.9], [-5.67465, 43.394683, 244.9], [-5.675951, 43.394843, 248.5], [-5.677025, 43.394918, 241.0], [-5.678162, 43.395037, 234.9], [-5.679084, 43.395342, 228.1], [-5.679739, 43.395536, 222.6], [-5.680489, 43.395609, 217.6], [-5.681236, 43.395909, 215.0], [-5.68209, 43.396089, 211.9], [-5.682945, 43.396287, 205.8], [-5.683454, 43.396557, 203.0], [-5.683907, 43.396655, 213.6], [-5.68449, 43.396624, 205.0], [-5.684989, 43.396376, 204.0], [-5.685724, 43.396114, 204.6], [-5.686496, 43.395852, 203.0], [-5.687444, 43.395612, 202.0], [-5.688504, 43.395388, 201.8], [-5.689564, 43.395163, 202.4], [-5.690224, 43.394912, 200.3], [-5.690919, 43.394596, 202.8], [-5.691497, 43.394166, 196.1], [-5.692153, 43.393788, 196.0], [-5.692944, 43.393397, 193.0], [-5.693355, 43.393678, 194.0], [-5.693766, 43.393977, 195.8], [-5.694177, 43.394276, 195.0], [-5.694697, 43.394482, 193.0], [-5.695504, 43.394445, 198.0], [-5.696311, 43.394408, 202.0], [-5.697316, 43.394349, 205.1], [-5.698321, 43.394289, 207.6], [-5.699325, 43.394202, 207.0], [-5.700351, 43.394069, 201.2], [-5.701392, 43.393963, 193.3], [-5.702123, 43.39391, 190.2], [-5.702548, 43.393655, 190.9], [-5.702806, 43.393304, 193.6], [-5.70296, 43.393137, 190.0], [-5.703452, 43.393008, 191.0], [-5.70382, 43.393172, 189.0], [-5.704206, 43.393462, 188.0], [-5.704501, 43.393664, 190.0], [-5.705398, 43.393416, 193.0], [-5.705803, 43.393289, 195.7], [-5.706552, 43.393362, 199.0], [-5.707495, 43.393576, 203.0], [-5.708417, 43.393609, 206.0], [-5.709382, 43.393768, 208.0], [-5.710372, 43.393926, 203.8], [-5.711095, 43.393955, 200.0], [-5.711917, 43.393972, 194.2], [-5.712625, 43.393955, 191.2], [-5.713112, 43.393708, 189.0], [-5.713566, 43.39328, 186.0], [-5.714164, 43.392758, 183.0], [-5.714746, 43.392128, 181.0], [-5.715539, 43.39151, 181.0], [-5.716332, 43.390893, 182.0], [-5.717126, 43.390275, 184.0], [-5.717994, 43.389656, 186.0], [-5.71911, 43.389022, 188.0], [-5.720151, 43.388371, 190.4], [-5.721192, 43.38773, 191.0], [-5.72235, 43.387194, 193.3], [-5.723408, 43.386661, 197.6], [-5.724148, 43.386236, 202.0], [-5.724386, 43.385994, 209.0], [-5.724975, 43.385817, 209.7], [-5.72546, 43.385542, 208.1], [-5.725818, 43.385189, 202.8], [-5.726172, 43.384773, 200.4], [-5.726659, 43.384262, 199.0], [-5.727146, 43.383743, 198.2], [-5.727631, 43.383196, 197.9], [-5.728116, 43.382631, 196.9], [-5.728603, 43.38213, 195.1], [-5.729562, 43.381862, 194.0], [-5.731142, 43.38187, 192.6], [-5.732759, 43.381868, 191.9], [-5.734373, 43.381812, 191.1], [-5.736012, 43.381736, 190.0], [-5.737651, 43.381661, 189.8], [-5.73915, 43.381544, 188.0], [-5.740677, 43.381471, 187.0], [-5.740849, 43.381694, 187.0], [-5.740994, 43.382163, 188.0], [-5.74114, 43.382631, 189.0], [-5.741468, 43.383014, 188.0], [-5.741794, 43.383351, 188.0], [-5.742269, 43.383394, 188.0], [-5.742841, 43.38339, 188.0], [-5.743436, 43.383349, 188.0], [-5.744028, 43.383244, 188.0], [-5.744544, 43.383096, 188.0], [-5.74487, 43.382889, 188.0], [-5.744932, 43.382615, 187.0], [-5.745175, 43.382474, 188.0], [-5.745708, 43.382443, 189.0], [-5.746176, 43.382613, 189.0], [-5.746644, 43.382793, 189.2], [-5.747468, 43.382864, 190.0], [-5.749823, 43.382944, 188.1], [-5.752365, 43.383037, 183.0], [-5.754946, 43.383175, 180.0], [-5.75617, 43.383291, 182.0], [-5.756742, 43.383286, 182.0], [-5.757286, 43.38321, 182.0], [-5.757702, 43.383055, 180.5], [-5.758306, 43.383204, 182.0], [-5.759084, 43.383358, 182.0], [-5.761076, 43.383392, 183.0], [-5.763158, 43.383496, 185.0], [-5.764752, 43.383539, 185.0], [-5.766136, 43.383606, 188.1], [-5.767508, 43.383673, 191.4], [-5.76898, 43.383773, 191.5], [-5.770399, 43.383785, 186.6], [-5.771817, 43.383796, 189.6], [-5.773189, 43.383591, 189.5], [-5.774977, 43.383257, 190.0], [-5.776788, 43.382868, 189.0], [-5.778599, 43.38248, 187.0], [-5.78041, 43.382091, 184.0], [-5.782176, 43.381549, 178.0], [-5.783903, 43.380954, 173.0], [-5.785691, 43.380348, 167.0], [-5.787592, 43.379749, 168.0], [-5.789336, 43.379271, 166.8], [-5.789863, 43.379104, 167.0], [-5.790369, 43.378729, 168.0], [-5.791083, 43.378304, 171.0], [-5.791805, 43.37805, 169.9], [-5.792677, 43.378084, 168.0], [-5.79381, 43.378102, 170.0], [-5.794946, 43.37792, 172.0], [-5.795984, 43.377496, 174.2], [-5.796757, 43.377277, 178.0], [-5.798156, 43.377134, 182.7], [-5.799648, 43.377125, 185.0], [-5.801103, 43.377117, 187.5], [-5.801641, 43.376914, 189.0], [-5.801928, 43.376671, 190.0], [-5.802373, 43.376615, 189.4], [-5.802654, 43.376763, 187.9], [-5.803432, 43.376653, 186.9], [-5.804425, 43.376329, 185.5], [-5.805442, 43.376005, 180.3], [-5.806331, 43.375584, 180.0], [-5.807284, 43.375217, 176.0], [-5.808158, 43.374769, 177.2], [-5.809032, 43.374303, 185.1], [-5.809906, 43.373837, 186.0], [-5.810793, 43.373371, 180.8], [-5.811655, 43.372914, 177.0], [-5.812633, 43.372564, 178.0], [-5.813601, 43.372241, 176.4], [-5.814642, 43.371889, 179.4], [-5.815644, 43.371501, 177.0], [-5.816538, 43.370944, 175.5], [-5.817394, 43.370352, 173.0], [-5.817969, 43.369884, 172.0], [-5.81793, 43.369586, 173.2], [-5.818095, 43.369392, 173.6], [-5.818451, 43.369301, 173.6], [-5.81896, 43.369271, 172.0], [-5.8195, 43.369131, 172.0], [-5.820449, 43.368935, 172.1], [-5.821844, 43.36871, 173.0], [-5.823222, 43.368395, 174.0], [-5.824901, 43.367864, 173.0], [-5.826592, 43.367314, 174.0], [-5.828295, 43.366755, 176.0], [-5.830034, 43.366195, 178.0], [-5.831825, 43.365652, 180.0], [-5.83358, 43.365155, 181.0], [-5.835327, 43.36474, 184.0], [-5.837087, 43.364361, 191.1], [-5.838821, 43.363946, 199.0], [-5.838874, 43.363754, 200.0], [-5.839108, 43.363694, 200.0], [-5.839066, 43.363342, 200.0], [-5.839123, 43.362959, 201.0], [-5.839589, 43.362558, 203.1], [-5.840054, 43.362129, 205.9], [-5.840478, 43.361611, 207.0], [-5.841003, 43.361153, 210.6], [-5.841517, 43.360968, 214.0], [-5.842155, 43.360781, 218.0], [-5.842516, 43.360799, 226.0], [-5.842802, 43.360792, 226.5], [-5.842944, 43.36117, 230.0], [-5.842949, 43.361542, 231.0], [-5.843492, 43.361456, 234.0], [-5.843526, 43.361918, 233.0], [-5.843575, 43.36218, 232.0], [-5.843655, 43.362288, 232.0], [-5.844093, 43.362359, 232.0]]}}, {"type": "Feature", "properties": {"order": 19, "group": "camino-del-norte-irun-arzua", "source_file": "20a-oviedo-aviles.gpx", "reversed_from_source": false, "point_count": 509, "source": "CNIG/IGN - Rutas de Caminos de Santiago 2020-2026 (datos FEAACS)", "license": "CC-BY 4.0", "attribution": "Obra derivada de Rutas de Caminos de Santiago 2020-2026 CC-BY 4.0 FEAACS"}, "geometry": {"type": "LineString", "coordinates": [[-5.843935, 43.362372, 232.0], [-5.843901, 43.362713, 230.2], [-5.844009, 43.362899, 229.0], [-5.843947, 43.363699, 224.0], [-5.84402, 43.363743, 224.0], [-5.844052, 43.363905, 222.1], [-5.844124, 43.364101, 219.4], [-5.844243, 43.364249, 217.1], [-5.844259, 43.364423, 215.8], [-5.844359, 43.364542, 210.1], [-5.844597, 43.364536, 213.4], [-5.844877, 43.364559, 214.0], [-5.845113, 43.364692, 213.0], [-5.845383, 43.364854, 211.0], [-5.845653, 43.365016, 210.0], [-5.846039, 43.365291, 205.0], [-5.846216, 43.365669, 206.0], [-5.846223, 43.366006, 204.9], [-5.8462, 43.366354, 203.2], [-5.846221, 43.366633, 203.0], [-5.845902, 43.36678, 202.0], [-5.845763, 43.367045, 201.0], [-5.845449, 43.367308, 200.0], [-5.845082, 43.367613, 199.0], [-5.844716, 43.367947, 197.7], [-5.844352, 43.368316, 197.0], [-5.843988, 43.368714, 198.0], [-5.843626, 43.369129, 200.0], [-5.843243, 43.36944, 200.0], [-5.842844, 43.369746, 197.0], [-5.842353, 43.369962, 194.1], [-5.841862, 43.370177, 192.0], [-5.841161, 43.370305, 190.0], [-5.840451, 43.370433, 190.0], [-5.839726, 43.370561, 190.0], [-5.838924, 43.370593, 189.0], [-5.838094, 43.370695, 187.5], [-5.838087, 43.370887, 189.0], [-5.838006, 43.371191, 189.6], [-5.837687, 43.371332, 190.5], [-5.837664, 43.371693, 192.8], [-5.837643, 43.372094, 195.0], [-5.837548, 43.37245, 197.4], [-5.837393, 43.372703, 199.0], [-5.837224, 43.373021, 199.0], [-5.836905, 43.373325, 198.4], [-5.836502, 43.373909, 197.6], [-5.836084, 43.374488, 197.0], [-5.835666, 43.375067, 196.0], [-5.835221, 43.375589, 191.5], [-5.834659, 43.376148, 187.0], [-5.834048, 43.376691, 182.0], [-5.833488, 43.377297, 178.8], [-5.833095, 43.37773, 178.3], [-5.833473, 43.377999, 180.0], [-5.833714, 43.378231, 181.0], [-5.833908, 43.378633, 184.0], [-5.834032, 43.379082, 185.9], [-5.834091, 43.379493, 190.9], [-5.834134, 43.379904, 193.0], [-5.834218, 43.380343, 194.1], [-5.834209, 43.380685, 197.9], [-5.834154, 43.381029, 200.0], [-5.833949, 43.381417, 207.0], [-5.833729, 43.381811, 211.0], [-5.833577, 43.382129, 213.3], [-5.833452, 43.382521, 217.9], [-5.83336, 43.382952, 220.0], [-5.833329, 43.383469, 221.8], [-5.833476, 43.383895, 227.9], [-5.833775, 43.384352, 229.8], [-5.834386, 43.38483, 232.8], [-5.83451, 43.385274, 234.8], [-5.834154, 43.385828, 237.0], [-5.833579, 43.386295, 232.5], [-5.832997, 43.386768, 229.9], [-5.832811, 43.387231, 231.6], [-5.832739, 43.387395, 229.9], [-5.832257, 43.387616, 236.5], [-5.831751, 43.387861, 236.5], [-5.831641, 43.388229, 238.0], [-5.831539, 43.388597, 237.7], [-5.83111, 43.388956, 235.6], [-5.830631, 43.389252, 229.2], [-5.830448, 43.389599, 227.5], [-5.83044, 43.389947, 226.0], [-5.830578, 43.390338, 224.1], [-5.830592, 43.390825, 228.4], [-5.830639, 43.391155, 231.4], [-5.831066, 43.391446, 233.3], [-5.831496, 43.391795, 231.9], [-5.831658, 43.392198, 234.0], [-5.831519, 43.392642, 238.7], [-5.831118, 43.393081, 232.8], [-5.830638, 43.393528, 238.6], [-5.830125, 43.393965, 233.2], [-5.829828, 43.394251, 233.9], [-5.82981, 43.394709, 234.9], [-5.82981, 43.395226, 227.8], [-5.829975, 43.395698, 234.4], [-5.830214, 43.396046, 234.8], [-5.830305, 43.396461, 238.8], [-5.830341, 43.396907, 238.0], [-5.830379, 43.397388, 244.7], [-5.83046, 43.397745, 247.9], [-5.830699, 43.398105, 251.8], [-5.83098, 43.398342, 254.2], [-5.831393, 43.398332, 259.1], [-5.83187, 43.39832, 259.1], [-5.832289, 43.398438, 256.0], [-5.832308, 43.398849, 253.3], [-5.832226, 43.399321, 259.3], [-5.831991, 43.399739, 262.1], [-5.831839, 43.40005, 258.0], [-5.832149, 43.400565, 254.6], [-5.832459, 43.401085, 250.8], [-5.832637, 43.401493, 244.2], [-5.83275, 43.401856, 236.0], [-5.8325, 43.402123, 230.3], [-5.831917, 43.402416, 223.1], [-5.831313, 43.402767, 214.6], [-5.830927, 43.403033, 211.8], [-5.830966, 43.403345, 208.0], [-5.831069, 43.403691, 207.0], [-5.830933, 43.404013, 207.0], [-5.830776, 43.4044, 204.4], [-5.830545, 43.404899, 201.5], [-5.830419, 43.405442, 197.7], [-5.830534, 43.406042, 192.3], [-5.830759, 43.406101, 190.0], [-5.830998, 43.406112, 188.5], [-5.831169, 43.406016, 188.1], [-5.831331, 43.405919, 188.0], [-5.831535, 43.405856, 187.9], [-5.831868, 43.405842, 186.0], [-5.832155, 43.405859, 185.5], [-5.832389, 43.406091, 184.1], [-5.832687, 43.406339, 180.6], [-5.832993, 43.406598, 177.0], [-5.833337, 43.406805, 172.6], [-5.833575, 43.407153, 168.1], [-5.833902, 43.407336, 164.7], [-5.834279, 43.407402, 165.0], [-5.834675, 43.407549, 164.0], [-5.835009, 43.407878, 163.0], [-5.835342, 43.408206, 163.0], [-5.835543, 43.408422, 162.0], [-5.835875, 43.408541, 162.0], [-5.836307, 43.408606, 161.2], [-5.836664, 43.408754, 160.1], [-5.836729, 43.408962, 160.0], [-5.836777, 43.409314, 155.2], [-5.836439, 43.409741, 151.9], [-5.836072, 43.410231, 147.4], [-5.835978, 43.410767, 150.0], [-5.835998, 43.41137, 155.0], [-5.835768, 43.412072, 161.9], [-5.835583, 43.412715, 169.2], [-5.835744, 43.413256, 172.0], [-5.836113, 43.413845, 177.8], [-5.836073, 43.414344, 179.9], [-5.835975, 43.414817, 180.6], [-5.83568, 43.415306, 181.1], [-5.835097, 43.415599, 182.0], [-5.834746, 43.415758, 183.2], [-5.835008, 43.41592, 187.0], [-5.835066, 43.416145, 190.3], [-5.834995, 43.416327, 191.6], [-5.83514, 43.416532, 195.4], [-5.835214, 43.416751, 199.4], [-5.835294, 43.416941, 202.0], [-5.835547, 43.417068, 204.0], [-5.835798, 43.417167, 205.8], [-5.835744, 43.417371, 207.2], [-5.836297, 43.417648, 206.6], [-5.836822, 43.417989, 204.0], [-5.837258, 43.418285, 201.9], [-5.837496, 43.418784, 198.2], [-5.837756, 43.419253, 195.0], [-5.838348, 43.419657, 191.6], [-5.839074, 43.420056, 189.1], [-5.839693, 43.420528, 185.0], [-5.840215, 43.421136, 180.1], [-5.840736, 43.421744, 176.0], [-5.841332, 43.422066, 174.1], [-5.841541, 43.422275, 173.0], [-5.841827, 43.422448, 172.0], [-5.842114, 43.422621, 172.2], [-5.842449, 43.42281, 171.3], [-5.842751, 43.422989, 171.0], [-5.842821, 43.423283, 172.0], [-5.843301, 43.423352, 172.0], [-5.843667, 43.423517, 173.0], [-5.843902, 43.42379, 173.7], [-5.844739, 43.423984, 176.9], [-5.845185, 43.42417, 177.0], [-5.845636, 43.424461, 178.0], [-5.845968, 43.424592, 178.0], [-5.846601, 43.424675, 177.8], [-5.847147, 43.424783, 179.0], [-5.847629, 43.425056, 178.0], [-5.848049, 43.425359, 175.8], [-5.848326, 43.425839, 171.7], [-5.848529, 43.426437, 165.3], [-5.848531, 43.426658, 161.8], [-5.848208, 43.427061, 156.6], [-5.848132, 43.427475, 151.9], [-5.848073, 43.427923, 150.0], [-5.848206, 43.428221, 150.7], [-5.848563, 43.428543, 150.8], [-5.848629, 43.429093, 152.0], [-5.848611, 43.429731, 153.0], [-5.848593, 43.43037, 153.0], [-5.84874, 43.430952, 152.0], [-5.848955, 43.431463, 152.0], [-5.849208, 43.431788, 152.0], [-5.849561, 43.431837, 153.0], [-5.849705, 43.432205, 153.0], [-5.849693, 43.432797, 154.0], [-5.849681, 43.433389, 154.1], [-5.849553, 43.434048, 156.8], [-5.849281, 43.43471, 160.0], [-5.848883, 43.43537, 165.0], [-5.848056, 43.435901, 168.0], [-5.847345, 43.43636, 167.0], [-5.847489, 43.436548, 166.0], [-5.847297, 43.436692, 167.0], [-5.847728, 43.437053, 166.2], [-5.848013, 43.437202, 165.0], [-5.84758, 43.437474, 165.0], [-5.847405, 43.437641, 166.0], [-5.847802, 43.437962, 166.9], [-5.847736, 43.438092, 167.0], [-5.848295, 43.438478, 168.5], [-5.848775, 43.438866, 172.0], [-5.84924, 43.439278, 175.0], [-5.849768, 43.439677, 174.5], [-5.850346, 43.439965, 173.1], [-5.850882, 43.440363, 175.0], [-5.851054, 43.440626, 177.9], [-5.850795, 43.441056, 184.0], [-5.850268, 43.441353, 188.0], [-5.849638, 43.441653, 193.0], [-5.849098, 43.441853, 194.0], [-5.84889, 43.442171, 197.4], [-5.848875, 43.442705, 200.7], [-5.848704, 43.443296, 203.0], [-5.848219, 43.443836, 203.0], [-5.847532, 43.444294, 207.3], [-5.846781, 43.444724, 214.0], [-5.846363, 43.44499, 217.9], [-5.846062, 43.445537, 226.0], [-5.845933, 43.446011, 230.5], [-5.846263, 43.446594, 239.2], [-5.846635, 43.447061, 242.3], [-5.846518, 43.447284, 241.0], [-5.846227, 43.447524, 242.9], [-5.845821, 43.447696, 248.4], [-5.845773, 43.447871, 250.1], [-5.846152, 43.447984, 249.4], [-5.846403, 43.448239, 252.1], [-5.846649, 43.448401, 255.2], [-5.846806, 43.448688, 257.0], [-5.847045, 43.448873, 261.1], [-5.847395, 43.449201, 262.9], [-5.847747, 43.449581, 259.2], [-5.848124, 43.449984, 268.0], [-5.848199, 43.450063, 270.3], [-5.848467, 43.450185, 272.8], [-5.848748, 43.450566, 269.4], [-5.849031, 43.450994, 269.2], [-5.849254, 43.451511, 270.1], [-5.849765, 43.451731, 271.7], [-5.85041, 43.452069, 268.6], [-5.850687, 43.452717, 266.6], [-5.850439, 43.453205, 268.0], [-5.850079, 43.453672, 262.8], [-5.850134, 43.454176, 266.0], [-5.850355, 43.454629, 264.4], [-5.850583, 43.455081, 264.4], [-5.850811, 43.455534, 263.0], [-5.850598, 43.455922, 262.2], [-5.850118, 43.456201, 260.8], [-5.849676, 43.45663, 265.0], [-5.849234, 43.457059, 256.0], [-5.848793, 43.457488, 253.8], [-5.848508, 43.457524, 258.5], [-5.848188, 43.457509, 258.7], [-5.847846, 43.457338, 255.5], [-5.847499, 43.457063, 256.2], [-5.847085, 43.457079, 260.7], [-5.846651, 43.457316, 253.7], [-5.846509, 43.457691, 252.0], [-5.846695, 43.458104, 251.7], [-5.846875, 43.458547, 254.5], [-5.846985, 43.45902, 249.3], [-5.847355, 43.459277, 248.5], [-5.847958, 43.459239, 252.0], [-5.848437, 43.459268, 249.9], [-5.848691, 43.459593, 250.1], [-5.848854, 43.46, 247.8], [-5.848879, 43.460545, 247.8], [-5.849162, 43.460799, 245.6], [-5.849625, 43.460834, 246.3], [-5.849715, 43.461401, 247.8], [-5.849728, 43.462009, 243.3], [-5.849754, 43.46256, 242.2], [-5.850047, 43.462872, 242.5], [-5.850103, 43.463381, 240.0], [-5.850148, 43.463844, 236.0], [-5.850198, 43.464052, 236.8], [-5.850462, 43.464092, 237.0], [-5.850568, 43.46431, 240.0], [-5.850705, 43.464527, 242.7], [-5.850684, 43.464922, 243.8], [-5.850434, 43.465375, 250.2], [-5.850019, 43.465844, 255.9], [-5.849811, 43.46618, 258.0], [-5.849923, 43.466687, 254.5], [-5.84973, 43.466994, 251.5], [-5.849198, 43.467199, 248.6], [-5.848723, 43.467588, 247.0], [-5.84859, 43.46816, 246.0], [-5.848405, 43.468617, 245.5], [-5.84789, 43.468682, 241.3], [-5.847809, 43.46898, 238.9], [-5.84768, 43.469303, 238.1], [-5.847544, 43.469625, 236.0], [-5.847337, 43.469967, 234.0], [-5.847115, 43.470321, 231.0], [-5.847208, 43.470788, 229.9], [-5.847516, 43.471059, 231.0], [-5.848012, 43.471291, 231.0], [-5.848313, 43.471585, 230.0], [-5.848229, 43.472005, 237.7], [-5.84807, 43.472525, 241.0], [-5.847823, 43.473199, 232.5], [-5.847566, 43.473843, 222.0], [-5.847093, 43.474453, 212.7], [-5.84648, 43.474949, 210.5], [-5.845769, 43.475431, 213.7], [-5.845051, 43.475913, 209.6], [-5.844331, 43.476343, 201.0], [-5.844052, 43.476501, 199.7], [-5.843766, 43.4767, 196.5], [-5.843296, 43.476863, 194.7], [-5.842991, 43.477155, 188.0], [-5.842751, 43.477631, 178.3], [-5.842345, 43.478151, 165.9], [-5.841859, 43.478668, 152.8], [-5.841326, 43.47918, 148.0], [-5.840988, 43.47963, 143.0], [-5.840788, 43.479943, 139.5], [-5.841065, 43.480069, 135.0], [-5.841479, 43.480239, 131.9], [-5.841601, 43.480648, 138.3], [-5.841693, 43.481092, 144.0], [-5.842029, 43.481293, 143.8], [-5.842566, 43.481541, 152.6], [-5.843003, 43.48186, 156.2], [-5.843248, 43.482162, 155.7], [-5.843289, 43.482689, 151.6], [-5.843079, 43.483135, 140.1], [-5.842717, 43.483231, 136.2], [-5.842268, 43.483179, 133.4], [-5.842035, 43.483139, 131.1], [-5.841671, 43.483513, 125.1], [-5.841306, 43.483899, 120.0], [-5.841025, 43.484359, 115.0], [-5.84097, 43.484889, 110.8], [-5.840988, 43.485445, 108.0], [-5.841128, 43.485865, 106.0], [-5.841387, 43.486294, 104.4], [-5.84158, 43.48651, 104.0], [-5.84217, 43.486698, 104.0], [-5.842667, 43.487109, 102.4], [-5.843341, 43.487209, 101.3], [-5.844038, 43.487308, 96.7], [-5.844417, 43.487229, 97.0], [-5.84476, 43.487598, 95.0], [-5.84512, 43.487966, 94.5], [-5.845531, 43.488397, 92.9], [-5.846141, 43.48884, 94.0], [-5.846763, 43.48937, 94.4], [-5.847341, 43.489976, 92.0], [-5.847934, 43.490565, 94.0], [-5.848739, 43.491078, 88.8], [-5.849521, 43.491616, 87.9], [-5.850282, 43.492223, 86.0], [-5.851028, 43.492849, 84.7], [-5.851774, 43.493474, 83.0], [-5.852528, 43.494099, 82.0], [-5.853329, 43.494694, 81.0], [-5.854174, 43.49523, 81.4], [-5.855022, 43.4958, 83.7], [-5.855926, 43.496404, 83.0], [-5.856813, 43.497136, 78.7], [-5.857356, 43.497674, 77.1], [-5.857969, 43.498349, 78.3], [-5.858593, 43.49907, 75.3], [-5.859455, 43.499791, 72.3], [-5.86031, 43.50068, 70.8], [-5.860809, 43.501294, 69.0], [-5.861306, 43.501885, 69.0], [-5.86189, 43.502097, 70.0], [-5.862429, 43.502716, 69.0], [-5.862971, 43.50323, 68.1], [-5.863719, 43.503728, 66.3], [-5.864714, 43.504213, 66.0], [-5.86571, 43.504722, 65.0], [-5.866295, 43.505462, 62.6], [-5.866805, 43.506319, 60.8], [-5.867171, 43.507307, 59.0], [-5.867536, 43.508296, 58.0], [-5.867902, 43.509285, 57.0], [-5.868418, 43.510258, 56.0], [-5.868891, 43.511325, 55.0], [-5.869301, 43.512417, 55.0], [-5.869562, 43.513222, 58.0], [-5.869752, 43.514035, 55.0], [-5.870069, 43.515008, 58.0], [-5.870315, 43.515987, 57.5], [-5.870531, 43.517032, 58.4], [-5.870703, 43.518141, 57.3], [-5.871001, 43.519213, 58.1], [-5.871117, 43.519975, 56.4], [-5.870989, 43.52064, 58.5], [-5.870672, 43.521181, 59.3], [-5.870312, 43.521666, 58.0], [-5.87043, 43.522133, 58.7], [-5.870625, 43.522888, 64.2], [-5.871333, 43.523196, 66.2], [-5.872016, 43.523486, 64.3], [-5.872216, 43.524177, 63.9], [-5.872416, 43.524868, 61.3], [-5.872729, 43.52558, 56.1], [-5.873184, 43.526108, 56.8], [-5.873858, 43.526544, 57.3], [-5.874763, 43.526805, 55.2], [-5.875914, 43.527037, 58.2], [-5.876944, 43.527255, 62.0], [-5.877812, 43.527576, 62.0], [-5.878695, 43.528041, 73.4], [-5.87951, 43.528583, 62.6], [-5.879932, 43.529257, 69.6], [-5.880129, 43.529542, 85.9], [-5.880815, 43.529891, 71.0], [-5.881526, 43.530435, 59.3], [-5.8821, 43.530937, 53.4], [-5.882962, 43.530956, 49.3], [-5.883599, 43.530778, 50.0], [-5.884153, 43.530695, 39.1], [-5.884552, 43.531051, 39.5], [-5.884652, 43.531819, 49.8], [-5.884807, 43.532053, 49.6], [-5.885372, 43.532376, 45.0], [-5.885922, 43.532699, 48.0], [-5.885957, 43.533284, 52.1], [-5.885487, 43.533945, 55.9], [-5.885871, 43.534492, 57.0], [-5.886637, 43.534659, 60.0], [-5.887506, 43.534834, 58.7], [-5.888387, 43.534928, 59.2], [-5.889131, 43.534979, 59.6], [-5.889759, 43.535451, 59.7], [-5.890382, 43.535818, 59.3], [-5.891383, 43.535926, 57.0], [-5.892385, 43.536035, 52.4], [-5.894103, 43.536136, 46.6], [-5.895808, 43.536279, 40.1], [-5.897512, 43.536422, 34.6], [-5.899201, 43.536565, 28.0], [-5.900236, 43.536695, 27.0], [-5.90134, 43.537126, 25.0], [-5.90243, 43.537591, 24.0], [-5.903124, 43.538264, 24.0], [-5.903687, 43.539033, 27.0], [-5.904091, 43.539649, 29.5], [-5.904854, 43.540094, 37.1], [-5.905617, 43.540538, 45.2], [-5.906244, 43.541149, 48.0], [-5.906719, 43.541926, 53.9], [-5.907194, 43.542668, 57.0], [-5.907598, 43.543446, 51.2], [-5.907962, 43.544064, 47.0], [-5.908419, 43.544452, 42.3], [-5.909037, 43.54486, 37.9], [-5.909632, 43.545315, 32.5], [-5.910177, 43.545707, 28.0], [-5.910582, 43.545993, 24.0], [-5.910813, 43.546156, 22.0], [-5.9111, 43.546172, 21.0], [-5.911571, 43.546183, 19.0], [-5.912035, 43.546218, 18.0], [-5.912499, 43.546253, 17.0], [-5.91301, 43.546426, 15.0], [-5.91344, 43.546415, 15.0], [-5.913521, 43.54628, 14.0], [-5.91391, 43.546415, 14.0], [-5.913877, 43.546735, 13.0], [-5.913914, 43.546833, 13.0], [-5.91436, 43.547158, 12.0], [-5.914937, 43.547729, 12.0], [-5.915611, 43.548304, 11.0], [-5.916263, 43.548925, 11.0], [-5.917034, 43.549555, 12.0], [-5.917775, 43.550197, 12.0], [-5.918442, 43.550801, 8.4], [-5.919142, 43.551439, 5.8]]}}, {"type": "Feature", "properties": {"order": 20, "group": "camino-del-norte-irun-arzua", "source_file": "21a-aviles-soto-de-luina.gpx", "reversed_from_source": false, "point_count": 562, "source": "CNIG/IGN - Rutas de Caminos de Santiago 2020-2026 (datos FEAACS)", "license": "CC-BY 4.0", "attribution": "Obra derivada de Rutas de Caminos de Santiago 2020-2026 CC-BY 4.0 FEAACS"}, "geometry": {"type": "LineString", "coordinates": [[-5.919346, 43.551342, 5.0], [-5.919412, 43.551335, 5.0], [-5.919514, 43.551457, 5.0], [-5.919613, 43.551572, 5.0], [-5.919693, 43.551716, 5.0], [-5.919773, 43.55186, 5.0], [-5.919859, 43.552091, 5.0], [-5.919981, 43.552374, 6.2], [-5.920105, 43.552671, 8.0], [-5.920146, 43.552771, 8.0], [-5.92027, 43.552966, 9.3], [-5.920411, 43.553195, 10.0], [-5.920575, 43.553434, 11.0], [-5.920802, 43.553692, 12.0], [-5.920986, 43.55389, 12.0], [-5.921141, 43.554056, 13.0], [-5.9212, 43.554248, 12.6], [-5.921249, 43.554462, 12.0], [-5.92129, 43.554683, 12.0], [-5.921337, 43.554907, 11.0], [-5.921384, 43.555109, 10.7], [-5.921426, 43.555262, 10.0], [-5.921528, 43.555427, 10.0], [-5.921529, 43.555611, 9.0], [-5.921516, 43.555832, 9.0], [-5.921493, 43.556088, 8.0], [-5.921479, 43.556368, 8.8], [-5.92146, 43.556649, 9.0], [-5.921452, 43.556897, 10.0], [-5.921393, 43.557151, 8.0], [-5.921339, 43.557344, 7.9], [-5.921394, 43.557557, 4.2], [-5.921409, 43.557657, 4.0], [-5.921685, 43.557626, 4.0], [-5.922026, 43.557585, 3.1], [-5.922243, 43.557601, 3.0], [-5.922464, 43.557688, 3.0], [-5.922472, 43.55786, 3.0], [-5.922718, 43.558081, 3.0], [-5.923025, 43.558344, 3.0], [-5.923014, 43.558532, 4.0], [-5.923099, 43.559921, 9.3], [-5.924179, 43.559886, 10.0], [-5.924309, 43.560079, 11.0], [-5.925054, 43.560135, 14.0], [-5.925469, 43.560289, 16.0], [-5.926306, 43.560496, 18.0], [-5.927006, 43.560516, 17.2], [-5.927272, 43.561066, 19.0], [-5.927472, 43.56137, 20.0], [-5.927814, 43.561572, 22.0], [-5.928063, 43.56245, 31.9], [-5.928739, 43.562473, 38.0], [-5.929825, 43.562965, 46.7], [-5.931217, 43.563394, 53.0], [-5.932643, 43.563421, 56.8], [-5.933424, 43.563311, 55.2], [-5.93416, 43.564176, 59.0], [-5.935136, 43.565204, 62.0], [-5.936159, 43.565452, 68.1], [-5.937294, 43.565965, 81.0], [-5.938508, 43.566182, 85.0], [-5.939244, 43.566568, 85.0], [-5.939664, 43.566671, 85.0], [-5.940556, 43.566562, 85.0], [-5.942017, 43.566378, 84.0], [-5.942817, 43.566267, 84.0], [-5.943922, 43.566518, 84.0], [-5.944699, 43.566611, 81.0], [-5.945285, 43.566738, 81.0], [-5.945706, 43.566783, 81.3], [-5.946518, 43.566996, 82.0], [-5.94732, 43.566868, 83.0], [-5.948045, 43.566712, 83.0], [-5.948293, 43.566592, 83.0], [-5.94901, 43.566775, 80.8], [-5.949703, 43.567124, 76.9], [-5.950324, 43.567326, 69.6], [-5.95116, 43.56744, 64.0], [-5.951716, 43.567256, 60.9], [-5.952866, 43.566214, 57.8], [-5.95346, 43.565638, 56.0], [-5.95416, 43.565546, 53.6], [-5.954515, 43.565344, 50.0], [-5.955374, 43.564684, 38.2], [-5.95573, 43.564543, 38.0], [-5.956207, 43.563842, 36.0], [-5.956348, 43.563167, 33.7], [-5.956757, 43.562793, 29.0], [-5.957385, 43.562462, 22.3], [-5.958354, 43.562368, 14.0], [-5.958808, 43.562454, 14.3], [-5.959224, 43.562067, 15.0], [-5.959783, 43.561929, 18.4], [-5.960749, 43.56145, 29.9], [-5.96153, 43.561176, 33.0], [-5.962587, 43.560893, 31.3], [-5.962919, 43.560208, 27.5], [-5.963037, 43.559423, 22.4], [-5.963647, 43.559054, 21.1], [-5.965142, 43.559125, 15.0], [-5.965818, 43.559306, 16.0], [-5.966196, 43.559955, 15.0], [-5.966492, 43.560964, 12.8], [-5.967236, 43.561209, 11.5], [-5.968055, 43.561477, 14.9], [-5.968819, 43.561453, 18.8], [-5.969845, 43.561554, 22.0], [-5.970467, 43.561568, 25.4], [-5.970842, 43.561302, 27.0], [-5.971452, 43.56109, 31.6], [-5.971969, 43.560936, 35.0], [-5.972587, 43.560712, 33.7], [-5.973076, 43.560322, 32.0], [-5.974349, 43.560485, 28.5], [-5.975397, 43.560288, 26.0], [-5.976728, 43.560187, 26.1], [-5.977422, 43.559979, 26.0], [-5.978115, 43.559947, 27.0], [-5.978295, 43.560092, 27.0], [-5.979001, 43.560265, 29.0], [-5.979726, 43.560542, 30.7], [-5.980405, 43.560943, 33.0], [-5.98092, 43.561599, 34.0], [-5.980709, 43.562238, 35.0], [-5.980527, 43.563015, 35.0], [-5.981182, 43.563442, 35.0], [-5.982019, 43.563793, 41.1], [-5.983157, 43.563323, 44.6], [-5.983512, 43.563371, 46.9], [-5.98459, 43.562663, 57.6], [-5.985443, 43.562534, 67.2], [-5.986343, 43.562614, 80.8], [-5.987191, 43.562488, 85.9], [-5.987595, 43.562599, 90.4], [-5.988105, 43.562359, 91.7], [-5.988492, 43.562296, 92.9], [-5.989229, 43.562152, 94.0], [-5.990137, 43.561856, 96.0], [-5.990559, 43.561842, 96.0], [-5.991368, 43.560676, 96.0], [-5.991963, 43.560195, 96.2], [-5.992425, 43.559547, 94.0], [-5.992598, 43.559191, 93.0], [-5.993667, 43.558326, 96.0], [-5.994686, 43.557453, 95.0], [-5.995281, 43.556986, 94.0], [-5.99646, 43.556331, 96.4], [-5.997475, 43.555691, 98.0], [-5.998536, 43.554954, 101.0], [-5.999867, 43.554107, 102.7], [-6.000178, 43.553451, 103.0], [-6.000639, 43.553113, 104.0], [-6.001301, 43.552566, 104.0], [-6.001744, 43.552138, 104.0], [-6.002436, 43.551781, 104.0], [-6.004165, 43.550682, 107.1], [-6.005804, 43.549888, 105.4], [-6.007315, 43.549088, 110.0], [-6.008203, 43.548755, 111.0], [-6.00864, 43.548714, 110.7], [-6.009894, 43.548159, 108.4], [-6.01062, 43.547954, 103.0], [-6.011769, 43.548065, 99.6], [-6.013013, 43.548174, 101.0], [-6.013741, 43.547953, 104.4], [-6.014991, 43.548625, 119.0], [-6.015299, 43.548796, 117.0], [-6.016597, 43.548163, 104.2], [-6.017572, 43.548017, 92.8], [-6.018713, 43.547888, 85.1], [-6.019424, 43.547724, 77.6], [-6.020366, 43.547494, 66.0], [-6.021233, 43.547437, 58.2], [-6.02291, 43.547177, 66.2], [-6.023515, 43.547455, 69.9], [-6.024795, 43.547737, 77.0], [-6.025323, 43.548346, 77.3], [-6.026587, 43.548422, 77.0], [-6.02739, 43.548443, 79.0], [-6.027528, 43.548882, 79.0], [-6.027741, 43.549133, 79.0], [-6.027747, 43.549736, 81.0], [-6.028398, 43.550928, 88.0], [-6.02705, 43.552271, 99.7], [-6.028373, 43.551774, 105.4], [-6.029657, 43.551147, 115.3], [-6.03091, 43.550425, 118.8], [-6.03275, 43.550875, 129.0], [-6.034198, 43.551235, 136.0], [-6.037292, 43.550818, 141.0], [-6.037973, 43.550773, 148.2], [-6.038354, 43.55078, 144.4], [-6.039268, 43.550689, 145.1], [-6.041471, 43.550482, 147.0], [-6.042581, 43.549856, 143.0], [-6.043741, 43.550013, 150.5], [-6.044601, 43.550084, 152.2], [-6.045464, 43.549415, 159.0], [-6.045634, 43.548463, 164.2], [-6.045931, 43.548209, 165.0], [-6.046306, 43.547416, 169.0], [-6.047633, 43.546514, 174.8], [-6.048093, 43.546366, 175.2], [-6.048655, 43.546166, 176.0], [-6.049472, 43.54584, 176.5], [-6.050099, 43.545325, 179.0], [-6.050557, 43.544747, 178.2], [-6.051084, 43.54479, 177.0], [-6.051157, 43.545025, 175.9], [-6.052473, 43.545738, 165.0], [-6.053718, 43.54642, 157.2], [-6.055132, 43.546776, 152.6], [-6.055812, 43.547195, 150.0], [-6.056911, 43.547099, 149.0], [-6.058174, 43.546783, 146.5], [-6.058993, 43.546518, 139.3], [-6.059174, 43.546277, 136.5], [-6.059804, 43.546444, 140.9], [-6.060826, 43.546652, 133.8], [-6.062555, 43.546596, 111.1], [-6.063447, 43.545879, 114.5], [-6.064623, 43.545533, 100.9], [-6.066112, 43.544992, 98.7], [-6.067968, 43.54441, 89.0], [-6.069185, 43.543483, 88.6], [-6.070099, 43.543524, 71.4], [-6.070892, 43.543835, 58.6], [-6.071824, 43.543251, 46.6], [-6.071352, 43.542831, 42.4], [-6.071818, 43.542277, 25.5], [-6.072041, 43.54124, 11.0], [-6.072674, 43.540997, 26.0], [-6.073143, 43.541381, 16.0], [-6.073443, 43.540214, 21.2], [-6.071996, 43.539343, 43.3], [-6.072018, 43.538754, 50.9], [-6.0714, 43.53695, 53.0], [-6.071493, 43.53616, 47.5], [-6.072361, 43.535284, 51.0], [-6.071353, 43.534201, 57.2], [-6.075883, 43.534134, 62.0], [-6.076817, 43.533755, 58.0], [-6.077646, 43.533895, 58.0], [-6.079267, 43.53324, 51.1], [-6.081084, 43.532378, 43.0], [-6.082312, 43.531879, 41.0], [-6.083131, 43.531389, 37.3], [-6.084127, 43.5313, 33.0], [-6.084744, 43.532057, 24.6], [-6.08318, 43.533439, 18.6], [-6.081646, 43.534329, 11.0], [-6.081573, 43.535588, 4.4], [-6.081928, 43.537813, 1.0], [-6.082692, 43.539031, 11.2], [-6.08401, 43.539557, 23.0], [-6.085481, 43.539698, 26.1], [-6.086686, 43.5398, 32.0], [-6.08811, 43.540791, 42.0], [-6.088805, 43.540832, 63.1], [-6.089212, 43.541429, 56.5], [-6.089783, 43.541514, 71.3], [-6.090401, 43.541266, 82.0], [-6.091314, 43.541449, 83.4], [-6.09274, 43.541429, 87.2], [-6.094059, 43.541466, 85.0], [-6.095255, 43.541294, 84.6], [-6.096238, 43.540955, 84.0], [-6.097353, 43.540671, 83.0], [-6.099005, 43.541183, 80.4], [-6.098719, 43.542012, 83.0], [-6.099282, 43.542501, 88.0], [-6.100273, 43.542952, 98.3], [-6.101281, 43.54298, 105.7], [-6.101984, 43.542863, 110.7], [-6.102663, 43.542574, 110.5], [-6.103182, 43.542265, 108.2], [-6.104015, 43.541927, 115.9], [-6.105034, 43.54214, 129.0], [-6.105302, 43.542412, 130.0], [-6.10528, 43.54233, 130.0], [-6.106128, 43.542341, 133.2], [-6.10698, 43.54231, 132.0], [-6.107983, 43.542193, 134.0], [-6.108799, 43.541508, 135.8], [-6.109823, 43.542356, 131.5], [-6.110788, 43.542128, 136.0], [-6.11229, 43.542578, 135.6], [-6.113293, 43.543085, 139.0], [-6.114206, 43.543103, 143.0], [-6.114595, 43.54317, 143.1], [-6.115764, 43.543011, 144.0], [-6.117253, 43.543274, 138.3], [-6.119304, 43.543726, 122.4], [-6.118668, 43.543978, 118.7], [-6.119452, 43.545298, 102.5], [-6.119905, 43.545652, 91.8], [-6.120527, 43.546287, 85.7], [-6.12066, 43.546581, 85.3], [-6.121125, 43.546716, 74.5], [-6.122006, 43.547322, 63.8], [-6.12225, 43.547741, 58.2], [-6.12206, 43.548204, 64.6], [-6.121815, 43.548383, 65.2], [-6.121997, 43.548407, 69.3], [-6.122544, 43.548749, 59.0], [-6.122773, 43.548504, 78.6], [-6.12309, 43.548523, 83.0], [-6.123506, 43.549001, 70.1], [-6.123702, 43.549035, 69.6], [-6.124008, 43.548977, 72.8], [-6.124373, 43.549194, 80.8], [-6.124903, 43.549818, 89.8], [-6.125603, 43.549694, 101.3], [-6.126355, 43.549605, 98.5], [-6.127108, 43.549254, 101.3], [-6.128001, 43.549591, 91.8], [-6.128522, 43.549507, 97.5], [-6.128857, 43.54913, 106.7], [-6.129181, 43.54877, 103.3], [-6.129029, 43.548352, 112.9], [-6.129223, 43.548052, 109.4], [-6.129612, 43.547869, 108.1], [-6.130087, 43.547806, 113.1], [-6.130435, 43.547314, 113.7], [-6.130556, 43.547086, 118.8], [-6.130888, 43.546958, 117.1], [-6.130886, 43.54677, 121.0], [-6.131006, 43.546652, 119.2], [-6.130877, 43.546049, 124.0], [-6.130994, 43.54589, 123.8], [-6.131037, 43.545635, 126.3], [-6.131148, 43.545464, 125.8], [-6.131166, 43.545226, 128.4], [-6.131491, 43.545071, 128.2], [-6.131759, 43.545181, 129.0], [-6.131917, 43.545504, 131.4], [-6.132452, 43.546003, 136.1], [-6.133605, 43.547128, 137.4], [-6.135, 43.548303, 135.0], [-6.136065, 43.548992, 131.0], [-6.136527, 43.549125, 130.1], [-6.136737, 43.549094, 130.3], [-6.138039, 43.550087, 126.0], [-6.138854, 43.550922, 124.7], [-6.139199, 43.551182, 124.0], [-6.140527, 43.552071, 124.0], [-6.140832, 43.551983, 124.0], [-6.141639, 43.552017, 123.0], [-6.142189, 43.552163, 120.0], [-6.142898, 43.55215, 117.0], [-6.143508, 43.55214, 116.0], [-6.144223, 43.552033, 116.8], [-6.144659, 43.551956, 117.0], [-6.14526, 43.551873, 114.9], [-6.146061, 43.551824, 104.3], [-6.146416, 43.551717, 100.3], [-6.146651, 43.551391, 92.1], [-6.147061, 43.551258, 88.1], [-6.147335, 43.551096, 83.0], [-6.147856, 43.550902, 76.0], [-6.148221, 43.550891, 74.7], [-6.14907, 43.55117, 81.3], [-6.149313, 43.551683, 80.1], [-6.149726, 43.551791, 76.7], [-6.150214, 43.551685, 73.4], [-6.150283, 43.551691, 73.6], [-6.150567, 43.551819, 74.0], [-6.150776, 43.552247, 78.8], [-6.150692, 43.552655, 86.9], [-6.150739, 43.552953, 88.8], [-6.150992, 43.553156, 89.0], [-6.151366, 43.55307, 90.0], [-6.151885, 43.552737, 92.0], [-6.152373, 43.552397, 95.0], [-6.152865, 43.552204, 97.0], [-6.153171, 43.551957, 99.9], [-6.153392, 43.551864, 102.4], [-6.154186, 43.550429, 113.8], [-6.154929, 43.550787, 112.3], [-6.15529, 43.550665, 112.7], [-6.155718, 43.550608, 111.1], [-6.156075, 43.550563, 113.0], [-6.156325, 43.550595, 115.0], [-6.156824, 43.55053, 117.0], [-6.157401, 43.550465, 120.4], [-6.15784, 43.550461, 123.0], [-6.158499, 43.55043, 127.2], [-6.159018, 43.550285, 131.0], [-6.159525, 43.550339, 135.8], [-6.160307, 43.550492, 140.3], [-6.160682, 43.551075, 144.0], [-6.161408, 43.551116, 149.6], [-6.161808, 43.551224, 153.0], [-6.162246, 43.551462, 155.9], [-6.162607, 43.551912, 156.3], [-6.163021, 43.552494, 156.2], [-6.163564, 43.552495, 159.0], [-6.163785, 43.552436, 160.9], [-6.163998, 43.552089, 165.6], [-6.164319, 43.551866, 169.0], [-6.165117, 43.551815, 173.9], [-6.165761, 43.551889, 176.1], [-6.166394, 43.551916, 180.9], [-6.166866, 43.552069, 180.5], [-6.167364, 43.552444, 177.6], [-6.167969, 43.553303, 169.0], [-6.168393, 43.553353, 170.5], [-6.168896, 43.553279, 173.9], [-6.168948, 43.55328, 173.4], [-6.169024, 43.553297, 174.6], [-6.169365, 43.553372, 174.0], [-6.169813, 43.553362, 174.9], [-6.169836, 43.553358, 175.0], [-6.170211, 43.553462, 176.8], [-6.170643, 43.553476, 180.0], [-6.171413, 43.55345, 187.2], [-6.172026, 43.553577, 191.0], [-6.1726, 43.553906, 192.0], [-6.173192, 43.554527, 189.1], [-6.174177, 43.555139, 186.9], [-6.174885, 43.55603, 176.7], [-6.17458, 43.556539, 163.5], [-6.175543, 43.557289, 158.0], [-6.176757, 43.557445, 160.0], [-6.177231, 43.557729, 156.3], [-6.177341, 43.558555, 145.6], [-6.178119, 43.558916, 143.8], [-6.178489, 43.558882, 149.0], [-6.179037, 43.559268, 146.5], [-6.179647, 43.559616, 143.9], [-6.180215, 43.559852, 140.3], [-6.181112, 43.559887, 137.0], [-6.181093, 43.559731, 139.3], [-6.181514, 43.55953, 140.2], [-6.181996, 43.559371, 138.7], [-6.183509, 43.559095, 116.3], [-6.184174, 43.558384, 116.3], [-6.184493, 43.557802, 108.2], [-6.184595, 43.557551, 104.3], [-6.184655, 43.557223, 105.0], [-6.185247, 43.556914, 96.5], [-6.18501, 43.55722, 88.4], [-6.185197, 43.557704, 82.3], [-6.185199, 43.558628, 77.6], [-6.185371, 43.558626, 76.0], [-6.185383, 43.558946, 72.5], [-6.184916, 43.559583, 69.2], [-6.184651, 43.560147, 64.2], [-6.184571, 43.56048, 59.9], [-6.184694, 43.560649, 55.3], [-6.184996, 43.56023, 52.2], [-6.185406, 43.560005, 47.3], [-6.185791, 43.559784, 45.6], [-6.186197, 43.55967, 39.1], [-6.186587, 43.559524, 34.0], [-6.186948, 43.559152, 28.5], [-6.187304, 43.559243, 21.0], [-6.187607, 43.559271, 16.4], [-6.187943, 43.559312, 11.4], [-6.18834, 43.55953, 8.7], [-6.188569, 43.559761, 7.0], [-6.18907, 43.559875, 6.0], [-6.189652, 43.559883, 5.3], [-6.190313, 43.559513, 10.8], [-6.19036, 43.559187, 12.9], [-6.190631, 43.558856, 8.2], [-6.191359, 43.558752, 16.4], [-6.191911, 43.558649, 21.4], [-6.192464, 43.558345, 27.1], [-6.192805, 43.558057, 34.8], [-6.193182, 43.557745, 41.5], [-6.193837, 43.557516, 51.6], [-6.19438, 43.557242, 56.1], [-6.194997, 43.556879, 62.3], [-6.19545, 43.556781, 65.7], [-6.195638, 43.556891, 67.8], [-6.195836, 43.556958, 69.0], [-6.196243, 43.556541, 78.0], [-6.196464, 43.555994, 75.8], [-6.19656, 43.55572, 73.2], [-6.196744, 43.555573, 71.2], [-6.197114, 43.555394, 72.1], [-6.197551, 43.555194, 74.0], [-6.197869, 43.5552, 77.4], [-6.19809, 43.555311, 81.0], [-6.198242, 43.555502, 87.4], [-6.198861, 43.555608, 94.8], [-6.200166, 43.555785, 100.3], [-6.201108, 43.556016, 95.8], [-6.202056, 43.556182, 100.1], [-6.202693, 43.556223, 102.2], [-6.203718, 43.556277, 111.1], [-6.204207, 43.556322, 115.1], [-6.204751, 43.556362, 116.1], [-6.205186, 43.556221, 115.3], [-6.205276, 43.555938, 116.6], [-6.205347, 43.555624, 112.8], [-6.205494, 43.55543, 112.5], [-6.20588, 43.555208, 108.5], [-6.206324, 43.554989, 103.7], [-6.206794, 43.554677, 96.3], [-6.206261, 43.554612, 87.0], [-6.205849, 43.554408, 92.1], [-6.20563, 43.554311, 93.0], [-6.205382, 43.554283, 90.5], [-6.205252, 43.55408, 93.4], [-6.20528, 43.553817, 96.1], [-6.205481, 43.553577, 97.1], [-6.205673, 43.553215, 92.0], [-6.20602, 43.552861, 90.9], [-6.206132, 43.552553, 83.2], [-6.206475, 43.552421, 83.4], [-6.206928, 43.552318, 81.9], [-6.207263, 43.552343, 84.2], [-6.207268, 43.55209, 85.4], [-6.207566, 43.551914, 89.0], [-6.207877, 43.551789, 90.5], [-6.208137, 43.551742, 91.9], [-6.208695, 43.551594, 92.8], [-6.208967, 43.551409, 89.0], [-6.209617, 43.551273, 86.9], [-6.209818, 43.551161, 86.0], [-6.210234, 43.551106, 86.5], [-6.210667, 43.551028, 85.8], [-6.211131, 43.551109, 86.3], [-6.211661, 43.551162, 84.4], [-6.212247, 43.551283, 84.3], [-6.213015, 43.551057, 82.7], [-6.214358, 43.551269, 100.0], [-6.214885, 43.551235, 103.1], [-6.215545, 43.551023, 108.9], [-6.216498, 43.551266, 117.7], [-6.216625, 43.551664, 123.3], [-6.216967, 43.552061, 132.3], [-6.217457, 43.552389, 138.2], [-6.217749, 43.552795, 146.8], [-6.218255, 43.552914, 149.2], [-6.218917, 43.552717, 143.2], [-6.21934, 43.552542, 138.6], [-6.219883, 43.552263, 128.4], [-6.220591, 43.552384, 127.7], [-6.220997, 43.552097, 115.7], [-6.221824, 43.551845, 111.3], [-6.222574, 43.551714, 102.2], [-6.22309, 43.551778, 100.0], [-6.223717, 43.551928, 94.2], [-6.22428, 43.55195, 85.3], [-6.224615, 43.551917, 81.1], [-6.225393, 43.552018, 75.0], [-6.226279, 43.552686, 63.6], [-6.226785, 43.553259, 64.2], [-6.227391, 43.553654, 56.8], [-6.228111, 43.554077, 52.3], [-6.228326, 43.554861, 43.6], [-6.228715, 43.55585, 22.0], [-6.228014, 43.558143, 12.4], [-6.229622, 43.559347, 12.4], [-6.230383, 43.560043, 16.0], [-6.230569, 43.561137, 17.5], [-6.230692, 43.561604, 17.0], [-6.230802, 43.56184, 16.5]]}}, {"type": "Feature", "properties": {"order": 21, "group": "camino-del-norte-irun-arzua", "source_file": "22a-soto-de-luina-cadavedo.gpx", "reversed_from_source": false, "point_count": 405, "source": "CNIG/IGN - Rutas de Caminos de Santiago 2020-2026 (datos FEAACS)", "license": "CC-BY 4.0", "attribution": "Obra derivada de Rutas de Caminos de Santiago 2020-2026 CC-BY 4.0 FEAACS"}, "geometry": {"type": "LineString", "coordinates": [[-6.23097, 43.561854, 17.0], [-6.231202, 43.562192, 18.0], [-6.231648, 43.562559, 21.9], [-6.232226, 43.562948, 25.9], [-6.232865, 43.563379, 30.0], [-6.2333, 43.563317, 29.7], [-6.233637, 43.563259, 30.0], [-6.234013, 43.563208, 29.6], [-6.234479, 43.563422, 32.8], [-6.234787, 43.563696, 34.1], [-6.234915, 43.563961, 37.1], [-6.235247, 43.564144, 40.0], [-6.235031, 43.564357, 44.0], [-6.235526, 43.564584, 46.3], [-6.236062, 43.564693, 52.0], [-6.236693, 43.564807, 54.0], [-6.237467, 43.564771, 56.4], [-6.238049, 43.564665, 60.5], [-6.238533, 43.564521, 66.0], [-6.239015, 43.564335, 72.9], [-6.239427, 43.564241, 81.9], [-6.240025, 43.564266, 94.5], [-6.24064, 43.564263, 105.8], [-6.241255, 43.564259, 116.0], [-6.241735, 43.564032, 117.2], [-6.241979, 43.56364, 119.0], [-6.242046, 43.563466, 118.9], [-6.242361, 43.563513, 119.8], [-6.242565, 43.563789, 121.1], [-6.242778, 43.564066, 122.0], [-6.243093, 43.564112, 124.5], [-6.243619, 43.564043, 127.0], [-6.244488, 43.563825, 129.0], [-6.245452, 43.563605, 131.2], [-6.246348, 43.563367, 133.0], [-6.247172, 43.563027, 133.0], [-6.247996, 43.56268, 132.6], [-6.248788, 43.562265, 133.9], [-6.249448, 43.561854, 133.6], [-6.250188, 43.561537, 133.2], [-6.251017, 43.56128, 131.7], [-6.251665, 43.561186, 131.0], [-6.25237, 43.561269, 129.0], [-6.252808, 43.561663, 126.0], [-6.253245, 43.562057, 134.0], [-6.253646, 43.56228, 136.0], [-6.254184, 43.562423, 136.0], [-6.255354, 43.562542, 143.0], [-6.256525, 43.56266, 147.4], [-6.257708, 43.562813, 152.0], [-6.25889, 43.562965, 152.0], [-6.260072, 43.563117, 143.2], [-6.261264, 43.563276, 146.8], [-6.261997, 43.563345, 148.5], [-6.262262, 43.563345, 148.0], [-6.262754, 43.563166, 148.5], [-6.263457, 43.562864, 150.2], [-6.264247, 43.562586, 152.9], [-6.264896, 43.562499, 152.7], [-6.265584, 43.562452, 154.1], [-6.266387, 43.562409, 154.5], [-6.266753, 43.562351, 154.1], [-6.267017, 43.56215, 156.3], [-6.267157, 43.561954, 155.3], [-6.266582, 43.56164, 158.6], [-6.265939, 43.561142, 155.1], [-6.265801, 43.561036, 155.0], [-6.265983, 43.560735, 153.9], [-6.266604, 43.560649, 152.1], [-6.267022, 43.560334, 153.5], [-6.267243, 43.560218, 150.7], [-6.267482, 43.559922, 150.6], [-6.26772, 43.559585, 146.8], [-6.267895, 43.559153, 145.0], [-6.268071, 43.558722, 146.8], [-6.268422, 43.558567, 148.1], [-6.268691, 43.558635, 152.8], [-6.268889, 43.558988, 159.7], [-6.268837, 43.559596, 155.6], [-6.268846, 43.560119, 158.8], [-6.269009, 43.560328, 149.3], [-6.269314, 43.560361, 146.1], [-6.270178, 43.560233, 147.4], [-6.271058, 43.560236, 146.8], [-6.271501, 43.560375, 152.3], [-6.271736, 43.560857, 146.8], [-6.272156, 43.561272, 147.1], [-6.272481, 43.56169, 141.5], [-6.272832, 43.56188, 139.1], [-6.273197, 43.56198, 136.0], [-6.273594, 43.561955, 134.4], [-6.273992, 43.561799, 132.8], [-6.274362, 43.561631, 129.4], [-6.274445, 43.561243, 131.0], [-6.274562, 43.560971, 121.9], [-6.274309, 43.560662, 120.9], [-6.274234, 43.560506, 119.7], [-6.274288, 43.56027, 118.7], [-6.274774, 43.560333, 117.3], [-6.275181, 43.560507, 115.2], [-6.275366, 43.560605, 109.4], [-6.275835, 43.56053, 109.0], [-6.276135, 43.56048, 107.2], [-6.276484, 43.560271, 105.8], [-6.276802, 43.560035, 103.4], [-6.2771, 43.559772, 101.1], [-6.277369, 43.559496, 94.3], [-6.277568, 43.559139, 94.2], [-6.277766, 43.558783, 93.2], [-6.27792, 43.55849, 94.4], [-6.27813, 43.558346, 93.9], [-6.278418, 43.558427, 90.2], [-6.278436, 43.558572, 93.0], [-6.278257, 43.558942, 94.0], [-6.278107, 43.559325, 94.2], [-6.278052, 43.559713, 96.6], [-6.278038, 43.560147, 99.7], [-6.27798, 43.56048, 107.3], [-6.27767, 43.561046, 114.7], [-6.277298, 43.561691, 114.7], [-6.277133, 43.562144, 114.1], [-6.277268, 43.562711, 116.0], [-6.277491, 43.563339, 120.0], [-6.277855, 43.563762, 122.9], [-6.278595, 43.563796, 126.7], [-6.279524, 43.563825, 127.0], [-6.280463, 43.563853, 127.5], [-6.281326, 43.56387, 127.0], [-6.281917, 43.563599, 126.5], [-6.282594, 43.563338, 128.0], [-6.283351, 43.563152, 127.0], [-6.283964, 43.562941, 126.0], [-6.284867, 43.56284, 125.2], [-6.285503, 43.562691, 125.0], [-6.285831, 43.562627, 124.0], [-6.286102, 43.562392, 120.6], [-6.286461, 43.562203, 111.7], [-6.286538, 43.561885, 110.3], [-6.286761, 43.561803, 111.5], [-6.28698, 43.561645, 113.6], [-6.287297, 43.561567, 112.5], [-6.28768, 43.561639, 110.1], [-6.288062, 43.561704, 109.7], [-6.288524, 43.561836, 101.3], [-6.289095, 43.561716, 97.1], [-6.289656, 43.56159, 94.9], [-6.289924, 43.561314, 97.0], [-6.290154, 43.561019, 91.1], [-6.290088, 43.560497, 87.9], [-6.290175, 43.560185, 83.7], [-6.29028, 43.560031, 80.2], [-6.290532, 43.560657, 69.8], [-6.290995, 43.560816, 58.4], [-6.291615, 43.560895, 47.3], [-6.29182, 43.560318, 66.8], [-6.292034, 43.559741, 54.2], [-6.292131, 43.559256, 57.7], [-6.292199, 43.558766, 73.1], [-6.292282, 43.558564, 67.9], [-6.292482, 43.558586, 61.0], [-6.292446, 43.558966, 59.7], [-6.292492, 43.559116, 67.0], [-6.292832, 43.559099, 82.1], [-6.292994, 43.558943, 85.8], [-6.293184, 43.558787, 89.7], [-6.293356, 43.559154, 100.9], [-6.293474, 43.559426, 106.0], [-6.293347, 43.559871, 108.2], [-6.29341, 43.560503, 111.0], [-6.293415, 43.560606, 111.0], [-6.293642, 43.560772, 112.5], [-6.29398, 43.560886, 114.0], [-6.294861, 43.560902, 119.0], [-6.295605, 43.560833, 120.2], [-6.295886, 43.560777, 121.9], [-6.29637, 43.560791, 120.0], [-6.297116, 43.5611, 116.7], [-6.29768, 43.561559, 115.0], [-6.297862, 43.562119, 112.4], [-6.298234, 43.561998, 107.9], [-6.298423, 43.561814, 106.2], [-6.298445, 43.561531, 101.8], [-6.298261, 43.56111, 96.3], [-6.298002, 43.560705, 91.0], [-6.297725, 43.560307, 91.0], [-6.297723, 43.560107, 87.9], [-6.298028, 43.560312, 83.2], [-6.298298, 43.560414, 78.9], [-6.298656, 43.560542, 71.6], [-6.299252, 43.560897, 61.8], [-6.299776, 43.561116, 47.2], [-6.300413, 43.561518, 30.7], [-6.300621, 43.562042, 29.9], [-6.300793, 43.562582, 26.4], [-6.301365, 43.562476, 42.4], [-6.301128, 43.561609, 36.4], [-6.30134, 43.561169, 33.9], [-6.301686, 43.560746, 33.4], [-6.301427, 43.560334, 42.4], [-6.301043, 43.560063, 39.3], [-6.301212, 43.559528, 38.3], [-6.301518, 43.558893, 43.8], [-6.302, 43.558349, 50.0], [-6.302737, 43.557798, 56.2], [-6.302875, 43.557553, 48.1], [-6.302987, 43.557364, 49.6], [-6.303106, 43.557815, 71.0], [-6.30295, 43.558412, 95.1], [-6.302793, 43.559009, 100.0], [-6.302744, 43.559335, 96.3], [-6.302727, 43.559714, 93.4], [-6.30308, 43.559931, 94.9], [-6.30371, 43.559865, 107.1], [-6.304184, 43.559865, 120.5], [-6.304703, 43.559665, 123.0], [-6.305148, 43.559329, 124.0], [-6.305558, 43.558849, 126.0], [-6.305853, 43.5582, 128.0], [-6.306078, 43.557815, 130.0], [-6.30636, 43.557429, 132.0], [-6.306527, 43.557011, 133.0], [-6.306867, 43.556664, 134.0], [-6.307849, 43.556264, 134.0], [-6.308867, 43.555849, 136.0], [-6.309197, 43.555654, 136.0], [-6.310129, 43.555035, 137.0], [-6.310885, 43.554662, 137.0], [-6.311994, 43.554169, 136.5], [-6.313024, 43.55363, 135.0], [-6.314055, 43.553091, 132.9], [-6.314462, 43.552748, 131.0], [-6.314473, 43.55259, 129.7], [-6.313958, 43.552192, 132.6], [-6.314004, 43.551812, 123.8], [-6.313951, 43.551539, 121.6], [-6.31405, 43.551447, 123.0], [-6.314474, 43.551593, 126.4], [-6.314862, 43.551761, 128.4], [-6.31525, 43.551936, 125.7], [-6.315639, 43.552111, 126.3], [-6.316033, 43.552216, 130.0], [-6.316262, 43.552251, 130.2], [-6.316505, 43.552203, 130.0], [-6.316798, 43.55203, 127.7], [-6.316898, 43.551607, 126.7], [-6.316731, 43.551144, 127.0], [-6.316619, 43.550838, 127.5], [-6.316839, 43.550528, 128.3], [-6.317459, 43.550442, 135.9], [-6.318037, 43.550797, 134.9], [-6.318523, 43.551203, 132.0], [-6.318779, 43.551382, 128.7], [-6.319286, 43.551312, 124.8], [-6.319398, 43.550944, 126.7], [-6.319382, 43.55049, 127.5], [-6.319468, 43.550158, 127.0], [-6.319676, 43.549973, 127.0], [-6.32001, 43.550025, 127.0], [-6.320294, 43.550196, 128.3], [-6.320376, 43.550655, 126.4], [-6.320729, 43.550714, 127.5], [-6.321699, 43.550445, 129.7], [-6.322775, 43.550228, 129.0], [-6.323544, 43.550096, 129.9], [-6.323893, 43.549893, 129.0], [-6.324362, 43.549818, 128.5], [-6.324652, 43.549927, 131.8], [-6.324708, 43.550263, 130.1], [-6.324764, 43.550599, 128.6], [-6.324931, 43.550883, 125.8], [-6.325451, 43.551034, 125.0], [-6.326079, 43.550926, 125.6], [-6.326599, 43.550567, 127.0], [-6.327321, 43.550277, 123.8], [-6.328163, 43.550088, 123.0], [-6.328761, 43.550126, 123.0], [-6.329317, 43.550771, 125.0], [-6.330016, 43.551425, 124.0], [-6.33098, 43.551742, 121.0], [-6.332236, 43.552029, 123.0], [-6.333116, 43.552189, 122.0], [-6.334054, 43.552217, 122.0], [-6.33505, 43.552085, 123.0], [-6.336087, 43.552, 123.0], [-6.336928, 43.551969, 122.0], [-6.337409, 43.551934, 121.3], [-6.337649, 43.551659, 119.5], [-6.337504, 43.551264, 116.6], [-6.336921, 43.550992, 114.2], [-6.336851, 43.550919, 112.7], [-6.336902, 43.550814, 108.0], [-6.337861, 43.550883, 93.7], [-6.338362, 43.551034, 85.8], [-6.338882, 43.551873, 75.2], [-6.339648, 43.552036, 60.9], [-6.340545, 43.552341, 55.4], [-6.341521, 43.552533, 43.9], [-6.342327, 43.552551, 32.3], [-6.34282, 43.552744, 21.8], [-6.343048, 43.553088, 17.7], [-6.343356, 43.553362, 13.8], [-6.34374, 43.553124, 9.7], [-6.344153, 43.55305, 13.6], [-6.344374, 43.552266, 22.2], [-6.344683, 43.551678, 34.3], [-6.344761, 43.551387, 43.1], [-6.344925, 43.551093, 44.1], [-6.345587, 43.550916, 61.4], [-6.345891, 43.550776, 76.1], [-6.346142, 43.550522, 82.9], [-6.346231, 43.550237, 94.7], [-6.346404, 43.550129, 103.2], [-6.346864, 43.550225, 104.1], [-6.347362, 43.550507, 115.5], [-6.347907, 43.550423, 118.7], [-6.348224, 43.550338, 118.0], [-6.348473, 43.550049, 120.3], [-6.347895, 43.549701, 124.9], [-6.347283, 43.549258, 127.6], [-6.34717, 43.548917, 131.0], [-6.347397, 43.548408, 137.0], [-6.347975, 43.548591, 136.0], [-6.34875, 43.548569, 134.0], [-6.349478, 43.548382, 132.3], [-6.349986, 43.547982, 133.2], [-6.350494, 43.547581, 130.3], [-6.351001, 43.547181, 129.1], [-6.351509, 43.546781, 129.0], [-6.352087, 43.546613, 124.9], [-6.352648, 43.546665, 126.8], [-6.352935, 43.547057, 131.3], [-6.353118, 43.54763, 130.1], [-6.353497, 43.547977, 130.9], [-6.354015, 43.548265, 131.0], [-6.354832, 43.548489, 128.0], [-6.355831, 43.548591, 124.0], [-6.356506, 43.548468, 122.1], [-6.356663, 43.548064, 123.0], [-6.356869, 43.547508, 117.0], [-6.356994, 43.546857, 113.6], [-6.357107, 43.546179, 109.2], [-6.357263, 43.545734, 109.3], [-6.357766, 43.545947, 116.5], [-6.358119, 43.546502, 115.9], [-6.358464, 43.547091, 120.4], [-6.358589, 43.547466, 118.3], [-6.358999, 43.54753, 120.7], [-6.359606, 43.547382, 123.3], [-6.360202, 43.54702, 125.9], [-6.360795, 43.546631, 127.1], [-6.361298, 43.54632, 129.0], [-6.361717, 43.546198, 129.7], [-6.362427, 43.546536, 129.4], [-6.363047, 43.546793, 128.0], [-6.363577, 43.546964, 125.0], [-6.364041, 43.546792, 121.7], [-6.364378, 43.546383, 118.9], [-6.364715, 43.545974, 115.0], [-6.364605, 43.545536, 114.6], [-6.364397, 43.545033, 113.3], [-6.36413, 43.544484, 116.8], [-6.363933, 43.544008, 116.8], [-6.364287, 43.543578, 102.9], [-6.365083, 43.543589, 110.1], [-6.365577, 43.543967, 117.3], [-6.365791, 43.544581, 111.0], [-6.366148, 43.545046, 109.8], [-6.366644, 43.54563, 111.2], [-6.367263, 43.546377, 118.9], [-6.367917, 43.547411, 113.0], [-6.368451, 43.547995, 110.0], [-6.368806, 43.548246, 109.0], [-6.369457, 43.548213, 107.0], [-6.369839, 43.548099, 106.2], [-6.369992, 43.547441, 102.1], [-6.370055, 43.547219, 98.9], [-6.370573, 43.547686, 91.5], [-6.371039, 43.547892, 83.4], [-6.371935, 43.548169, 67.4], [-6.372815, 43.548343, 53.3], [-6.373696, 43.548517, 44.4], [-6.37449, 43.548838, 28.7], [-6.375415, 43.548969, 24.0], [-6.376286, 43.548799, 28.7], [-6.377262, 43.54864, 35.8], [-6.377716, 43.549143, 50.6], [-6.3781, 43.549745, 62.9], [-6.378433, 43.550121, 68.0], [-6.379363, 43.550162, 74.0], [-6.380444, 43.550199, 83.0], [-6.381535, 43.550243, 84.0], [-6.382564, 43.550027, 86.0], [-6.383368, 43.549666, 86.9], [-6.384121, 43.549258, 88.0], [-6.384735, 43.548896, 90.0], [-6.38528, 43.548322, 91.0], [-6.385735, 43.547655, 90.0], [-6.386013, 43.547041, 89.0], [-6.386439, 43.546368, 86.6], [-6.386809, 43.54571, 92.7], [-6.387366, 43.545177, 92.0], [-6.387927, 43.54472, 93.0], [-6.389031, 43.544653, 94.0], [-6.390147, 43.544641, 90.0], [-6.391572, 43.54473, 88.2]]}}, {"type": "Feature", "properties": {"order": 22, "group": "camino-del-norte-irun-arzua", "source_file": "23a-cadavedo-luarca.gpx", "reversed_from_source": false, "point_count": 161, "source": "CNIG/IGN - Rutas de Caminos de Santiago 2020-2026 (datos FEAACS)", "license": "CC-BY 4.0", "attribution": "Obra derivada de Rutas de Caminos de Santiago 2020-2026 CC-BY 4.0 FEAACS"}, "geometry": {"type": "LineString", "coordinates": [[-6.389591, 43.544603, 92.0], [-6.39295, 43.544781, 87.3], [-6.393727, 43.544815, 91.0], [-6.394624, 43.545362, 94.9], [-6.395334, 43.54537, 99.1], [-6.395942, 43.545209, 102.5], [-6.396943, 43.545265, 103.0], [-6.398332, 43.545683, 106.0], [-6.399401, 43.545775, 105.9], [-6.400317, 43.54571, 109.0], [-6.401288, 43.545471, 110.0], [-6.40251, 43.545254, 114.5], [-6.403, 43.545087, 115.0], [-6.403716, 43.54497, 114.0], [-6.404836, 43.544106, 99.7], [-6.405832, 43.543379, 100.8], [-6.40634, 43.543545, 101.5], [-6.407684, 43.544556, 108.5], [-6.408309, 43.54492, 109.3], [-6.409102, 43.545011, 111.3], [-6.411057, 43.545221, 110.0], [-6.41427, 43.545593, 97.0], [-6.415898, 43.545592, 100.9], [-6.41664, 43.545246, 95.0], [-6.417867, 43.545572, 99.0], [-6.418852, 43.545591, 99.0], [-6.419714, 43.545269, 97.7], [-6.420747, 43.544732, 90.4], [-6.421304, 43.544123, 85.0], [-6.421984, 43.544075, 91.2], [-6.422721, 43.543871, 95.5], [-6.422982, 43.543845, 95.0], [-6.423586, 43.543387, 94.0], [-6.424033, 43.542705, 88.8], [-6.424958, 43.542344, 98.0], [-6.425745, 43.542091, 98.1], [-6.42734, 43.542435, 98.5], [-6.430059, 43.543605, 107.0], [-6.432462, 43.544527, 108.9], [-6.433181, 43.545155, 114.0], [-6.433597, 43.545783, 113.0], [-6.434426, 43.546035, 111.5], [-6.435703, 43.546102, 109.6], [-6.438863, 43.546246, 108.0], [-6.443185, 43.546269, 106.7], [-6.444277, 43.546991, 99.4], [-6.44478, 43.54753, 95.0], [-6.445303, 43.547715, 94.0], [-6.446073, 43.547405, 95.0], [-6.446769, 43.547165, 95.1], [-6.447295, 43.547188, 95.9], [-6.447926, 43.547876, 94.0], [-6.449013, 43.548521, 91.0], [-6.450819, 43.547493, 89.0], [-6.453109, 43.546421, 88.6], [-6.453225, 43.54616, 90.3], [-6.452598, 43.545529, 85.8], [-6.451982, 43.54487, 78.1], [-6.452071, 43.544581, 72.1], [-6.452642, 43.544459, 74.3], [-6.452659, 43.543608, 80.1], [-6.452942, 43.543275, 77.0], [-6.453505, 43.543488, 68.5], [-6.453915, 43.543762, 69.5], [-6.454453, 43.543866, 69.0], [-6.455232, 43.543764, 63.9], [-6.456285, 43.543344, 52.3], [-6.457467, 43.542537, 37.8], [-6.457988, 43.541865, 19.2], [-6.458546, 43.541696, 8.1], [-6.458734, 43.541928, 13.5], [-6.459126, 43.5425, 16.3], [-6.459427, 43.542788, 9.0], [-6.459802, 43.542777, 7.6], [-6.460146, 43.542664, 6.0], [-6.460862, 43.542776, 5.0], [-6.461541, 43.542671, 2.3], [-6.462536, 43.542683, 6.0], [-6.46304, 43.543476, 32.1], [-6.464028, 43.544522, 4.0], [-6.465272, 43.545694, 12.3], [-6.465965, 43.545977, 21.5], [-6.466401, 43.545866, 19.6], [-6.467209, 43.545095, 17.9], [-6.46813, 43.544259, 32.0], [-6.468759, 43.543292, 40.6], [-6.469609, 43.54238, 53.3], [-6.470458, 43.541467, 61.5], [-6.471209, 43.540582, 58.8], [-6.471779, 43.540461, 41.3], [-6.472679, 43.540574, 36.7], [-6.473075, 43.540927, 41.7], [-6.473026, 43.54139, 42.9], [-6.472669, 43.542009, 48.4], [-6.4719, 43.542871, 54.3], [-6.47067, 43.544008, 58.3], [-6.469482, 43.545418, 56.5], [-6.468592, 43.546363, 46.6], [-6.468382, 43.546922, 60.9], [-6.468501, 43.547253, 64.5], [-6.468969, 43.547269, 68.0], [-6.469746, 43.547124, 67.8], [-6.470943, 43.54673, 74.3], [-6.472416, 43.546047, 77.8], [-6.474052, 43.545014, 81.0], [-6.475264, 43.544309, 90.7], [-6.475733, 43.543614, 91.0], [-6.476031, 43.543125, 92.0], [-6.476451, 43.542876, 94.0], [-6.476989, 43.542793, 104.2], [-6.477748, 43.542916, 100.3], [-6.478766, 43.543043, 105.1], [-6.479078, 43.542949, 107.0], [-6.479436, 43.542798, 107.4], [-6.480162, 43.542212, 108.1], [-6.481046, 43.541462, 113.0], [-6.481367, 43.541227, 114.0], [-6.481483, 43.540641, 117.3], [-6.481635, 43.54009, 118.6], [-6.481982, 43.539739, 118.2], [-6.482784, 43.539004, 120.4], [-6.483647, 43.538328, 124.2], [-6.483733, 43.537949, 127.1], [-6.483685, 43.53741, 122.7], [-6.483725, 43.536941, 122.0], [-6.483922, 43.536595, 125.8], [-6.484532, 43.536158, 125.1], [-6.485498, 43.535539, 124.6], [-6.486185, 43.535142, 118.0], [-6.486997, 43.535032, 117.8], [-6.487693, 43.535224, 122.2], [-6.488141, 43.536042, 125.4], [-6.4888, 43.536897, 123.6], [-6.4893, 43.537174, 125.0], [-6.490102, 43.53732, 128.7], [-6.491341, 43.53724, 130.8], [-6.493967, 43.537002, 128.4], [-6.498056, 43.53667, 115.7], [-6.501912, 43.536327, 104.0], [-6.505907, 43.535956, 98.0], [-6.510336, 43.535571, 94.0], [-6.514858, 43.53522, 91.0], [-6.51946, 43.534799, 89.0], [-6.519878, 43.53495, 89.0], [-6.520247, 43.536403, 85.0], [-6.520744, 43.537913, 84.3], [-6.521174, 43.539419, 82.0], [-6.521647, 43.540936, 79.0], [-6.521895, 43.541481, 78.0], [-6.52341, 43.542109, 75.0], [-6.525375, 43.542863, 71.0], [-6.526607, 43.543366, 72.0], [-6.528109, 43.54434, 72.0], [-6.529658, 43.545265, 68.3], [-6.52994, 43.546222, 62.9], [-6.530218, 43.546548, 56.4], [-6.531055, 43.547161, 49.3], [-6.531774, 43.547746, 35.2], [-6.531791, 43.549034, 10.2], [-6.531959, 43.549624, 20.8], [-6.532483, 43.549864, 30.9]]}}, {"type": "Feature", "properties": {"order": 23, "group": "camino-del-norte-irun-arzua", "source_file": "24a-luarca-la-caridad.gpx", "reversed_from_source": false, "point_count": 335, "source": "CNIG/IGN - Rutas de Caminos de Santiago 2020-2026 (datos FEAACS)", "license": "CC-BY 4.0", "attribution": "Obra derivada de Rutas de Caminos de Santiago 2020-2026 CC-BY 4.0 FEAACS"}, "geometry": {"type": "LineString", "coordinates": [[-6.532407, 43.549733, 40.2], [-6.532546, 43.549631, 41.0], [-6.532506, 43.549254, 42.0], [-6.53231, 43.548412, 45.0], [-6.532435, 43.547418, 38.5], [-6.531703, 43.546921, 20.3], [-6.531654, 43.545732, 11.4], [-6.532026, 43.545194, 7.1], [-6.53357, 43.545017, 4.0], [-6.534949, 43.544871, 3.0], [-6.535409, 43.544615, 3.0], [-6.535507, 43.544259, 3.8], [-6.535536, 43.543948, 4.0], [-6.534786, 43.543099, 5.0], [-6.535752, 43.542379, 9.8], [-6.537317, 43.542348, 30.3], [-6.536386, 43.542662, 41.9], [-6.5361, 43.542852, 43.1], [-6.536293, 43.543106, 42.6], [-6.536753, 43.543274, 49.5], [-6.536709, 43.543128, 56.3], [-6.536403, 43.542965, 48.9], [-6.536312, 43.542839, 45.8], [-6.537748, 43.542847, 68.9], [-6.538499, 43.542495, 70.0], [-6.540429, 43.54121, 71.0], [-6.542764, 43.539757, 74.0], [-6.544629, 43.538992, 76.0], [-6.545393, 43.539685, 75.0], [-6.546016, 43.539985, 73.0], [-6.547671, 43.539891, 62.1], [-6.547821, 43.539627, 58.3], [-6.547474, 43.539164, 52.8], [-6.547537, 43.538825, 50.0], [-6.548242, 43.538113, 52.0], [-6.5488, 43.537518, 57.2], [-6.54995, 43.536896, 63.0], [-6.550693, 43.536424, 65.1], [-6.551553, 43.535914, 68.0], [-6.552329, 43.535588, 70.0], [-6.553468, 43.535389, 75.0], [-6.554109, 43.535007, 76.5], [-6.555139, 43.534975, 76.0], [-6.557899, 43.534699, 84.0], [-6.561288, 43.53424, 90.0], [-6.565523, 43.533021, 100.0], [-6.567367, 43.532523, 107.5], [-6.56967, 43.531744, 115.0], [-6.571972, 43.531758, 121.0], [-6.573395, 43.53275, 119.5], [-6.573931, 43.532992, 119.0], [-6.574834, 43.533016, 119.0], [-6.577651, 43.532505, 116.8], [-6.578936, 43.532172, 115.1], [-6.582041, 43.532532, 123.0], [-6.583217, 43.532961, 121.6], [-6.584372, 43.534427, 116.4], [-6.584967, 43.534866, 115.0], [-6.586278, 43.535757, 117.3], [-6.586774, 43.536122, 117.9], [-6.587811, 43.53602, 117.4], [-6.588613, 43.536142, 117.2], [-6.591099, 43.536841, 117.0], [-6.592566, 43.536976, 111.9], [-6.594427, 43.536961, 116.8], [-6.595133, 43.536852, 116.8], [-6.595894, 43.536483, 118.0], [-6.597433, 43.536444, 114.3], [-6.598527, 43.537074, 115.0], [-6.59986, 43.53755, 113.0], [-6.600335, 43.537562, 114.4], [-6.600866, 43.537908, 113.2], [-6.602396, 43.5383, 117.4], [-6.603236, 43.53886, 113.6], [-6.603835, 43.539359, 114.1], [-6.604714, 43.539384, 119.2], [-6.605434, 43.540708, 115.0], [-6.605575, 43.541877, 114.0], [-6.605865, 43.54217, 113.3], [-6.606845, 43.542891, 111.1], [-6.608303, 43.543268, 115.6], [-6.60991, 43.542958, 115.9], [-6.611413, 43.542902, 129.1], [-6.612648, 43.541129, 150.5], [-6.613316, 43.540202, 159.6], [-6.613632, 43.540528, 164.0], [-6.613633, 43.541141, 166.0], [-6.613812, 43.541757, 167.0], [-6.614053, 43.542018, 167.0], [-6.614551, 43.542201, 169.0], [-6.615301, 43.542453, 171.0], [-6.616839, 43.54237, 172.3], [-6.618118, 43.542132, 168.3], [-6.619681, 43.541685, 157.6], [-6.620394, 43.541508, 159.6], [-6.621055, 43.541461, 154.3], [-6.621793, 43.541507, 146.2], [-6.622571, 43.541819, 146.0], [-6.623328, 43.542374, 131.9], [-6.624731, 43.543011, 111.8], [-6.625004, 43.543219, 107.6], [-6.625316, 43.542872, 105.2], [-6.625576, 43.542856, 104.1], [-6.625683, 43.543068, 101.3], [-6.625756, 43.543498, 94.4], [-6.625953, 43.543612, 89.6], [-6.626623, 43.543712, 78.0], [-6.627389, 43.542635, 75.2], [-6.628523, 43.541952, 72.2], [-6.629035, 43.541401, 66.7], [-6.629481, 43.540921, 64.0], [-6.630393, 43.540702, 63.0], [-6.630507, 43.541217, 65.0], [-6.630774, 43.541519, 65.0], [-6.631087, 43.541604, 67.0], [-6.631641, 43.541544, 73.8], [-6.631651, 43.541121, 77.2], [-6.631718, 43.540653, 83.1], [-6.632068, 43.540547, 90.3], [-6.6324, 43.540951, 100.1], [-6.632549, 43.541646, 98.9], [-6.633048, 43.542053, 99.8], [-6.634041, 43.542781, 97.0], [-6.634732, 43.543027, 96.0], [-6.635529, 43.543261, 95.0], [-6.636724, 43.543801, 86.0], [-6.637473, 43.544028, 80.5], [-6.637733, 43.544073, 77.8], [-6.637978, 43.543957, 78.0], [-6.638349, 43.544088, 77.7], [-6.638832, 43.544527, 78.0], [-6.639095, 43.544553, 79.0], [-6.639489, 43.54429, 80.0], [-6.639862, 43.543838, 82.0], [-6.640404, 43.543536, 85.0], [-6.64079, 43.543605, 86.0], [-6.641757, 43.543866, 86.0], [-6.641967, 43.543805, 87.8], [-6.642626, 43.543914, 85.5], [-6.644936, 43.543881, 84.0], [-6.645403, 43.544049, 87.1], [-6.646606, 43.54452, 90.0], [-6.64721, 43.544643, 89.1], [-6.648165, 43.544708, 83.0], [-6.649325, 43.544779, 77.0], [-6.649962, 43.545139, 73.0], [-6.65083, 43.545159, 71.0], [-6.651444, 43.545445, 69.0], [-6.652166, 43.545815, 68.0], [-6.652314, 43.546109, 67.2], [-6.652203, 43.546432, 67.0], [-6.651731, 43.54665, 68.0], [-6.651909, 43.547127, 65.4], [-6.652217, 43.547598, 66.0], [-6.652889, 43.548079, 68.0], [-6.65408, 43.54819, 72.0], [-6.654826, 43.548201, 71.0], [-6.655822, 43.548474, 72.0], [-6.656494, 43.548487, 73.0], [-6.658382, 43.547647, 71.0], [-6.66116, 43.546419, 64.0], [-6.662162, 43.545865, 53.7], [-6.662728, 43.545209, 46.0], [-6.663317, 43.54494, 46.0], [-6.663833, 43.545303, 42.6], [-6.664324, 43.545396, 39.1], [-6.664718, 43.545282, 39.6], [-6.664891, 43.545372, 42.3], [-6.664726, 43.545581, 40.2], [-6.664948, 43.545709, 48.5], [-6.665647, 43.54524, 57.5], [-6.665889, 43.545232, 60.0], [-6.666292, 43.545416, 61.0], [-6.666708, 43.545206, 66.4], [-6.66752, 43.544929, 73.0], [-6.668097, 43.54506, 75.0], [-6.668755, 43.544694, 75.4], [-6.670538, 43.543809, 81.0], [-6.671687, 43.54323, 82.0], [-6.672255, 43.544154, 74.0], [-6.672445, 43.544515, 71.3], [-6.672416, 43.544801, 71.3], [-6.67305, 43.544652, 68.0], [-6.673807, 43.54454, 61.6], [-6.674148, 43.544468, 60.0], [-6.674896, 43.543888, 61.2], [-6.675214, 43.543457, 60.4], [-6.675498, 43.542601, 59.4], [-6.675619, 43.542136, 58.8], [-6.676372, 43.5418, 50.1], [-6.677038, 43.541711, 45.8], [-6.678042, 43.541374, 57.8], [-6.678815, 43.541207, 61.0], [-6.679243, 43.540739, 63.0], [-6.679328, 43.540295, 64.8], [-6.679508, 43.539727, 66.7], [-6.680023, 43.539154, 69.5], [-6.680483, 43.538747, 71.3], [-6.681139, 43.539268, 73.6], [-6.68242, 43.539946, 76.0], [-6.682853, 43.540014, 78.0], [-6.683534, 43.539877, 83.0], [-6.684333, 43.539519, 86.0], [-6.684915, 43.539134, 85.0], [-6.686214, 43.539188, 83.0], [-6.687207, 43.538959, 81.8], [-6.688025, 43.538614, 79.6], [-6.688868, 43.538079, 77.1], [-6.689413, 43.537838, 77.1], [-6.693065, 43.537659, 79.0], [-6.693603, 43.537757, 79.4], [-6.694789, 43.538099, 82.1], [-6.696935, 43.537528, 84.0], [-6.69979, 43.536961, 90.0], [-6.702264, 43.536718, 92.0], [-6.704397, 43.536242, 90.0], [-6.705588, 43.53636, 89.1], [-6.707639, 43.536822, 87.0], [-6.711228, 43.537879, 83.0], [-6.712873, 43.538409, 77.1], [-6.713748, 43.539296, 69.1], [-6.714823, 43.53996, 58.4], [-6.716199, 43.540506, 46.6], [-6.716558, 43.540888, 41.9], [-6.716878, 43.541399, 40.3], [-6.717519, 43.541514, 37.3], [-6.717982, 43.54131, 31.3], [-6.718507, 43.540601, 29.0], [-6.719288, 43.539959, 24.0], [-6.719958, 43.539639, 22.9], [-6.720674, 43.53946, 19.0], [-6.721678, 43.539421, 16.0], [-6.722834, 43.539417, 15.0], [-6.723037, 43.539533, 14.4], [-6.723996, 43.539217, 7.5], [-6.724767, 43.539321, 3.0], [-6.724584, 43.540446, 5.0], [-6.724494, 43.540958, 5.8], [-6.724793, 43.54126, 5.1], [-6.727126, 43.542059, 9.0], [-6.727884, 43.541506, 11.5], [-6.728896, 43.540842, 20.0], [-6.730268, 43.539801, 32.0], [-6.730824, 43.539444, 34.5], [-6.73165, 43.539539, 40.4], [-6.732889, 43.539987, 56.0], [-6.735079, 43.540126, 79.3], [-6.735471, 43.539984, 79.0], [-6.735406, 43.53939, 81.3], [-6.735643, 43.538989, 83.0], [-6.735411, 43.538712, 80.5], [-6.735282, 43.53814, 73.0], [-6.735409, 43.537933, 73.7], [-6.736194, 43.537656, 81.6], [-6.736748, 43.53757, 78.4], [-6.737662, 43.536829, 71.0], [-6.738111, 43.536862, 70.0], [-6.740219, 43.537641, 66.0], [-6.740697, 43.537225, 64.0], [-6.744158, 43.538468, 63.0], [-6.745409, 43.538949, 60.0], [-6.74607, 43.538948, 61.0], [-6.747175, 43.538566, 71.2], [-6.747517, 43.538535, 74.9], [-6.748092, 43.538625, 81.0], [-6.74872, 43.538543, 87.5], [-6.749952, 43.538422, 95.7], [-6.751903, 43.538154, 107.9], [-6.754704, 43.537778, 108.2], [-6.758181, 43.537772, 110.7], [-6.760912, 43.538082, 106.0], [-6.762649, 43.538731, 99.2], [-6.763474, 43.538799, 98.1], [-6.764376, 43.53862, 94.9], [-6.765314, 43.538705, 93.0], [-6.767757, 43.539926, 95.0], [-6.769026, 43.541139, 99.0], [-6.769481, 43.541267, 102.0], [-6.770558, 43.541489, 105.0], [-6.772025, 43.542133, 107.2], [-6.7726, 43.541341, 113.0], [-6.773276, 43.541421, 110.7], [-6.773633, 43.541179, 112.0], [-6.774041, 43.541145, 113.2], [-6.774346, 43.541393, 111.2], [-6.774637, 43.542319, 101.9], [-6.774813, 43.542456, 98.5], [-6.77585, 43.54249, 93.0], [-6.777164, 43.543382, 95.2], [-6.778642, 43.544053, 100.0], [-6.780852, 43.544359, 105.0], [-6.783713, 43.544645, 107.0], [-6.784219, 43.544248, 109.0], [-6.787079, 43.544662, 103.0], [-6.787355, 43.544145, 108.0], [-6.787936, 43.544499, 104.0], [-6.788789, 43.544572, 100.0], [-6.789535, 43.544568, 97.0], [-6.790723, 43.544637, 91.5], [-6.792442, 43.544547, 81.0], [-6.793341, 43.54432, 76.0], [-6.794957, 43.544816, 69.0], [-6.795619, 43.545113, 68.4], [-6.795921, 43.545476, 67.0], [-6.796336, 43.545707, 67.0], [-6.796326, 43.545239, 77.9], [-6.796431, 43.545134, 77.6], [-6.796991, 43.54515, 81.0], [-6.798046, 43.545468, 79.3], [-6.798573, 43.545545, 74.2], [-6.800355, 43.545276, 58.2], [-6.801085, 43.545313, 61.9], [-6.802003, 43.545974, 69.0], [-6.80257, 43.546247, 68.0], [-6.804911, 43.546712, 75.0], [-6.808247, 43.547137, 75.9], [-6.812214, 43.547642, 73.0], [-6.813038, 43.547852, 73.4], [-6.813449, 43.548157, 72.0], [-6.813776, 43.548472, 71.0], [-6.815208, 43.54856, 67.9], [-6.818616, 43.548345, 67.5], [-6.820509, 43.547753, 68.0], [-6.820884, 43.547639, 68.7], [-6.82146, 43.547613, 69.5], [-6.821898, 43.547754, 70.0], [-6.82227, 43.547742, 70.0], [-6.822536, 43.548127, 70.0], [-6.822713, 43.549599, 66.0], [-6.823788, 43.549631, 67.0], [-6.824764, 43.549449, 61.0], [-6.82535, 43.549416, 55.5], [-6.825831, 43.549651, 53.0], [-6.825926, 43.550137, 58.1], [-6.827143, 43.550659, 64.0]]}}, {"type": "Feature", "properties": {"order": 24, "group": "camino-del-norte-irun-arzua", "source_file": "25a-la-caridad-ribadeo.gpx", "reversed_from_source": false, "point_count": 165, "source": "CNIG/IGN - Rutas de Caminos de Santiago 2020-2026 (datos FEAACS)", "license": "CC-BY 4.0", "attribution": "Obra derivada de Rutas de Caminos de Santiago 2020-2026 CC-BY 4.0 FEAACS"}, "geometry": {"type": "LineString", "coordinates": [[-6.82709, 43.55066, 64.0], [-6.827772, 43.550858, 65.1], [-6.829708, 43.551262, 59.0], [-6.830795, 43.551473, 57.0], [-6.832425, 43.552742, 59.0], [-6.833131, 43.553187, 58.0], [-6.833839, 43.553123, 56.0], [-6.834098, 43.553098, 55.0], [-6.834737, 43.5532, 48.2], [-6.835783, 43.553116, 31.7], [-6.8364, 43.552857, 30.4], [-6.837129, 43.55294, 37.4], [-6.837325, 43.552999, 42.3], [-6.837185, 43.553473, 40.1], [-6.837233, 43.554047, 47.3], [-6.837756, 43.554095, 50.5], [-6.83845, 43.553998, 53.0], [-6.83878, 43.553839, 55.3], [-6.839015, 43.553626, 56.8], [-6.839571, 43.554027, 56.0], [-6.839894, 43.554477, 56.0], [-6.840977, 43.554441, 56.0], [-6.841289, 43.5542, 56.0], [-6.841928, 43.553579, 57.7], [-6.842558, 43.553171, 59.0], [-6.843903, 43.552822, 58.2], [-6.845134, 43.552616, 56.7], [-6.845463, 43.552112, 59.0], [-6.846319, 43.552051, 50.6], [-6.84739, 43.552015, 49.0], [-6.848531, 43.552527, 52.1], [-6.849156, 43.552589, 50.0], [-6.849894, 43.553871, 56.0], [-6.85026, 43.554468, 53.2], [-6.851515, 43.55519, 46.3], [-6.853353, 43.556173, 52.0], [-6.85468, 43.556589, 50.0], [-6.857165, 43.557089, 45.7], [-6.858472, 43.557201, 47.0], [-6.859563, 43.557461, 46.3], [-6.859917, 43.557868, 45.2], [-6.85994, 43.55823, 45.0], [-6.864132, 43.559083, 44.0], [-6.869426, 43.560178, 49.0], [-6.870934, 43.560415, 49.0], [-6.871279, 43.560683, 48.9], [-6.871923, 43.560851, 48.0], [-6.87305, 43.560796, 47.0], [-6.874459, 43.560206, 39.3], [-6.875633, 43.55964, 32.4], [-6.875971, 43.559275, 31.8], [-6.876087, 43.558441, 29.1], [-6.876461, 43.557927, 15.9], [-6.877442, 43.55736, 9.3], [-6.878825, 43.557074, 15.1], [-6.880098, 43.556999, 8.0], [-6.881222, 43.555834, 14.0], [-6.881778, 43.556054, 20.9], [-6.882915, 43.556846, 37.0], [-6.8841, 43.557349, 48.0], [-6.8848, 43.557851, 48.0], [-6.886087, 43.558005, 50.0], [-6.886801, 43.558039, 49.0], [-6.888115, 43.558422, 51.0], [-6.88919, 43.557917, 52.0], [-6.88921, 43.557349, 51.0], [-6.88937, 43.556842, 49.5], [-6.889855, 43.556299, 49.9], [-6.890625, 43.555624, 50.7], [-6.891195, 43.554996, 51.5], [-6.891986, 43.554641, 52.9], [-6.892826, 43.553823, 54.0], [-6.893241, 43.553242, 55.0], [-6.894392, 43.553384, 61.3], [-6.89473, 43.553019, 62.4], [-6.895075, 43.552399, 62.0], [-6.895134, 43.551912, 61.0], [-6.895688, 43.551219, 62.1], [-6.896546, 43.5505, 66.7], [-6.89751, 43.549505, 69.3], [-6.898693, 43.54856, 70.8], [-6.899477, 43.547925, 71.2], [-6.900463, 43.546921, 72.0], [-6.90217, 43.546214, 71.0], [-6.903002, 43.545446, 74.4], [-6.90426, 43.544104, 71.0], [-6.905589, 43.543335, 67.8], [-6.906138, 43.543078, 67.0], [-6.906756, 43.542498, 67.0], [-6.908193, 43.542177, 67.0], [-6.910486, 43.542157, 64.5], [-6.91267, 43.542016, 60.2], [-6.91536, 43.541324, 52.5], [-6.916786, 43.54047, 48.0], [-6.918417, 43.539822, 48.0], [-6.92048, 43.539044, 54.4], [-6.921281, 43.538326, 58.0], [-6.921755, 43.538154, 60.0], [-6.923037, 43.537354, 65.0], [-6.924135, 43.536691, 68.7], [-6.925676, 43.536228, 69.0], [-6.926673, 43.536087, 71.2], [-6.928065, 43.535768, 73.0], [-6.929332, 43.536316, 70.7], [-6.930242, 43.536408, 68.0], [-6.930989, 43.536761, 67.0], [-6.931685, 43.536869, 66.0], [-6.932377, 43.53673, 66.0], [-6.933144, 43.536186, 67.0], [-6.933843, 43.535644, 68.0], [-6.935512, 43.536459, 64.0], [-6.935521, 43.53608, 63.0], [-6.935134, 43.535518, 62.6], [-6.934846, 43.534912, 63.1], [-6.934972, 43.534587, 61.1], [-6.935496, 43.534306, 59.0], [-6.936972, 43.534239, 65.0], [-6.940142, 43.534319, 65.0], [-6.94089, 43.534359, 65.8], [-6.941423, 43.532483, 77.0], [-6.942842, 43.532401, 75.0], [-6.943858, 43.532218, 74.0], [-6.946367, 43.532222, 76.0], [-6.947046, 43.532059, 75.9], [-6.949078, 43.532022, 76.0], [-6.950144, 43.531903, 73.0], [-6.950941, 43.531309, 72.1], [-6.953016, 43.531245, 74.0], [-6.954647, 43.531304, 73.0], [-6.95645, 43.530527, 71.0], [-6.957747, 43.529627, 63.0], [-6.959734, 43.528744, 68.0], [-6.960812, 43.528469, 73.6], [-6.962929, 43.528519, 77.0], [-6.96629, 43.529117, 70.0], [-6.96913, 43.529685, 58.8], [-6.971825, 43.530628, 57.8], [-6.976616, 43.531818, 62.0], [-6.982306, 43.533264, 52.9], [-6.988247, 43.534932, 43.5], [-6.994315, 43.536619, 46.8], [-6.996566, 43.537848, 41.0], [-7.000846, 43.538817, 39.0], [-7.006501, 43.54023, 21.0], [-7.00768, 43.540296, 24.2], [-7.011372, 43.540059, 30.1], [-7.014962, 43.539144, 33.0], [-7.018085, 43.539199, 30.0], [-7.020005, 43.54002, 29.0], [-7.020168, 43.541116, 30.8], [-7.020751, 43.542403, 32.2], [-7.021291, 43.542886, 31.0], [-7.021515, 43.543026, 29.7], [-7.021955, 43.543348, 33.7], [-7.025784, 43.542967, 36.0], [-7.031169, 43.542859, 0.1], [-7.037567, 43.542786, 25.7], [-7.037738, 43.542265, 28.9], [-7.037945, 43.541599, 31.4], [-7.038774, 43.540462, 27.1], [-7.038841, 43.53999, 25.0], [-7.039522, 43.539712, 29.0], [-7.041237, 43.538419, 36.0], [-7.042044, 43.537745, 38.0], [-7.042618, 43.537223, 40.0]]}}, {"type": "Feature", "properties": {"order": 25, "group": "camino-del-norte-irun-arzua", "source_file": "26a-ribadeo-lourenza.gpx", "reversed_from_source": true, "point_count": 764, "source": "CNIG/IGN - Rutas de Caminos de Santiago 2020-2026 (datos FEAACS)", "license": "CC-BY 4.0", "attribution": "Obra derivada de Rutas de Caminos de Santiago 2020-2026 CC-BY 4.0 FEAACS"}, "geometry": {"type": "LineString", "coordinates": [[-7.042561, 43.537181, 40.0], [-7.04314, 43.537199, 40.0], [-7.043475, 43.536689, 41.0], [-7.043562, 43.536418, 41.0], [-7.043911, 43.536138, 41.0], [-7.044255, 43.535782, 41.0], [-7.044577, 43.535082, 43.8], [-7.044484, 43.534804, 40.0], [-7.045671, 43.534798, 40.0], [-7.046634, 43.53477, 41.0], [-7.0469, 43.534763, 41.0], [-7.047074, 43.534744, 41.0], [-7.047389, 43.534673, 41.0], [-7.048158, 43.534495, 41.0], [-7.048439, 43.534434, 41.0], [-7.048723, 43.534389, 41.2], [-7.049138, 43.534416, 41.0], [-7.049336, 43.534433, 42.0], [-7.050222, 43.534542, 42.0], [-7.050428, 43.534413, 42.2], [-7.051043, 43.534107, 42.2], [-7.051771, 43.533784, 42.0], [-7.052971, 43.533289, 41.0], [-7.05343, 43.533103, 40.0], [-7.053645, 43.532985, 40.0], [-7.054162, 43.532699, 40.7], [-7.054107, 43.532463, 34.2], [-7.054076, 43.5323, 38.6], [-7.054024, 43.532075, 40.1], [-7.053913, 43.53187, 40.6], [-7.053779, 43.531749, 40.0], [-7.053383, 43.531499, 40.0], [-7.053433, 43.531336, 41.6], [-7.053573, 43.530977, 46.0], [-7.053692, 43.530737, 47.1], [-7.053949, 43.530594, 49.3], [-7.054292, 43.530523, 49.6], [-7.054424, 43.530457, 49.1], [-7.054621, 43.530245, 51.0], [-7.054966, 43.529805, 53.8], [-7.055055, 43.529668, 54.0], [-7.055722, 43.52964, 56.0], [-7.055865, 43.529626, 56.4], [-7.056062, 43.529637, 57.0], [-7.056162, 43.529657, 57.1], [-7.056269, 43.529559, 58.0], [-7.057157, 43.528796, 65.3], [-7.058173, 43.527907, 75.9], [-7.058421, 43.527658, 80.0], [-7.059334, 43.52665, 96.0], [-7.059556, 43.526416, 98.9], [-7.059789, 43.526217, 101.0], [-7.059986, 43.526067, 103.0], [-7.060134, 43.525939, 104.5], [-7.060298, 43.525754, 106.9], [-7.060458, 43.525584, 109.2], [-7.060572, 43.525459, 110.1], [-7.060689, 43.525346, 112.1], [-7.060862, 43.525202, 113.1], [-7.060949, 43.52514, 114.0], [-7.061146, 43.525039, 114.0], [-7.061396, 43.524929, 115.0], [-7.061771, 43.524814, 116.1], [-7.062329, 43.524671, 117.8], [-7.062664, 43.524571, 118.6], [-7.062848, 43.524494, 118.1], [-7.063042, 43.524381, 118.2], [-7.063277, 43.524178, 120.3], [-7.063495, 43.523993, 123.0], [-7.063667, 43.523861, 124.0], [-7.063846, 43.523734, 125.0], [-7.064015, 43.523618, 125.9], [-7.064395, 43.523379, 127.1], [-7.064703, 43.523203, 127.9], [-7.06526, 43.522907, 129.7], [-7.065771, 43.522633, 134.1], [-7.066162, 43.522446, 135.0], [-7.066642, 43.52224, 134.0], [-7.066921, 43.522168, 133.9], [-7.067118, 43.522162, 133.3], [-7.067514, 43.522217, 132.5], [-7.067619, 43.522231, 132.3], [-7.067697, 43.522238, 132.0], [-7.067845, 43.522165, 132.0], [-7.067947, 43.522086, 132.0], [-7.06793, 43.521956, 131.9], [-7.067896, 43.52185, 132.3], [-7.067843, 43.521682, 133.0], [-7.067839, 43.521535, 134.6], [-7.067909, 43.521398, 136.0], [-7.068018, 43.521289, 137.0], [-7.068341, 43.521108, 139.0], [-7.068652, 43.520953, 140.7], [-7.068884, 43.52083, 141.0], [-7.069381, 43.520596, 139.7], [-7.069564, 43.520527, 139.0], [-7.069796, 43.520477, 139.0], [-7.07009, 43.520411, 139.5], [-7.070264, 43.52035, 140.0], [-7.070436, 43.520268, 140.4], [-7.070587, 43.520099, 141.9], [-7.070748, 43.51984, 144.0], [-7.070861, 43.519642, 145.8], [-7.071023, 43.519401, 147.7], [-7.071262, 43.519119, 149.1], [-7.071536, 43.518816, 150.0], [-7.071725, 43.518627, 150.1], [-7.071922, 43.518448, 151.0], [-7.072092, 43.518319, 151.0], [-7.072293, 43.518179, 151.2], [-7.072837, 43.517818, 150.9], [-7.073, 43.517708, 150.7], [-7.073159, 43.517584, 150.8], [-7.073361, 43.517395, 150.5], [-7.073646, 43.517123, 150.5], [-7.073844, 43.516912, 150.0], [-7.073948, 43.516804, 150.0], [-7.074073, 43.516719, 150.0], [-7.074233, 43.516573, 149.7], [-7.075144, 43.516451, 152.0], [-7.076077, 43.516255, 153.0], [-7.076811, 43.51609, 152.0], [-7.078118, 43.515795, 148.0], [-7.078566, 43.515728, 145.3], [-7.078946, 43.515816, 145.1], [-7.079399, 43.51602, 144.0], [-7.079718, 43.516139, 142.3], [-7.080044, 43.516091, 142.0], [-7.080248, 43.516039, 141.9], [-7.080525, 43.51595, 142.4], [-7.080671, 43.515803, 143.8], [-7.08106, 43.515248, 147.5], [-7.081171, 43.51511, 148.4], [-7.081271, 43.515028, 149.1], [-7.081565, 43.514814, 151.2], [-7.08178, 43.51468, 153.0], [-7.082541, 43.514405, 157.0], [-7.082896, 43.514383, 158.4], [-7.084192, 43.51425, 156.1], [-7.084975, 43.514099, 154.0], [-7.085239, 43.51393, 155.0], [-7.085582, 43.513356, 152.3], [-7.085959, 43.512995, 150.1], [-7.086196, 43.512803, 149.1], [-7.086324, 43.512716, 149.1], [-7.086427, 43.51265, 148.7], [-7.086524, 43.512588, 148.3], [-7.086635, 43.512518, 147.5], [-7.086769, 43.512496, 148.3], [-7.086948, 43.512497, 147.7], [-7.087187, 43.512558, 148.8], [-7.087372, 43.512675, 151.0], [-7.088125, 43.512884, 157.3], [-7.089349, 43.512654, 151.0], [-7.090248, 43.512503, 146.5], [-7.091214, 43.512302, 141.8], [-7.091809, 43.512183, 138.8], [-7.092333, 43.512053, 137.0], [-7.092627, 43.511905, 137.0], [-7.093003, 43.511726, 136.4], [-7.093472, 43.511456, 134.0], [-7.094313, 43.510969, 130.0], [-7.094946, 43.510641, 126.9], [-7.095947, 43.510285, 118.0], [-7.096417, 43.510201, 114.3], [-7.097086, 43.51019, 113.0], [-7.097507, 43.510151, 110.1], [-7.097861, 43.510104, 108.0], [-7.098333, 43.51002, 104.8], [-7.09868, 43.509971, 102.8], [-7.09902, 43.509912, 101.0], [-7.099288, 43.509775, 100.0], [-7.099516, 43.509645, 100.0], [-7.099697, 43.509526, 99.0], [-7.09979, 43.509371, 96.3], [-7.099756, 43.509243, 95.1], [-7.09963, 43.50911, 96.8], [-7.099491, 43.50895, 98.5], [-7.099342, 43.508726, 104.2], [-7.099182, 43.50855, 105.0], [-7.098904, 43.508334, 109.9], [-7.098731, 43.508125, 111.0], [-7.098577, 43.507786, 113.7], [-7.098544, 43.507495, 115.4], [-7.09866, 43.507262, 116.0], [-7.098839, 43.506979, 117.0], [-7.099039, 43.507022, 117.8], [-7.099194, 43.507013, 118.7], [-7.099379, 43.506928, 120.7], [-7.099508, 43.506833, 121.9], [-7.100046, 43.50641, 125.9], [-7.100307, 43.506259, 127.0], [-7.10057, 43.506208, 129.0], [-7.101063, 43.506202, 133.0], [-7.101771, 43.506241, 138.5], [-7.102468, 43.506351, 140.6], [-7.103205, 43.506482, 142.0], [-7.10365, 43.506507, 142.0], [-7.103912, 43.506482, 142.0], [-7.104721, 43.506222, 141.9], [-7.10509, 43.506071, 141.5], [-7.105761, 43.505817, 141.0], [-7.106195, 43.50567, 142.0], [-7.106384, 43.505612, 142.0], [-7.106695, 43.505567, 142.8], [-7.107077, 43.505514, 143.5], [-7.107401, 43.505482, 144.2], [-7.107654, 43.505456, 144.0], [-7.108017, 43.505486, 145.0], [-7.108278, 43.505551, 144.0], [-7.108527, 43.505745, 142.0], [-7.108974, 43.506081, 139.2], [-7.109132, 43.506194, 139.1], [-7.109329, 43.506293, 137.7], [-7.109456, 43.506324, 137.3], [-7.109594, 43.506327, 136.3], [-7.109727, 43.506299, 136.0], [-7.109831, 43.506238, 136.0], [-7.110009, 43.506112, 136.0], [-7.110202, 43.505992, 135.0], [-7.110442, 43.505874, 135.3], [-7.110828, 43.505756, 135.0], [-7.111123, 43.505675, 134.0], [-7.111545, 43.505562, 133.0], [-7.111971, 43.505444, 132.0], [-7.112484, 43.505288, 131.0], [-7.112999, 43.505145, 130.2], [-7.113292, 43.505071, 128.8], [-7.113704, 43.504952, 127.5], [-7.114063, 43.504852, 124.8], [-7.114284, 43.504777, 122.0], [-7.114365, 43.504724, 121.0], [-7.114431, 43.504626, 118.9], [-7.114441, 43.504502, 117.0], [-7.114394, 43.504346, 116.4], [-7.114363, 43.504186, 116.1], [-7.1144, 43.504014, 116.1], [-7.114505, 43.503893, 116.4], [-7.115575, 43.502651, 108.3], [-7.11568, 43.50252, 107.0], [-7.115794, 43.502293, 105.0], [-7.115728, 43.502087, 106.8], [-7.115246, 43.501678, 110.0], [-7.115113, 43.501306, 109.2], [-7.115181, 43.501163, 108.8], [-7.115234, 43.501145, 109.0], [-7.115725, 43.501351, 112.0], [-7.115901, 43.50139, 112.1], [-7.11626, 43.501333, 114.1], [-7.116576, 43.501243, 114.4], [-7.116857, 43.501172, 115.0], [-7.117161, 43.50107, 115.7], [-7.117434, 43.501005, 117.0], [-7.11773, 43.500978, 117.8], [-7.118029, 43.500971, 117.0], [-7.118336, 43.500951, 116.9], [-7.118657, 43.50086, 116.5], [-7.118944, 43.500771, 116.7], [-7.119169, 43.500676, 116.4], [-7.119461, 43.500583, 117.4], [-7.119634, 43.500525, 117.2], [-7.120563, 43.500364, 118.0], [-7.121117, 43.500277, 120.3], [-7.12144, 43.500225, 120.9], [-7.121763, 43.50017, 121.7], [-7.122163, 43.500142, 123.2], [-7.122412, 43.500116, 124.0], [-7.122753, 43.500066, 124.0], [-7.122862, 43.500038, 124.0], [-7.122859, 43.500135, 125.0], [-7.122964, 43.500355, 128.8], [-7.123082, 43.500558, 132.7], [-7.123161, 43.500542, 133.1], [-7.123587, 43.50074, 138.8], [-7.123737, 43.500813, 140.5], [-7.123915, 43.500823, 140.9], [-7.124019, 43.50082, 140.9], [-7.124414, 43.500785, 141.0], [-7.124834, 43.500751, 142.0], [-7.125329, 43.500716, 142.1], [-7.125637, 43.500694, 143.0], [-7.125731, 43.500648, 142.5], [-7.125758, 43.500583, 142.0], [-7.125871, 43.500663, 142.9], [-7.12612, 43.500651, 143.0], [-7.126892, 43.500595, 142.2], [-7.127894, 43.500519, 141.3], [-7.129067, 43.500437, 142.0], [-7.129392, 43.500427, 143.6], [-7.13008, 43.500474, 150.2], [-7.130717, 43.50054, 154.0], [-7.131009, 43.500524, 155.0], [-7.13124, 43.500424, 154.0], [-7.131329, 43.500449, 154.8], [-7.131483, 43.5005, 156.8], [-7.131575, 43.500492, 157.3], [-7.131657, 43.500474, 157.4], [-7.131748, 43.500426, 157.4], [-7.131909, 43.500323, 156.2], [-7.13202, 43.500246, 154.6], [-7.132334, 43.500154, 153.7], [-7.132597, 43.500087, 152.5], [-7.132873, 43.500043, 150.8], [-7.133268, 43.500006, 149.5], [-7.133422, 43.499973, 148.7], [-7.133628, 43.499912, 148.6], [-7.13385, 43.499818, 148.1], [-7.134065, 43.499745, 148.7], [-7.134294, 43.499711, 148.5], [-7.134497, 43.49971, 148.7], [-7.134925, 43.499632, 147.6], [-7.135331, 43.499563, 147.2], [-7.135758, 43.499514, 146.7], [-7.136191, 43.49948, 145.7], [-7.136354, 43.499466, 144.8], [-7.136686, 43.499412, 144.1], [-7.137357, 43.499342, 144.8], [-7.13804, 43.499108, 144.7], [-7.138573, 43.498854, 143.9], [-7.139014, 43.498685, 142.6], [-7.139471, 43.498505, 139.0], [-7.13966, 43.498458, 139.0], [-7.139976, 43.498369, 135.9], [-7.140185, 43.498235, 131.5], [-7.140403, 43.498019, 126.9], [-7.140627, 43.497827, 123.2], [-7.140764, 43.497695, 121.1], [-7.140962, 43.497416, 118.0], [-7.141684, 43.497391, 114.0], [-7.141504, 43.497169, 111.3], [-7.141131, 43.496912, 108.0], [-7.140984, 43.496858, 107.6], [-7.141216, 43.496782, 105.6], [-7.141674, 43.496808, 102.2], [-7.142036, 43.496894, 99.6], [-7.14232, 43.496945, 97.9], [-7.142862, 43.496867, 94.0], [-7.144599, 43.496307, 106.8], [-7.144311, 43.496578, 111.0], [-7.144291, 43.496759, 114.2], [-7.14437, 43.496901, 116.4], [-7.144706, 43.497068, 121.6], [-7.145114, 43.497026, 128.3], [-7.145489, 43.496958, 132.8], [-7.145673, 43.496908, 135.8], [-7.145952, 43.496905, 140.0], [-7.146021, 43.496915, 140.9], [-7.146651, 43.497157, 151.0], [-7.147032, 43.497312, 156.4], [-7.147432, 43.497446, 160.8], [-7.148011, 43.497604, 169.2], [-7.148555, 43.49762, 174.6], [-7.148794, 43.497602, 175.4], [-7.148618, 43.49768, 176.0], [-7.1485, 43.497843, 179.5], [-7.14872, 43.49784, 180.9], [-7.149226, 43.498027, 186.7], [-7.149782, 43.498269, 191.0], [-7.150316, 43.498504, 194.9], [-7.150707, 43.498617, 198.4], [-7.151309, 43.498867, 206.5], [-7.151525, 43.499022, 210.1], [-7.151689, 43.499138, 211.9], [-7.151808, 43.499216, 213.0], [-7.151939, 43.499281, 214.2], [-7.15211, 43.499359, 215.1], [-7.152246, 43.499437, 216.1], [-7.152364, 43.499479, 217.0], [-7.152849, 43.499666, 222.7], [-7.153288, 43.499856, 228.0], [-7.153736, 43.500131, 234.6], [-7.153922, 43.500331, 238.0], [-7.154108, 43.500564, 242.0], [-7.15428, 43.500773, 245.5], [-7.154487, 43.500841, 247.0], [-7.155039, 43.500918, 251.4], [-7.155916, 43.500931, 256.6], [-7.157113, 43.500739, 264.0], [-7.157789, 43.500302, 269.2], [-7.158492, 43.499823, 273.0], [-7.159313, 43.49966, 275.6], [-7.160194, 43.499433, 277.3], [-7.16162, 43.499256, 277.9], [-7.162355, 43.498969, 278.6], [-7.16295, 43.498537, 277.6], [-7.163337, 43.498508, 277.3], [-7.164028, 43.498558, 277.0], [-7.165218, 43.498509, 280.8], [-7.167073, 43.498917, 286.4], [-7.168569, 43.498955, 295.5], [-7.170377, 43.499119, 299.0], [-7.171022, 43.499041, 299.0], [-7.171601, 43.499099, 299.1], [-7.172331, 43.499106, 298.9], [-7.172803, 43.499036, 300.2], [-7.173539, 43.498751, 300.9], [-7.173644, 43.498673, 300.8], [-7.174319, 43.49859, 305.0], [-7.175425, 43.498468, 314.2], [-7.175883, 43.4986, 319.6], [-7.175923, 43.499164, 321.0], [-7.177237, 43.498953, 330.8], [-7.178333, 43.498448, 332.0], [-7.18118, 43.497565, 341.9], [-7.181912, 43.497217, 348.4], [-7.182466, 43.497369, 347.5], [-7.183055, 43.497345, 347.5], [-7.183621, 43.497156, 347.5], [-7.184111, 43.496847, 350.7], [-7.184705, 43.496568, 352.5], [-7.185825, 43.49639, 353.5], [-7.187684, 43.496039, 360.8], [-7.190148, 43.494914, 356.1], [-7.191478, 43.494416, 344.8], [-7.192194, 43.494289, 334.3], [-7.192887, 43.493724, 332.0], [-7.193778, 43.493113, 332.2], [-7.195688, 43.492093, 328.3], [-7.196625, 43.491823, 332.0], [-7.19727, 43.491612, 336.0], [-7.197668, 43.491836, 331.0], [-7.198236, 43.492145, 324.2], [-7.198486, 43.492255, 322.0], [-7.198678, 43.492384, 320.0], [-7.198851, 43.49246, 318.1], [-7.198955, 43.4925, 317.0], [-7.199356, 43.492845, 312.9], [-7.199562, 43.493023, 309.8], [-7.19982, 43.493204, 305.9], [-7.199954, 43.493297, 303.5], [-7.200109, 43.493329, 301.8], [-7.20032, 43.493324, 299.6], [-7.200588, 43.49333, 296.0], [-7.200904, 43.493356, 291.8], [-7.201023, 43.493248, 291.3], [-7.201806, 43.492297, 284.7], [-7.202029, 43.492026, 284.8], [-7.202283, 43.491702, 285.1], [-7.202552, 43.491361, 284.5], [-7.202644, 43.491149, 284.8], [-7.202725, 43.490841, 284.2], [-7.202852, 43.490368, 282.0], [-7.202961, 43.490247, 282.0], [-7.203336, 43.490161, 282.6], [-7.205081, 43.489859, 275.8], [-7.206214, 43.489658, 269.2], [-7.206538, 43.489549, 268.0], [-7.20721, 43.489152, 270.9], [-7.208409, 43.48848, 273.0], [-7.208492, 43.488437, 273.0], [-7.208617, 43.488494, 271.4], [-7.209042, 43.488716, 265.6], [-7.209297, 43.48886, 262.4], [-7.20945, 43.489031, 261.9], [-7.209638, 43.489297, 264.0], [-7.210358, 43.490418, 280.8], [-7.210555, 43.49073, 285.0], [-7.210587, 43.491065, 289.3], [-7.210563, 43.491252, 291.1], [-7.210566, 43.491584, 295.9], [-7.210655, 43.491828, 299.4], [-7.210799, 43.491957, 302.2], [-7.211035, 43.492129, 305.5], [-7.211501, 43.492412, 312.0], [-7.21204, 43.492722, 318.2], [-7.212099, 43.492738, 318.8], [-7.212046, 43.492823, 319.7], [-7.212303, 43.492873, 321.0], [-7.21278, 43.493017, 325.6], [-7.213175, 43.493097, 329.7], [-7.213705, 43.493142, 333.1], [-7.214071, 43.493155, 334.9], [-7.214399, 43.493224, 337.5], [-7.214756, 43.493265, 339.7], [-7.2149, 43.493292, 339.4], [-7.215015, 43.4934, 340.3], [-7.215124, 43.493453, 341.0], [-7.215527, 43.493497, 341.0], [-7.215629, 43.493509, 340.5], [-7.215626, 43.493568, 341.0], [-7.215931, 43.493629, 339.0], [-7.216107, 43.493645, 337.9], [-7.21625, 43.493626, 337.0], [-7.216334, 43.493613, 336.2], [-7.216501, 43.49356, 335.3], [-7.216656, 43.493463, 334.9], [-7.216984, 43.49319, 334.0], [-7.217253, 43.492984, 334.0], [-7.217514, 43.492864, 333.2], [-7.21774, 43.49281, 332.0], [-7.21795, 43.492769, 331.1], [-7.218355, 43.492678, 329.4], [-7.21857, 43.492619, 327.9], [-7.21901, 43.492492, 323.6], [-7.219318, 43.492395, 320.5], [-7.219565, 43.492308, 317.8], [-7.22001, 43.49215, 314.0], [-7.220274, 43.492058, 311.1], [-7.220478, 43.491993, 308.3], [-7.220681, 43.491952, 306.0], [-7.221102, 43.491871, 300.1], [-7.221397, 43.4918, 296.2], [-7.221954, 43.491642, 289.5], [-7.222157, 43.491563, 286.7], [-7.222371, 43.491461, 285.1], [-7.222601, 43.491318, 283.0], [-7.22281, 43.491149, 281.4], [-7.223212, 43.490782, 277.4], [-7.223437, 43.490527, 274.8], [-7.223524, 43.490388, 273.5], [-7.223653, 43.490285, 272.1], [-7.223878, 43.490044, 269.2], [-7.224072, 43.489847, 266.3], [-7.224241, 43.489737, 264.0], [-7.224371, 43.489599, 263.7], [-7.224486, 43.489539, 263.0], [-7.224559, 43.489516, 262.8], [-7.224639, 43.489508, 262.6], [-7.224722, 43.489591, 263.7], [-7.224763, 43.48967, 264.2], [-7.22483, 43.489779, 264.8], [-7.224976, 43.489845, 265.7], [-7.225117, 43.489874, 267.4], [-7.225289, 43.489894, 269.4], [-7.225471, 43.489916, 269.8], [-7.225879, 43.490061, 270.0], [-7.226338, 43.490159, 267.8], [-7.226847, 43.490253, 262.1], [-7.227312, 43.490003, 257.8], [-7.227512, 43.489898, 255.3], [-7.227754, 43.48975, 253.2], [-7.228055, 43.489555, 251.0], [-7.228271, 43.489435, 250.6], [-7.228334, 43.489432, 249.6], [-7.22869, 43.489196, 248.6], [-7.22883, 43.489116, 248.0], [-7.229025, 43.489085, 247.4], [-7.229362, 43.489102, 246.8], [-7.229721, 43.489078, 245.5], [-7.230207, 43.488941, 243.6], [-7.230579, 43.48885, 242.1], [-7.230868, 43.48879, 240.8], [-7.231353, 43.488816, 238.9], [-7.231822, 43.488862, 236.0], [-7.232349, 43.488877, 233.0], [-7.232572, 43.488878, 232.0], [-7.233266, 43.488561, 227.0], [-7.233754, 43.488325, 223.0], [-7.233914, 43.488225, 221.9], [-7.233982, 43.488105, 220.9], [-7.233917, 43.487814, 218.1], [-7.233843, 43.487605, 216.9], [-7.233756, 43.487309, 215.3], [-7.23386, 43.487034, 213.6], [-7.234052, 43.486863, 211.6], [-7.234397, 43.48679, 208.0], [-7.234815, 43.486847, 203.5], [-7.23528, 43.486963, 201.7], [-7.235973, 43.487106, 198.1], [-7.236355, 43.487238, 196.0], [-7.237102, 43.487556, 191.6], [-7.237602, 43.48768, 191.0], [-7.238094, 43.487677, 190.1], [-7.238418, 43.487596, 189.0], [-7.238576, 43.487515, 188.0], [-7.238682, 43.487323, 186.0], [-7.238731, 43.487048, 183.7], [-7.238877, 43.48639, 177.3], [-7.239, 43.486031, 175.0], [-7.239252, 43.485707, 174.0], [-7.239589, 43.485607, 172.0], [-7.239915, 43.48561, 170.8], [-7.240691, 43.485645, 166.0], [-7.240874, 43.485651, 165.0], [-7.241987, 43.487514, 163.0], [-7.246666, 43.487135, 136.0], [-7.248694, 43.487029, 121.3], [-7.250218, 43.48693, 118.0], [-7.250995, 43.486859, 115.0], [-7.251129, 43.486852, 114.6], [-7.251425, 43.486716, 111.8], [-7.251841, 43.486494, 107.0], [-7.252382, 43.48615, 101.0], [-7.252535, 43.486003, 98.6], [-7.252474, 43.48588, 97.4], [-7.252294, 43.485724, 94.2], [-7.252242, 43.485637, 92.0], [-7.252218, 43.485494, 88.6], [-7.252195, 43.485177, 85.6], [-7.252346, 43.485181, 84.3], [-7.252771, 43.485066, 83.0], [-7.253226, 43.484932, 82.0], [-7.253351, 43.4849, 83.1], [-7.253633, 43.484839, 84.4], [-7.253871, 43.484841, 85.0], [-7.254131, 43.484933, 84.9], [-7.254509, 43.485044, 87.0], [-7.254693, 43.4851, 88.9], [-7.254895, 43.485223, 91.9], [-7.255, 43.485386, 92.5], [-7.255148, 43.485477, 93.0], [-7.255467, 43.48556, 93.0], [-7.256338, 43.485654, 92.1], [-7.257193, 43.485719, 92.9], [-7.257559, 43.485761, 93.7], [-7.257997, 43.485761, 94.5], [-7.258174, 43.485761, 95.0], [-7.25825, 43.485797, 95.0], [-7.258306, 43.485924, 94.0], [-7.2583, 43.486043, 95.2], [-7.258266, 43.486181, 96.2], [-7.258605, 43.486147, 96.8], [-7.25891, 43.486114, 98.5], [-7.259179, 43.486107, 100.0], [-7.259411, 43.486117, 101.0], [-7.259538, 43.486142, 102.4], [-7.259771, 43.486244, 104.0], [-7.25998, 43.486364, 105.7], [-7.260255, 43.486501, 107.2], [-7.260472, 43.486592, 109.7], [-7.260678, 43.486626, 111.1], [-7.260901, 43.486659, 113.1], [-7.2613, 43.486726, 114.0], [-7.261621, 43.486822, 115.2], [-7.261877, 43.486873, 117.0], [-7.262431, 43.486906, 120.0], [-7.262721, 43.486899, 122.7], [-7.262951, 43.486943, 125.0], [-7.26307, 43.486988, 125.2], [-7.26355, 43.487161, 130.9], [-7.264185, 43.48748, 137.0], [-7.264599, 43.487718, 141.0], [-7.264806, 43.487813, 142.3], [-7.264834, 43.487727, 142.0], [-7.265127, 43.487669, 144.7], [-7.265307, 43.487617, 146.0], [-7.265567, 43.487559, 148.0], [-7.26571, 43.48752, 149.3], [-7.265844, 43.487437, 150.6], [-7.26607, 43.487274, 153.4], [-7.266209, 43.48719, 154.8], [-7.266377, 43.487114, 155.4], [-7.266497, 43.487056, 156.0], [-7.266735, 43.486984, 158.1], [-7.266964, 43.486911, 160.3], [-7.267099, 43.486873, 161.5], [-7.26738, 43.486827, 164.3], [-7.26784, 43.486756, 169.7], [-7.267991, 43.48672, 172.2], [-7.268178, 43.486646, 174.2], [-7.268344, 43.486549, 176.0], [-7.268564, 43.486423, 177.8], [-7.268738, 43.486323, 179.7], [-7.268954, 43.486204, 182.6], [-7.269167, 43.486108, 185.4], [-7.269507, 43.485947, 191.6], [-7.269769, 43.485836, 195.9], [-7.270036, 43.485707, 200.2], [-7.270223, 43.485627, 203.0], [-7.270424, 43.485552, 206.8], [-7.270641, 43.485506, 209.4], [-7.270893, 43.485471, 213.0], [-7.271033, 43.485438, 214.3], [-7.271252, 43.485387, 216.4], [-7.271809, 43.485306, 222.0], [-7.272296, 43.485229, 225.6], [-7.272374, 43.485213, 226.0], [-7.272455, 43.485198, 226.0], [-7.272528, 43.485206, 226.0], [-7.273052, 43.485196, 227.7], [-7.273234, 43.485221, 227.8], [-7.273782, 43.485237, 226.0], [-7.274388, 43.48525, 225.0], [-7.274907, 43.485238, 222.0], [-7.27559, 43.485245, 220.0], [-7.275954, 43.48541, 218.6], [-7.276313, 43.485575, 217.8], [-7.27671, 43.485668, 215.6], [-7.277221, 43.485806, 215.0], [-7.277614, 43.485878, 213.0], [-7.278038, 43.48582, 210.3], [-7.278591, 43.485691, 208.4], [-7.279019, 43.485588, 206.1], [-7.279536, 43.48548, 204.8], [-7.279884, 43.485391, 203.0], [-7.280347, 43.485225, 197.3], [-7.28068, 43.485085, 193.9], [-7.281208, 43.484898, 190.0], [-7.281752, 43.484713, 189.0], [-7.282296, 43.484434, 185.4], [-7.282819, 43.484173, 178.1], [-7.283221, 43.484053, 171.8], [-7.283464, 43.484036, 169.8], [-7.283937, 43.483871, 164.3], [-7.28426, 43.483742, 161.2], [-7.284759, 43.483659, 158.6], [-7.285191, 43.483519, 157.0], [-7.285532, 43.48337, 155.5], [-7.285825, 43.483209, 154.1], [-7.286246, 43.482989, 152.9], [-7.286449, 43.48274, 150.1], [-7.286838, 43.482503, 148.3], [-7.287106, 43.482322, 147.8], [-7.287454, 43.482102, 145.9], [-7.287987, 43.481764, 145.0], [-7.288748, 43.481235, 140.0], [-7.289701, 43.480562, 132.0], [-7.290146, 43.480277, 127.6], [-7.29039, 43.480065, 125.0], [-7.290228, 43.479816, 122.4], [-7.291743, 43.479259, 115.0], [-7.292514, 43.479, 112.0], [-7.292821, 43.478864, 111.3], [-7.293109, 43.478767, 111.5], [-7.293484, 43.478692, 111.1], [-7.293879, 43.478524, 110.0], [-7.294147, 43.47838, 109.0], [-7.29436, 43.478226, 108.0], [-7.294616, 43.478075, 107.0], [-7.294851, 43.477909, 106.0], [-7.29508, 43.477668, 103.8], [-7.295213, 43.477485, 102.0], [-7.295613, 43.476999, 99.0], [-7.296012, 43.476565, 97.0], [-7.296165, 43.476385, 95.0], [-7.296232, 43.476137, 92.7], [-7.296239, 43.475921, 91.0], [-7.296205, 43.475568, 90.0], [-7.296114, 43.475023, 87.9], [-7.296072, 43.474798, 86.0], [-7.295956, 43.474615, 85.0], [-7.29609, 43.47462, 84.9], [-7.296238, 43.474567, 83.9], [-7.296419, 43.474556, 83.8], [-7.296692, 43.474493, 83.3], [-7.297037, 43.474421, 82.3], [-7.297434, 43.474341, 80.8], [-7.297931, 43.47423, 79.2], [-7.298222, 43.474183, 78.0], [-7.298669, 43.474167, 76.0], [-7.298929, 43.474177, 74.0], [-7.299234, 43.474235, 70.1], [-7.299387, 43.474199, 67.9], [-7.299512, 43.47416, 63.6], [-7.299588, 43.473981, 59.1], [-7.299688, 43.473895, 56.9], [-7.299645, 43.473353, 53.2], [-7.299791, 43.473358, 52.0], [-7.299859, 43.473331, 51.0], [-7.299884, 43.473241, 50.0], [-7.299925, 43.473031, 50.0], [-7.299916, 43.47289, 49.9], [-7.299902, 43.472787, 49.6], [-7.299882, 43.472691, 50.8], [-7.299775, 43.47259, 50.5], [-7.299689, 43.472529, 51.4], [-7.299599, 43.472438, 52.0], [-7.2997, 43.472374, 52.0], [-7.299631, 43.472282, 52.0], [-7.299492, 43.472315, 52.0], [-7.29941, 43.472182, 52.0], [-7.299362, 43.472, 52.0], [-7.299415, 43.471612, 53.0], [-7.299569, 43.470573, 55.0]]}}, {"type": "Feature", "properties": {"order": 26, "group": "camino-del-norte-irun-arzua", "source_file": "27a-lourenza-gontan.gpx", "reversed_from_source": false, "point_count": 289, "source": "CNIG/IGN - Rutas de Caminos de Santiago 2020-2026 (datos FEAACS)", "license": "CC-BY 4.0", "attribution": "Obra derivada de Rutas de Caminos de Santiago 2020-2026 CC-BY 4.0 FEAACS"}, "geometry": {"type": "LineString", "coordinates": [[-7.298852, 43.470577, 55.7], [-7.299481, 43.470609, 54.4], [-7.299729, 43.469947, 56.9], [-7.300483, 43.469574, 66.2], [-7.300966, 43.469174, 77.3], [-7.30143, 43.468681, 88.7], [-7.30173, 43.468222, 90.1], [-7.302059, 43.467977, 91.8], [-7.303789, 43.467837, 102.9], [-7.305993, 43.467512, 123.7], [-7.306244, 43.466897, 136.1], [-7.306949, 43.466199, 149.9], [-7.307988, 43.46533, 164.3], [-7.309491, 43.464332, 175.1], [-7.310633, 43.463832, 182.1], [-7.312119, 43.462779, 194.8], [-7.313494, 43.461776, 200.9], [-7.314933, 43.460426, 210.1], [-7.3159, 43.459262, 226.8], [-7.317117, 43.457855, 238.0], [-7.318273, 43.456478, 230.3], [-7.318462, 43.455893, 223.7], [-7.318296, 43.455536, 223.8], [-7.320934, 43.45359, 225.0], [-7.32367, 43.451594, 209.2], [-7.324791, 43.450993, 204.7], [-7.326077, 43.45072, 197.9], [-7.327878, 43.45068, 189.8], [-7.328137, 43.45054, 190.0], [-7.328802, 43.450471, 191.0], [-7.328553, 43.449741, 201.3], [-7.329406, 43.450705, 187.4], [-7.33004, 43.450552, 190.3], [-7.330813, 43.450694, 193.0], [-7.331126, 43.450914, 192.4], [-7.332071, 43.450703, 199.1], [-7.334429, 43.450386, 189.8], [-7.335408, 43.450135, 186.0], [-7.337049, 43.450115, 170.0], [-7.338035, 43.44995, 165.3], [-7.339093, 43.449598, 155.0], [-7.339225, 43.449435, 155.0], [-7.340069, 43.449491, 150.0], [-7.340269, 43.449273, 147.3], [-7.340039, 43.44874, 148.9], [-7.340152, 43.448299, 153.0], [-7.340811, 43.448134, 156.8], [-7.341076, 43.44781, 160.9], [-7.341314, 43.447451, 166.4], [-7.341635, 43.447247, 168.0], [-7.341701, 43.446825, 171.2], [-7.340873, 43.446646, 177.8], [-7.340389, 43.446263, 188.0], [-7.340087, 43.445733, 197.2], [-7.340092, 43.445121, 202.5], [-7.340884, 43.444461, 200.8], [-7.341917, 43.44381, 190.3], [-7.342315, 43.443341, 188.3], [-7.342571, 43.443226, 187.4], [-7.343186, 43.443116, 186.7], [-7.343627, 43.442907, 183.2], [-7.34382, 43.442585, 184.9], [-7.34401, 43.442228, 187.0], [-7.344534, 43.442173, 187.2], [-7.344837, 43.442389, 176.7], [-7.345245, 43.442391, 173.0], [-7.34581, 43.442579, 166.0], [-7.346625, 43.442898, 156.6], [-7.347486, 43.443197, 146.0], [-7.348212, 43.44296, 139.8], [-7.349104, 43.442681, 130.7], [-7.349595, 43.442505, 125.8], [-7.349754, 43.442045, 128.8], [-7.34968, 43.441681, 126.1], [-7.349037, 43.441426, 123.0], [-7.348521, 43.441253, 122.9], [-7.348578, 43.441041, 123.2], [-7.348888, 43.44068, 132.7], [-7.349288, 43.440245, 132.9], [-7.350015, 43.440008, 116.2], [-7.350499, 43.440077, 109.7], [-7.351195, 43.440417, 103.4], [-7.351451, 43.440635, 98.5], [-7.351555, 43.441418, 91.6], [-7.351527, 43.441699, 91.9], [-7.351943, 43.441805, 89.7], [-7.352406, 43.44191, 89.0], [-7.35305, 43.441318, 88.0], [-7.354867, 43.439771, 90.8], [-7.35585, 43.439515, 90.0], [-7.356724, 43.439389, 91.0], [-7.357741, 43.43894, 93.0], [-7.357998, 43.438072, 94.0], [-7.359569, 43.436083, 102.0], [-7.359796, 43.435506, 104.0], [-7.359609, 43.434319, 108.0], [-7.359433, 43.433478, 111.2], [-7.360104, 43.432138, 115.0], [-7.361209, 43.430968, 116.8], [-7.36197, 43.430165, 122.3], [-7.362281, 43.42951, 132.9], [-7.362227, 43.429112, 129.8], [-7.363105, 43.428592, 128.9], [-7.363518, 43.427992, 129.7], [-7.363463, 43.427557, 128.1], [-7.363385, 43.42731, 129.0], [-7.364262, 43.426791, 136.0], [-7.36509, 43.426407, 141.0], [-7.365999, 43.425958, 148.3], [-7.366653, 43.425338, 153.8], [-7.366652, 43.425138, 157.0], [-7.364959, 43.425851, 175.0], [-7.364305, 43.426124, 170.0], [-7.363735, 43.426103, 173.9], [-7.36312, 43.425907, 180.8], [-7.362955, 43.425704, 182.3], [-7.363103, 43.425484, 184.0], [-7.36364, 43.424873, 189.4], [-7.364248, 43.423783, 202.4], [-7.365008, 43.42264, 218.8], [-7.365866, 43.42176, 228.5], [-7.365935, 43.421176, 232.8], [-7.365493, 43.420665, 239.2], [-7.364481, 43.420042, 255.5], [-7.363761, 43.419374, 255.7], [-7.363595, 43.41889, 250.4], [-7.36381, 43.41833, 245.9], [-7.363187, 43.417577, 253.2], [-7.362553, 43.41684, 260.2], [-7.362301, 43.415892, 269.1], [-7.36246, 43.415458, 267.6], [-7.363695, 43.414468, 264.2], [-7.364853, 43.41359, 261.1], [-7.36632, 43.41291, 264.1], [-7.367027, 43.412212, 269.9], [-7.36685, 43.411843, 274.0], [-7.366232, 43.410871, 273.6], [-7.366189, 43.410373, 273.3], [-7.366877, 43.409494, 269.6], [-7.3676, 43.408195, 271.3], [-7.368333, 43.407134, 279.1], [-7.368298, 43.405985, 273.4], [-7.367907, 43.405209, 279.5], [-7.367785, 43.404389, 269.2], [-7.369758, 43.403232, 283.0], [-7.370586, 43.40277, 284.2], [-7.370804, 43.402262, 290.3], [-7.371823, 43.401572, 289.0], [-7.372442, 43.401415, 284.4], [-7.3727, 43.401132, 280.8], [-7.373751, 43.400452, 276.5], [-7.374646, 43.399825, 273.0], [-7.375847, 43.399675, 281.6], [-7.376753, 43.39964, 290.1], [-7.378125, 43.399425, 300.6], [-7.377983, 43.39914, 304.2], [-7.377418, 43.398952, 307.4], [-7.377095, 43.398627, 319.6], [-7.37682, 43.398359, 316.4], [-7.377525, 43.39796, 319.8], [-7.378379, 43.397648, 312.3], [-7.379322, 43.397019, 307.2], [-7.380377, 43.396444, 315.8], [-7.381301, 43.396286, 317.7], [-7.381884, 43.396071, 323.8], [-7.382629, 43.395579, 326.2], [-7.384026, 43.395049, 326.0], [-7.384703, 43.395592, 323.5], [-7.385195, 43.396004, 322.2], [-7.386132, 43.395956, 319.8], [-7.385975, 43.395634, 322.3], [-7.38608, 43.395017, 324.3], [-7.38679, 43.394478, 323.2], [-7.387771, 43.394272, 322.4], [-7.388565, 43.393666, 310.8], [-7.39086, 43.392554, 318.9], [-7.391962, 43.39214, 316.9], [-7.393078, 43.391714, 318.0], [-7.393779, 43.39171, 318.7], [-7.393912, 43.392007, 319.9], [-7.394295, 43.392225, 321.1], [-7.395667, 43.392021, 332.6], [-7.396299, 43.391951, 338.0], [-7.397142, 43.392581, 343.2], [-7.397399, 43.393048, 347.8], [-7.397255, 43.393483, 348.5], [-7.397509, 43.393683, 351.1], [-7.398099, 43.393242, 357.3], [-7.398659, 43.392616, 358.2], [-7.399009, 43.39194, 361.3], [-7.398667, 43.391186, 353.1], [-7.398698, 43.389859, 339.9], [-7.39921, 43.389444, 333.0], [-7.400586, 43.389066, 331.9], [-7.402151, 43.388448, 335.8], [-7.403477, 43.38806, 340.8], [-7.403985, 43.388249, 343.9], [-7.404398, 43.388664, 348.3], [-7.405146, 43.388867, 355.3], [-7.406027, 43.388485, 361.2], [-7.406759, 43.388247, 364.7], [-7.407075, 43.38777, 368.4], [-7.408496, 43.386925, 380.6], [-7.410686, 43.385701, 382.2], [-7.413462, 43.384199, 386.7], [-7.414691, 43.383559, 395.4], [-7.414904, 43.383403, 400.6], [-7.414985, 43.382858, 398.2], [-7.415612, 43.382589, 396.2], [-7.415992, 43.382207, 387.9], [-7.416345, 43.381791, 372.9], [-7.417424, 43.381477, 378.0], [-7.417248, 43.381251, 379.5], [-7.416875, 43.381161, 384.9], [-7.416985, 43.380913, 389.3], [-7.41732, 43.380493, 398.6], [-7.417376, 43.380166, 406.0], [-7.417459, 43.379546, 420.6], [-7.417567, 43.379287, 421.3], [-7.417875, 43.379356, 428.2], [-7.417992, 43.379863, 425.3], [-7.418213, 43.380273, 432.0], [-7.418304, 43.380433, 434.9], [-7.418663, 43.380768, 429.1], [-7.419066, 43.381043, 428.5], [-7.419185, 43.380713, 447.8], [-7.418923, 43.380397, 450.9], [-7.418908, 43.379968, 455.4], [-7.419038, 43.379347, 464.0], [-7.419151, 43.378273, 481.3], [-7.419064, 43.377741, 484.0], [-7.420252, 43.378951, 512.5], [-7.420792, 43.378919, 521.0], [-7.42214, 43.37839, 526.4], [-7.423452, 43.378025, 524.8], [-7.424472, 43.378032, 530.3], [-7.426066, 43.378471, 528.7], [-7.428058, 43.378684, 530.8], [-7.429064, 43.378715, 531.0], [-7.429221, 43.379116, 533.5], [-7.429665, 43.379308, 537.0], [-7.429833, 43.379859, 540.6], [-7.429995, 43.380353, 542.4], [-7.430442, 43.380896, 546.9], [-7.431284, 43.381597, 553.0], [-7.431937, 43.382009, 558.9], [-7.433154, 43.38128, 559.9], [-7.434984, 43.380405, 552.0], [-7.436177, 43.379869, 545.0], [-7.439084, 43.379093, 528.9], [-7.439711, 43.378953, 524.8], [-7.440191, 43.378969, 522.9], [-7.441865, 43.379415, 537.0], [-7.4423, 43.37948, 540.6], [-7.444885, 43.378659, 536.7], [-7.444969, 43.378272, 533.0], [-7.445159, 43.377823, 534.2], [-7.44551, 43.377612, 539.0], [-7.445873, 43.378004, 544.0], [-7.446431, 43.378436, 551.1], [-7.446892, 43.378639, 556.0], [-7.44772, 43.378851, 561.0], [-7.448054, 43.378408, 560.3], [-7.448544, 43.376819, 554.1], [-7.448857, 43.375436, 540.4], [-7.449053, 43.374847, 536.0], [-7.449692, 43.374008, 534.7], [-7.450666, 43.372936, 538.1], [-7.451529, 43.371891, 540.0], [-7.452178, 43.3714, 538.9], [-7.452944, 43.371196, 537.8], [-7.454158, 43.37123, 537.0], [-7.454904, 43.37141, 533.8], [-7.456105, 43.37127, 526.3], [-7.458169, 43.371112, 523.6], [-7.458838, 43.371086, 520.0], [-7.459598, 43.370986, 518.0], [-7.460528, 43.370932, 519.7], [-7.461169, 43.370855, 520.5], [-7.462022, 43.370912, 521.5], [-7.462654, 43.370841, 524.4], [-7.463122, 43.370691, 527.2], [-7.463672, 43.370355, 525.5], [-7.464092, 43.370018, 522.0], [-7.465041, 43.369923, 519.9], [-7.466272, 43.370189, 510.0], [-7.466808, 43.369679, 501.4], [-7.467539, 43.368791, 492.1], [-7.468166, 43.367778, 483.0]]}}, {"type": "Feature", "properties": {"order": 27, "group": "camino-del-norte-irun-arzua", "source_file": "28a-gontan-vilalba.gpx", "reversed_from_source": true, "point_count": 690, "source": "CNIG/IGN - Rutas de Caminos de Santiago 2020-2026 (datos FEAACS)", "license": "CC-BY 4.0", "attribution": "Obra derivada de Rutas de Caminos de Santiago 2020-2026 CC-BY 4.0 FEAACS"}, "geometry": {"type": "LineString", "coordinates": [[-7.46824, 43.367769, 482.0], [-7.468493, 43.367405, 479.2], [-7.46874, 43.367069, 478.0], [-7.468964, 43.366708, 477.9], [-7.469218, 43.366498, 478.0], [-7.469512, 43.366379, 478.0], [-7.469931, 43.366133, 478.8], [-7.470393, 43.365774, 482.2], [-7.470785, 43.365489, 491.0], [-7.471132, 43.365496, 491.9], [-7.471557, 43.365447, 494.4], [-7.471811, 43.365343, 496.0], [-7.472074, 43.365193, 498.0], [-7.472297, 43.364972, 500.6], [-7.47248, 43.364547, 504.0], [-7.472606, 43.364427, 504.0], [-7.473397, 43.364121, 505.0], [-7.474507, 43.363759, 509.0], [-7.475508, 43.363452, 508.0], [-7.475545, 43.363526, 508.1], [-7.475429, 43.363561, 508.8], [-7.475701, 43.363832, 510.0], [-7.475794, 43.363858, 509.7], [-7.475929, 43.36384, 509.0], [-7.476816, 43.363998, 505.0], [-7.477131, 43.364027, 503.0], [-7.477544, 43.364053, 499.9], [-7.478091, 43.364101, 497.0], [-7.478391, 43.364199, 495.5], [-7.478919, 43.364478, 494.1], [-7.479215, 43.364708, 496.6], [-7.479371, 43.36481, 498.1], [-7.479497, 43.364907, 500.0], [-7.479605, 43.365009, 502.3], [-7.479722, 43.365059, 503.4], [-7.479944, 43.364941, 506.1], [-7.480187, 43.364711, 508.4], [-7.480359, 43.364527, 509.3], [-7.480567, 43.36436, 510.0], [-7.48085, 43.364238, 510.0], [-7.481602, 43.364026, 507.9], [-7.481879, 43.36393, 506.3], [-7.482339, 43.363773, 504.3], [-7.482595, 43.36369, 504.0], [-7.482904, 43.363636, 504.0], [-7.483427, 43.363647, 504.0], [-7.48381, 43.363732, 504.0], [-7.484158, 43.363802, 505.7], [-7.48453, 43.3638, 508.9], [-7.485079, 43.363822, 512.7], [-7.485581, 43.363855, 515.0], [-7.485932, 43.363858, 516.0], [-7.486478, 43.363859, 516.0], [-7.48703, 43.363824, 515.1], [-7.487575, 43.363745, 515.0], [-7.487851, 43.363648, 514.5], [-7.48796, 43.363823, 513.0], [-7.488103, 43.363926, 511.0], [-7.488355, 43.364014, 509.9], [-7.488918, 43.36409, 508.0], [-7.489285, 43.364111, 507.4], [-7.489522, 43.364094, 507.0], [-7.489677, 43.364028, 507.6], [-7.489854, 43.36386, 507.0], [-7.489959, 43.363673, 507.0], [-7.490204, 43.363211, 510.5], [-7.490428, 43.362974, 512.1], [-7.490645, 43.362642, 512.6], [-7.490819, 43.362478, 510.6], [-7.491033, 43.362284, 506.9], [-7.491581, 43.361876, 499.0], [-7.491818, 43.361824, 496.2], [-7.492115, 43.361763, 491.3], [-7.492601, 43.361717, 485.0], [-7.493086, 43.361609, 479.0], [-7.493635, 43.361417, 473.7], [-7.494111, 43.361181, 469.7], [-7.494571, 43.360987, 464.0], [-7.494883, 43.360816, 462.0], [-7.494893, 43.360749, 462.0], [-7.495032, 43.360444, 461.9], [-7.495219, 43.360312, 461.7], [-7.495425, 43.360076, 461.0], [-7.495546, 43.35991, 461.0], [-7.495711, 43.35983, 460.0], [-7.49589, 43.359822, 460.0], [-7.496064, 43.359843, 460.2], [-7.496316, 43.359796, 461.7], [-7.496465, 43.359588, 463.3], [-7.496593, 43.359414, 464.4], [-7.496835, 43.359222, 468.7], [-7.496951, 43.359142, 469.2], [-7.49718, 43.359111, 472.5], [-7.497311, 43.359132, 474.4], [-7.497689, 43.359265, 478.8], [-7.498032, 43.359389, 482.9], [-7.498562, 43.359563, 489.1], [-7.499124, 43.359753, 494.2], [-7.499708, 43.359935, 500.5], [-7.500082, 43.360064, 505.1], [-7.500166, 43.359827, 502.0], [-7.500296, 43.359596, 500.9], [-7.50055, 43.359332, 498.7], [-7.501122, 43.358913, 495.6], [-7.501281, 43.358796, 495.2], [-7.501512, 43.358665, 495.0], [-7.502066, 43.35846, 494.1], [-7.502451, 43.358233, 495.0], [-7.502831, 43.357956, 498.6], [-7.503154, 43.357795, 502.0], [-7.503553, 43.357713, 505.7], [-7.503993, 43.357735, 507.7], [-7.504304, 43.357768, 509.7], [-7.504317, 43.357727, 509.4], [-7.504473, 43.357617, 510.0], [-7.504712, 43.357457, 510.5], [-7.504882, 43.357353, 510.8], [-7.505501, 43.356914, 512.0], [-7.505657, 43.356773, 514.0], [-7.505773, 43.356588, 516.3], [-7.505856, 43.356256, 518.0], [-7.505906, 43.355612, 518.2], [-7.505959, 43.355182, 517.5], [-7.505984, 43.354993, 517.0], [-7.506319, 43.354765, 517.9], [-7.506554, 43.354598, 518.0], [-7.507161, 43.354203, 521.2], [-7.507617, 43.353918, 524.0], [-7.507976, 43.353692, 526.1], [-7.508165, 43.353482, 526.3], [-7.508385, 43.353136, 527.3], [-7.508503, 43.352982, 526.8], [-7.508876, 43.35272, 528.2], [-7.509231, 43.352539, 529.8], [-7.509545, 43.35244, 531.6], [-7.510312, 43.352172, 537.2], [-7.511274, 43.35185, 541.7], [-7.5126, 43.351402, 542.0], [-7.513373, 43.351116, 542.0], [-7.514692, 43.35068, 542.0], [-7.516139, 43.350189, 541.0], [-7.51653, 43.349929, 541.0], [-7.516832, 43.349676, 541.3], [-7.517075, 43.349538, 541.0], [-7.517411, 43.34929, 540.7], [-7.517826, 43.348867, 539.3], [-7.518124, 43.348576, 538.2], [-7.51837, 43.348292, 537.8], [-7.518643, 43.348161, 537.0], [-7.518992, 43.347998, 536.0], [-7.519268, 43.347899, 535.3], [-7.519427, 43.347852, 535.0], [-7.519704, 43.347821, 534.9], [-7.519878, 43.347804, 534.7], [-7.520121, 43.347766, 535.1], [-7.520361, 43.347737, 535.0], [-7.520624, 43.347681, 534.6], [-7.520821, 43.347631, 534.9], [-7.520937, 43.347588, 534.9], [-7.521015, 43.347553, 534.1], [-7.521232, 43.34744, 533.4], [-7.521478, 43.347324, 531.4], [-7.521808, 43.347147, 528.8], [-7.522059, 43.34701, 527.0], [-7.522221, 43.346925, 526.0], [-7.522388, 43.34693, 526.0], [-7.522634, 43.346951, 526.0], [-7.522701, 43.346984, 526.0], [-7.522941, 43.3469, 524.3], [-7.523242, 43.346898, 523.7], [-7.523574, 43.346932, 523.6], [-7.523748, 43.346951, 523.3], [-7.523946, 43.346925, 522.7], [-7.524279, 43.347011, 522.0], [-7.525092, 43.346979, 518.9], [-7.525541, 43.346847, 514.0], [-7.526067, 43.34681, 509.4], [-7.526979, 43.346728, 501.0], [-7.527032, 43.346002, 500.0], [-7.526997, 43.345838, 501.0], [-7.527486, 43.345772, 498.0], [-7.527816, 43.345723, 496.0], [-7.528146, 43.345673, 494.1], [-7.528503, 43.345614, 492.2], [-7.528689, 43.345608, 492.0], [-7.528906, 43.345607, 491.0], [-7.529199, 43.345628, 490.5], [-7.529462, 43.345631, 490.0], [-7.529599, 43.345603, 490.0], [-7.529988, 43.345478, 488.2], [-7.53014, 43.345417, 487.0], [-7.530398, 43.34531, 486.2], [-7.5307, 43.345199, 485.8], [-7.530811, 43.345179, 485.0], [-7.530969, 43.345172, 485.0], [-7.531214, 43.345169, 484.0], [-7.531353, 43.345159, 484.0], [-7.531734, 43.345188, 483.0], [-7.531833, 43.345225, 483.1], [-7.531926, 43.345236, 483.0], [-7.531976, 43.345256, 483.0], [-7.532076, 43.345295, 483.0], [-7.53225, 43.345333, 483.0], [-7.532584, 43.345367, 482.0], [-7.53278, 43.345386, 481.7], [-7.532996, 43.345406, 481.0], [-7.533096, 43.345389, 481.0], [-7.533179, 43.345356, 480.3], [-7.533221, 43.345365, 480.0], [-7.533721, 43.345329, 478.1], [-7.534247, 43.34522, 473.9], [-7.535479, 43.344679, 454.2], [-7.536588, 43.344343, 439.9], [-7.536723, 43.344273, 439.0], [-7.537142, 43.3444, 439.0], [-7.537616, 43.344279, 440.0], [-7.538063, 43.34417, 443.3], [-7.538535, 43.344132, 446.0], [-7.53878, 43.344237, 455.7], [-7.539138, 43.344457, 450.8], [-7.539322, 43.344512, 452.2], [-7.539608, 43.344387, 453.2], [-7.539874, 43.344104, 456.6], [-7.54025, 43.343941, 456.8], [-7.540716, 43.343843, 459.0], [-7.541131, 43.343785, 460.0], [-7.541441, 43.343739, 461.0], [-7.541785, 43.343699, 461.8], [-7.542252, 43.34367, 462.9], [-7.542542, 43.343678, 463.0], [-7.542721, 43.343706, 464.0], [-7.542965, 43.343745, 465.0], [-7.543042, 43.343748, 465.0], [-7.543136, 43.343621, 465.4], [-7.543262, 43.343452, 465.0], [-7.54342, 43.343366, 465.0], [-7.543657, 43.343353, 465.0], [-7.544082, 43.343444, 466.2], [-7.544319, 43.343517, 467.0], [-7.544511, 43.343616, 468.0], [-7.544587, 43.343626, 468.5], [-7.544789, 43.343612, 468.5], [-7.545063, 43.343597, 468.4], [-7.545307, 43.343597, 468.4], [-7.545436, 43.343584, 468.5], [-7.545615, 43.343548, 468.0], [-7.545749, 43.343502, 468.0], [-7.546077, 43.343363, 467.0], [-7.546378, 43.343195, 465.8], [-7.546488, 43.343126, 465.3], [-7.546743, 43.34296, 463.8], [-7.546843, 43.342924, 463.0], [-7.547134, 43.34285, 461.7], [-7.547392, 43.342776, 460.2], [-7.54758, 43.342724, 460.0], [-7.547718, 43.342683, 459.0], [-7.548086, 43.342589, 457.7], [-7.5484, 43.342519, 456.0], [-7.548694, 43.342463, 455.0], [-7.549035, 43.342409, 454.0], [-7.549265, 43.342384, 453.9], [-7.549444, 43.34235, 453.0], [-7.549589, 43.342291, 452.0], [-7.549761, 43.342227, 451.2], [-7.549905, 43.342198, 451.0], [-7.55005, 43.342185, 451.5], [-7.550142, 43.342173, 451.3], [-7.55034, 43.342184, 452.0], [-7.550542, 43.342188, 452.0], [-7.550691, 43.342176, 452.9], [-7.551061, 43.342119, 452.5], [-7.551548, 43.342039, 451.6], [-7.55187, 43.341991, 450.8], [-7.552002, 43.341981, 450.0], [-7.552091, 43.341955, 449.2], [-7.552226, 43.341878, 449.0], [-7.552492, 43.341687, 447.8], [-7.552555, 43.341627, 446.8], [-7.552645, 43.341503, 445.0], [-7.552783, 43.34134, 444.0], [-7.552834, 43.34129, 444.0], [-7.55296, 43.341219, 442.4], [-7.553012, 43.341167, 442.0], [-7.553156, 43.340988, 441.1], [-7.553376, 43.340735, 439.0], [-7.55347, 43.340642, 438.6], [-7.553917, 43.340211, 436.0], [-7.554138, 43.340012, 436.0], [-7.55428, 43.339886, 435.6], [-7.554358, 43.339791, 435.0], [-7.554471, 43.339662, 434.0], [-7.554577, 43.339504, 434.0], [-7.554651, 43.339398, 434.0], [-7.554759, 43.339277, 433.9], [-7.554918, 43.339095, 433.0], [-7.555071, 43.33894, 434.0], [-7.555748, 43.338367, 433.0], [-7.555991, 43.338156, 433.0], [-7.556376, 43.338066, 432.4], [-7.557357, 43.337843, 430.6], [-7.557598, 43.337774, 430.0], [-7.557721, 43.337641, 429.7], [-7.55759, 43.337219, 429.0], [-7.55785, 43.337129, 429.0], [-7.55805, 43.337009, 430.0], [-7.558185, 43.33692, 430.3], [-7.558279, 43.336853, 431.0], [-7.558505, 43.336641, 431.1], [-7.55864, 43.336524, 432.0], [-7.559041, 43.336157, 433.0], [-7.559216, 43.335992, 433.0], [-7.559358, 43.335839, 433.0], [-7.559662, 43.335532, 433.0], [-7.559894, 43.335307, 433.0], [-7.560089, 43.335108, 433.0], [-7.560285, 43.334906, 433.0], [-7.560381, 43.334781, 432.1], [-7.56051, 43.33462, 432.0], [-7.56066, 43.334482, 432.0], [-7.560826, 43.334309, 432.0], [-7.560993, 43.334129, 432.0], [-7.561222, 43.333891, 432.0], [-7.561361, 43.333723, 431.0], [-7.561444, 43.333604, 431.0], [-7.561542, 43.333511, 430.1], [-7.561613, 43.333427, 430.0], [-7.561709, 43.333313, 431.0], [-7.561877, 43.333101, 430.8], [-7.562149, 43.332829, 430.4], [-7.562412, 43.332534, 430.9], [-7.562515, 43.332411, 431.0], [-7.56264, 43.332222, 431.7], [-7.562765, 43.331969, 433.0], [-7.562823, 43.33178, 434.0], [-7.562886, 43.331659, 435.0], [-7.56296, 43.331546, 435.0], [-7.563119, 43.3314, 436.0], [-7.563309, 43.331277, 437.0], [-7.563432, 43.331227, 437.0], [-7.563555, 43.331194, 437.0], [-7.563736, 43.331108, 438.0], [-7.563832, 43.331044, 438.0], [-7.564353, 43.330697, 439.0], [-7.564665, 43.330494, 439.2], [-7.564779, 43.330423, 439.4], [-7.564969, 43.330336, 439.0], [-7.565036, 43.330224, 439.0], [-7.565095, 43.330109, 438.9], [-7.565273, 43.329847, 437.9], [-7.565387, 43.329709, 437.0], [-7.565456, 43.329628, 436.3], [-7.565499, 43.329522, 435.9], [-7.565539, 43.329462, 435.4], [-7.565737, 43.329251, 433.2], [-7.565875, 43.329125, 432.4], [-7.566115, 43.328944, 430.6], [-7.566651, 43.328552, 426.5], [-7.566931, 43.328348, 424.5], [-7.567177, 43.328174, 423.6], [-7.567349, 43.328079, 421.8], [-7.56741, 43.328032, 419.7], [-7.567507, 43.327895, 419.7], [-7.567609, 43.32778, 421.3], [-7.567747, 43.327653, 422.2], [-7.567848, 43.327596, 422.5], [-7.568001, 43.32756, 423.9], [-7.568187, 43.327523, 425.0], [-7.568948, 43.327348, 428.2], [-7.570044, 43.327114, 432.0], [-7.570779, 43.326979, 435.1], [-7.570886, 43.326958, 436.0], [-7.571157, 43.326933, 436.9], [-7.571818, 43.326881, 439.0], [-7.572356, 43.326837, 441.0], [-7.573435, 43.326712, 443.0], [-7.573885, 43.326666, 443.1], [-7.574175, 43.326595, 443.0], [-7.57453, 43.326502, 443.0], [-7.574971, 43.326355, 443.0], [-7.576033, 43.325975, 444.0], [-7.576661, 43.325734, 443.4], [-7.577, 43.325626, 443.4], [-7.577648, 43.325422, 443.0], [-7.577948, 43.325318, 443.0], [-7.578127, 43.325266, 443.0], [-7.578476, 43.325181, 443.0], [-7.578899, 43.325048, 444.0], [-7.579235, 43.32495, 444.0], [-7.579987, 43.324732, 445.6], [-7.580177, 43.324666, 446.8], [-7.580414, 43.324564, 447.0], [-7.580485, 43.324606, 447.0], [-7.580574, 43.324546, 447.0], [-7.581075, 43.324339, 449.0], [-7.581687, 43.324085, 450.1], [-7.582297, 43.323841, 452.0], [-7.583258, 43.323435, 453.0], [-7.583476, 43.32334, 453.0], [-7.583732, 43.323204, 453.2], [-7.584066, 43.323048, 454.0], [-7.584342, 43.322938, 454.0], [-7.584572, 43.322827, 454.0], [-7.584813, 43.322728, 454.0], [-7.584966, 43.322643, 454.0], [-7.58517, 43.322535, 454.0], [-7.585441, 43.322373, 454.0], [-7.585724, 43.322184, 454.0], [-7.585919, 43.322053, 454.0], [-7.586941, 43.321343, 452.8], [-7.587393, 43.321024, 452.4], [-7.587723, 43.320815, 452.0], [-7.588429, 43.32036, 452.0], [-7.588752, 43.320159, 451.5], [-7.588987, 43.320014, 450.2], [-7.589155, 43.319886, 449.6], [-7.589214, 43.319821, 449.0], [-7.589299, 43.319741, 449.0], [-7.589692, 43.319639, 451.0], [-7.590232, 43.319492, 453.0], [-7.5907, 43.319392, 455.0], [-7.591149, 43.319306, 457.0], [-7.59127, 43.319214, 457.5], [-7.591581, 43.319056, 459.0], [-7.591685, 43.318959, 459.0], [-7.591708, 43.31894, 459.0], [-7.59185, 43.318921, 460.0], [-7.59192, 43.31891, 460.0], [-7.592103, 43.318825, 461.0], [-7.592566, 43.318601, 462.7], [-7.592829, 43.318476, 464.0], [-7.592995, 43.318395, 464.0], [-7.593878, 43.31792, 465.7], [-7.594474, 43.317634, 466.0], [-7.595618, 43.317086, 469.0], [-7.596107, 43.316827, 471.0], [-7.596224, 43.316777, 471.8], [-7.596816, 43.316599, 472.3], [-7.59719, 43.316487, 472.0], [-7.597702, 43.316365, 471.0], [-7.598091, 43.316298, 470.0], [-7.59853, 43.316243, 471.0], [-7.59872, 43.316237, 472.0], [-7.598955, 43.316209, 472.0], [-7.599399, 43.316103, 473.0], [-7.59961, 43.316076, 473.8], [-7.599728, 43.31606, 474.0], [-7.599821, 43.316033, 474.1], [-7.599861, 43.316057, 474.4], [-7.600032, 43.316052, 475.0], [-7.600337, 43.316026, 476.0], [-7.600635, 43.315998, 476.3], [-7.601006, 43.315911, 477.0], [-7.601211, 43.315871, 477.0], [-7.601379, 43.315871, 477.0], [-7.601521, 43.315883, 477.0], [-7.601679, 43.315918, 477.0], [-7.601916, 43.315994, 476.1], [-7.602549, 43.316189, 476.0], [-7.602817, 43.316284, 475.4], [-7.603157, 43.316422, 474.5], [-7.603443, 43.316539, 473.0], [-7.603803, 43.316663, 472.0], [-7.604102, 43.316756, 472.0], [-7.604273, 43.316791, 471.2], [-7.604361, 43.316809, 471.0], [-7.604775, 43.316908, 470.2], [-7.60512, 43.316984, 469.1], [-7.60525, 43.317001, 468.8], [-7.605409, 43.317058, 468.0], [-7.605532, 43.317163, 466.9], [-7.605612, 43.317228, 465.7], [-7.605742, 43.317287, 465.0], [-7.606602, 43.317517, 462.0], [-7.606949, 43.317578, 460.4], [-7.607294, 43.317715, 460.0], [-7.607684, 43.317952, 457.8], [-7.608067, 43.31811, 455.6], [-7.608693, 43.318361, 454.0], [-7.60915, 43.318523, 455.0], [-7.609387, 43.318569, 456.0], [-7.609712, 43.318526, 457.0], [-7.610074, 43.318446, 459.0], [-7.610674, 43.318324, 460.7], [-7.611074, 43.318284, 461.0], [-7.611604, 43.318241, 462.0], [-7.611964, 43.318206, 463.0], [-7.612319, 43.318136, 464.0], [-7.612955, 43.317962, 465.0], [-7.613656, 43.317973, 467.1], [-7.614665, 43.318197, 468.8], [-7.615023, 43.318204, 469.3], [-7.615791, 43.317946, 471.0], [-7.615859, 43.317926, 471.9], [-7.615977, 43.317784, 472.0], [-7.616147, 43.317684, 472.0], [-7.61644, 43.317553, 473.0], [-7.616546, 43.317537, 473.5], [-7.616857, 43.317364, 474.5], [-7.617309, 43.317137, 476.0], [-7.617435, 43.31708, 476.0], [-7.617695, 43.316997, 476.0], [-7.61782, 43.316966, 476.0], [-7.617994, 43.31693, 477.0], [-7.618167, 43.31694, 477.0], [-7.618329, 43.317003, 477.0], [-7.618562, 43.317123, 478.0], [-7.618769, 43.317251, 479.0], [-7.619044, 43.317456, 480.0], [-7.61917, 43.317553, 480.1], [-7.619317, 43.317674, 481.0], [-7.619411, 43.317771, 481.0], [-7.619515, 43.317865, 482.0], [-7.619611, 43.317947, 482.1], [-7.619747, 43.317901, 483.0], [-7.619917, 43.317815, 483.9], [-7.620816, 43.317598, 486.0], [-7.621117, 43.31754, 487.0], [-7.621369, 43.317414, 488.0], [-7.621488, 43.31734, 488.0], [-7.62167, 43.317283, 489.0], [-7.622028, 43.317216, 490.0], [-7.62285, 43.317053, 491.0], [-7.623414, 43.31693, 491.0], [-7.623476, 43.316883, 491.0], [-7.623813, 43.316747, 491.0], [-7.624373, 43.316523, 491.0], [-7.624625, 43.316426, 491.0], [-7.624889, 43.316395, 490.0], [-7.624984, 43.316318, 490.0], [-7.625157, 43.316175, 490.0], [-7.625292, 43.316103, 490.0], [-7.625539, 43.316039, 490.0], [-7.625813, 43.316039, 489.7], [-7.626015, 43.316089, 489.0], [-7.626217, 43.316134, 488.0], [-7.62672, 43.316265, 487.0], [-7.627, 43.316525, 486.0], [-7.626992, 43.316685, 485.7], [-7.626901, 43.316841, 486.0], [-7.626946, 43.316885, 486.1], [-7.627043, 43.316892, 486.0], [-7.628951, 43.316438, 482.0], [-7.629173, 43.316509, 481.0], [-7.629609, 43.316501, 480.0], [-7.629965, 43.316477, 479.0], [-7.630102, 43.316449, 478.8], [-7.630592, 43.31646, 477.0], [-7.63096, 43.316428, 477.0], [-7.631185, 43.31638, 476.0], [-7.631571, 43.316294, 473.2], [-7.632055, 43.316333, 472.5], [-7.632305, 43.316331, 472.9], [-7.63272, 43.316347, 474.4], [-7.633117, 43.3164, 475.0], [-7.633645, 43.316536, 477.0], [-7.634096, 43.316658, 477.5], [-7.634453, 43.316764, 477.2], [-7.634798, 43.316879, 477.0], [-7.635164, 43.316952, 476.7], [-7.635704, 43.317103, 475.9], [-7.636148, 43.317227, 476.0], [-7.636702, 43.317406, 476.0], [-7.637193, 43.317509, 476.2], [-7.63738, 43.317581, 476.6], [-7.63751, 43.317567, 476.4], [-7.637621, 43.317526, 476.0], [-7.637772, 43.317559, 476.0], [-7.638142, 43.3176, 475.3], [-7.638425, 43.317593, 474.6], [-7.638886, 43.317576, 473.2], [-7.639184, 43.317546, 472.8], [-7.639316, 43.317508, 472.0], [-7.639651, 43.317395, 473.1], [-7.639956, 43.317329, 475.0], [-7.640547, 43.317213, 477.2], [-7.641065, 43.317144, 479.0], [-7.641133, 43.317108, 479.0], [-7.64141, 43.317119, 479.0], [-7.641694, 43.31706, 479.3], [-7.641864, 43.316996, 479.9], [-7.642311, 43.316883, 480.3], [-7.642599, 43.316854, 481.0], [-7.64302, 43.316839, 481.8], [-7.643635, 43.316829, 482.0], [-7.644105, 43.316829, 483.0], [-7.644485, 43.31685, 483.0], [-7.645022, 43.316888, 484.0], [-7.6456, 43.316925, 485.0], [-7.646036, 43.316973, 486.7], [-7.6464, 43.317013, 487.7], [-7.646726, 43.31707, 488.1], [-7.647052, 43.317143, 489.0], [-7.647342, 43.316856, 489.0], [-7.647723, 43.31654, 488.0], [-7.647942, 43.316221, 488.0], [-7.648065, 43.315858, 487.1], [-7.648141, 43.315656, 487.6], [-7.648417, 43.31536, 487.0], [-7.648538, 43.31524, 487.0], [-7.64862, 43.315152, 487.0], [-7.648756, 43.315129, 487.0], [-7.649084, 43.314902, 486.0], [-7.650699, 43.313584, 481.0], [-7.651892, 43.312549, 479.0], [-7.652091, 43.312357, 479.0], [-7.652303, 43.312162, 478.0], [-7.652375, 43.312088, 478.0], [-7.652568, 43.311956, 477.0], [-7.652734, 43.311831, 477.0], [-7.653085, 43.31162, 476.0], [-7.653487, 43.311375, 475.0], [-7.654022, 43.311043, 473.0], [-7.654226, 43.310937, 472.0], [-7.654468, 43.310812, 472.0], [-7.654649, 43.310725, 472.0], [-7.654856, 43.310626, 471.0], [-7.655316, 43.310425, 470.0], [-7.655569, 43.31032, 470.0], [-7.65604, 43.310138, 469.0], [-7.656426, 43.309965, 468.0], [-7.656773, 43.309815, 467.4], [-7.657089, 43.309663, 467.0], [-7.657248, 43.309579, 466.0], [-7.6573, 43.309524, 466.0], [-7.657341, 43.309381, 466.0], [-7.657563, 43.309328, 465.9], [-7.657538, 43.309243, 466.0], [-7.658314, 43.309035, 465.0], [-7.65916, 43.308714, 466.0], [-7.660148, 43.308292, 467.2], [-7.661358, 43.307833, 470.0], [-7.662462, 43.30729, 471.0], [-7.662932, 43.307146, 471.0], [-7.663232, 43.307152, 469.1], [-7.663629, 43.307389, 470.0], [-7.663955, 43.307548, 470.0], [-7.664396, 43.307548, 471.6], [-7.664691, 43.307557, 473.8], [-7.665452, 43.307509, 470.5], [-7.665687, 43.307263, 470.0], [-7.665333, 43.307002, 469.7], [-7.665053, 43.306777, 471.7], [-7.66486, 43.306573, 468.9], [-7.6648, 43.306258, 467.0], [-7.664729, 43.306452, 468.0], [-7.664855, 43.306744, 468.6], [-7.665016, 43.306968, 469.0], [-7.665955, 43.307446, 470.9], [-7.66697, 43.307091, 471.0], [-7.66731, 43.307008, 471.0], [-7.667511, 43.306849, 471.5], [-7.668089, 43.306601, 471.0], [-7.668421, 43.306403, 471.0], [-7.668664, 43.30625, 470.0], [-7.669016, 43.306022, 469.0], [-7.669328, 43.305813, 469.0], [-7.669736, 43.305539, 470.0], [-7.669928, 43.305401, 470.0], [-7.67064, 43.304883, 471.0], [-7.670907, 43.304693, 472.0], [-7.671194, 43.304474, 473.0], [-7.671405, 43.304278, 473.0], [-7.671544, 43.304151, 473.6], [-7.671684, 43.303995, 474.0], [-7.671794, 43.303869, 474.0], [-7.671954, 43.303675, 474.6], [-7.672112, 43.303465, 475.0], [-7.672227, 43.303307, 475.7], [-7.672294, 43.303231, 475.9], [-7.672499, 43.303036, 476.2], [-7.672621, 43.302923, 477.0], [-7.672755, 43.302867, 477.0], [-7.672807, 43.302783, 477.0], [-7.673152, 43.30251, 478.0], [-7.673529, 43.30221, 479.0], [-7.673987, 43.301868, 479.9], [-7.674163, 43.301736, 479.3], [-7.674526, 43.301384, 479.0], [-7.677773, 43.299872, 477.0], [-7.678762, 43.299439, 476.0], [-7.678801, 43.299445, 476.0], [-7.678904, 43.29947, 475.3], [-7.678947, 43.299481, 475.0], [-7.679853, 43.299293, 469.0], [-7.680215, 43.299181, 468.0], [-7.680477, 43.299118, 468.0], [-7.68087, 43.299089, 469.3], [-7.681139, 43.299065, 468.6], [-7.681413, 43.298969, 468.1], [-7.681756, 43.298861, 468.0]]}}, {"type": "Feature", "properties": {"order": 28, "group": "camino-del-norte-irun-arzua", "source_file": "29a-vilalba-baamonde.gpx", "reversed_from_source": true, "point_count": 764, "source": "CNIG/IGN - Rutas de Caminos de Santiago 2020-2026 (datos FEAACS)", "license": "CC-BY 4.0", "attribution": "Obra derivada de Rutas de Caminos de Santiago 2020-2026 CC-BY 4.0 FEAACS"}, "geometry": {"type": "LineString", "coordinates": [[-7.681756, 43.298861, 468.0], [-7.682225, 43.298743, 469.0], [-7.682407, 43.298695, 469.7], [-7.682823, 43.298448, 471.7], [-7.683211, 43.298622, 471.0], [-7.683565, 43.298257, 469.6], [-7.683733, 43.297971, 467.0], [-7.683915, 43.297864, 464.1], [-7.683909, 43.297803, 464.1], [-7.684071, 43.297688, 462.7], [-7.684103, 43.297666, 462.8], [-7.684208, 43.297613, 461.1], [-7.684382, 43.297545, 459.6], [-7.684481, 43.297427, 458.4], [-7.684503, 43.297354, 458.0], [-7.684526, 43.297219, 457.6], [-7.684574, 43.2971, 457.4], [-7.684595, 43.297022, 456.1], [-7.684645, 43.296958, 456.0], [-7.684693, 43.29672, 456.1], [-7.684828, 43.296396, 455.5], [-7.684869, 43.296187, 455.1], [-7.68483, 43.295985, 454.3], [-7.684778, 43.295752, 454.0], [-7.684818, 43.295584, 452.2], [-7.684913, 43.295327, 448.6], [-7.684909, 43.295206, 446.7], [-7.684814, 43.295003, 443.4], [-7.684714, 43.294727, 442.2], [-7.684721, 43.294391, 440.9], [-7.684837, 43.294284, 438.8], [-7.685051, 43.293973, 434.8], [-7.685264, 43.29347, 432.8], [-7.685267, 43.293334, 433.5], [-7.685757, 43.293129, 430.0], [-7.68598, 43.292997, 428.0], [-7.686281, 43.292769, 426.1], [-7.686499, 43.292512, 424.0], [-7.686562, 43.292373, 423.0], [-7.686709, 43.292078, 421.0], [-7.686899, 43.29172, 419.1], [-7.687006, 43.2915, 418.1], [-7.68711, 43.291316, 417.1], [-7.687179, 43.291269, 416.0], [-7.687398, 43.291239, 414.3], [-7.687713, 43.291238, 413.4], [-7.687803, 43.291199, 414.3], [-7.6878, 43.291288, 414.1], [-7.687825, 43.291355, 414.4], [-7.687925, 43.291432, 416.0], [-7.688018, 43.291445, 417.5], [-7.68825, 43.291418, 420.3], [-7.688504, 43.291376, 423.0], [-7.689131, 43.291251, 427.8], [-7.68945, 43.291208, 430.4], [-7.689585, 43.291152, 431.3], [-7.689624, 43.290983, 431.1], [-7.689658, 43.290918, 431.7], [-7.690211, 43.290325, 437.7], [-7.690461, 43.290002, 441.0], [-7.690721, 43.289772, 444.4], [-7.690901, 43.289585, 446.0], [-7.690909, 43.28949, 445.8], [-7.690892, 43.289369, 445.7], [-7.690793, 43.28918, 444.3], [-7.690719, 43.288822, 442.8], [-7.690766, 43.288565, 443.7], [-7.69093, 43.28823, 444.7], [-7.691085, 43.288079, 446.5], [-7.691413, 43.287983, 448.9], [-7.691893, 43.287872, 450.0], [-7.692474, 43.287709, 448.7], [-7.693153, 43.28748, 445.0], [-7.693626, 43.287299, 440.3], [-7.694115, 43.287115, 436.0], [-7.694435, 43.286968, 432.6], [-7.695092, 43.286703, 427.0], [-7.695421, 43.286551, 425.4], [-7.695638, 43.286433, 425.0], [-7.696135, 43.286071, 423.0], [-7.696335, 43.285941, 422.8], [-7.696727, 43.285821, 422.0], [-7.697363, 43.285695, 422.0], [-7.697605, 43.285572, 421.0], [-7.697811, 43.285475, 420.0], [-7.698055, 43.285388, 419.0], [-7.698231, 43.285358, 417.6], [-7.698772, 43.285298, 413.0], [-7.698907, 43.285238, 412.0], [-7.699033, 43.285142, 411.3], [-7.699139, 43.285031, 411.0], [-7.699299, 43.28488, 411.0], [-7.699433, 43.284733, 411.0], [-7.699615, 43.284596, 411.4], [-7.699716, 43.284356, 413.1], [-7.699885, 43.284445, 413.3], [-7.700024, 43.284391, 414.1], [-7.70026, 43.284259, 417.1], [-7.700409, 43.284055, 418.0], [-7.700424, 43.284042, 418.1], [-7.700527, 43.283975, 419.8], [-7.700774, 43.283872, 422.7], [-7.701018, 43.283707, 426.2], [-7.701138, 43.283634, 428.0], [-7.701139, 43.283407, 426.6], [-7.701215, 43.283294, 427.9], [-7.701267, 43.283242, 428.9], [-7.701254, 43.283131, 430.9], [-7.701242, 43.28293, 433.5], [-7.701346, 43.282935, 434.4], [-7.701509, 43.282872, 436.8], [-7.701769, 43.282719, 442.0], [-7.702146, 43.28256, 446.1], [-7.7022, 43.282493, 447.6], [-7.702656, 43.282271, 453.0], [-7.702969, 43.28216, 456.2], [-7.70308, 43.282151, 456.4], [-7.703449, 43.282175, 458.0], [-7.703697, 43.282128, 459.2], [-7.704221, 43.281929, 461.2], [-7.704381, 43.281824, 461.4], [-7.704626, 43.281492, 464.0], [-7.704907, 43.281223, 467.5], [-7.705162, 43.281113, 470.6], [-7.70528, 43.281049, 472.6], [-7.705315, 43.280991, 473.1], [-7.70527, 43.280898, 474.2], [-7.705003, 43.280721, 475.2], [-7.70484, 43.280624, 475.7], [-7.704872, 43.280576, 476.0], [-7.705144, 43.280472, 480.1], [-7.705207, 43.280431, 481.2], [-7.705276, 43.280298, 484.5], [-7.705465, 43.280004, 487.8], [-7.705579, 43.279875, 488.0], [-7.705718, 43.279774, 489.0], [-7.705863, 43.279684, 489.0], [-7.705963, 43.279696, 489.0], [-7.706176, 43.279617, 490.0], [-7.706198, 43.27957, 490.3], [-7.706151, 43.279237, 492.0], [-7.706213, 43.279179, 493.1], [-7.706435, 43.279208, 494.7], [-7.706525, 43.279143, 496.0], [-7.706626, 43.279023, 497.0], [-7.706785, 43.278936, 498.7], [-7.706975, 43.278863, 500.0], [-7.707127, 43.278832, 500.4], [-7.707276, 43.278828, 501.0], [-7.707565, 43.278906, 501.3], [-7.708129, 43.278742, 502.8], [-7.708668, 43.278463, 504.9], [-7.708761, 43.278276, 505.0], [-7.708769, 43.278149, 504.0], [-7.708672, 43.278007, 502.7], [-7.708747, 43.277885, 501.9], [-7.708911, 43.277746, 500.1], [-7.709101, 43.277585, 498.0], [-7.709272, 43.277458, 496.1], [-7.709341, 43.27733, 495.3], [-7.709406, 43.27716, 493.6], [-7.709425, 43.277105, 493.0], [-7.709384, 43.2769, 494.0], [-7.70934, 43.276803, 495.1], [-7.70926, 43.276668, 497.0], [-7.709204, 43.276512, 498.0], [-7.709206, 43.276369, 499.4], [-7.709235, 43.276243, 501.0], [-7.709222, 43.276175, 502.4], [-7.709136, 43.276086, 503.8], [-7.708989, 43.275967, 505.5], [-7.708898, 43.275891, 506.9], [-7.708842, 43.275839, 507.0], [-7.708846, 43.275748, 507.3], [-7.708882, 43.275595, 508.0], [-7.708895, 43.275434, 509.3], [-7.708882, 43.275108, 512.8], [-7.708884, 43.274942, 514.2], [-7.708825, 43.274799, 515.0], [-7.70881, 43.274634, 517.0], [-7.708815, 43.274491, 518.1], [-7.708811, 43.274423, 518.3], [-7.708798, 43.274345, 518.1], [-7.708544, 43.274009, 518.0], [-7.708397, 43.273901, 518.1], [-7.708192, 43.273544, 519.4], [-7.70813, 43.273347, 520.0], [-7.708098, 43.273176, 519.9], [-7.708068, 43.273017, 519.0], [-7.708027, 43.272924, 519.0], [-7.707965, 43.272852, 518.0], [-7.707905, 43.272771, 516.9], [-7.707894, 43.272681, 515.7], [-7.70793, 43.272554, 513.9], [-7.708006, 43.272432, 512.9], [-7.708112, 43.272268, 512.0], [-7.708155, 43.272198, 511.9], [-7.708192, 43.272026, 512.2], [-7.708302, 43.271673, 515.4], [-7.708391, 43.271398, 517.1], [-7.708447, 43.271286, 517.1], [-7.708625, 43.271063, 517.0], [-7.708682, 43.270972, 517.0], [-7.708729, 43.270885, 518.0], [-7.708804, 43.2708, 518.1], [-7.70902, 43.270659, 519.3], [-7.709242, 43.27053, 520.0], [-7.709346, 43.270433, 519.1], [-7.709461, 43.270304, 519.0], [-7.70956, 43.270164, 519.2], [-7.709593, 43.270077, 519.2], [-7.709612, 43.269975, 519.0], [-7.709604, 43.269826, 519.0], [-7.709649, 43.269564, 518.0], [-7.709718, 43.269404, 518.6], [-7.709801, 43.26926, 519.0], [-7.709892, 43.269066, 519.1], [-7.709925, 43.26895, 519.0], [-7.709941, 43.268845, 518.0], [-7.710037, 43.268573, 517.0], [-7.710051, 43.268458, 517.0], [-7.710057, 43.268334, 516.0], [-7.710101, 43.268219, 515.0], [-7.710171, 43.268079, 513.1], [-7.710248, 43.267934, 512.0], [-7.710297, 43.267779, 511.0], [-7.710301, 43.267649, 510.1], [-7.710251, 43.267448, 509.7], [-7.71018, 43.267069, 509.1], [-7.71017, 43.266885, 509.0], [-7.710178, 43.266746, 509.1], [-7.71035, 43.266455, 510.0], [-7.710441, 43.266129, 511.0], [-7.711014, 43.26568, 513.0], [-7.709987, 43.265013, 509.8], [-7.709824, 43.264903, 509.0], [-7.709976, 43.264694, 509.0], [-7.710135, 43.264434, 509.1], [-7.710199, 43.264306, 510.0], [-7.71025, 43.263995, 510.0], [-7.710296, 43.263423, 508.0], [-7.710274, 43.263152, 507.0], [-7.710368, 43.263044, 507.0], [-7.710463, 43.26282, 506.0], [-7.710583, 43.262442, 505.0], [-7.710611, 43.26216, 505.0], [-7.710685, 43.261805, 503.0], [-7.710933, 43.261508, 502.3], [-7.711024, 43.261315, 501.4], [-7.711064, 43.261162, 501.0], [-7.71097, 43.260935, 500.1], [-7.710944, 43.260758, 500.0], [-7.71078, 43.26069, 499.4], [-7.711017, 43.260356, 498.0], [-7.711126, 43.260194, 497.2], [-7.711218, 43.260018, 496.0], [-7.711387, 43.259785, 495.0], [-7.711484, 43.259642, 494.0], [-7.711595, 43.25947, 493.0], [-7.711651, 43.259473, 493.0], [-7.711786, 43.259258, 491.0], [-7.711967, 43.259268, 491.0], [-7.7121, 43.259236, 490.8], [-7.712207, 43.259215, 490.7], [-7.712337, 43.259066, 490.2], [-7.712417, 43.258969, 490.0], [-7.712506, 43.258869, 489.0], [-7.712651, 43.258779, 489.6], [-7.712744, 43.258738, 488.7], [-7.712857, 43.258677, 487.4], [-7.712972, 43.258591, 486.6], [-7.713061, 43.258485, 485.8], [-7.713182, 43.258362, 484.8], [-7.713266, 43.258239, 484.0], [-7.713417, 43.258123, 482.5], [-7.713605, 43.257976, 481.0], [-7.713758, 43.257733, 479.0], [-7.713867, 43.257645, 478.4], [-7.714068, 43.257498, 476.0], [-7.714208, 43.25746, 475.0], [-7.714462, 43.25739, 474.0], [-7.714764, 43.257361, 472.6], [-7.714863, 43.257359, 472.1], [-7.715033, 43.257337, 471.5], [-7.715168, 43.257237, 471.0], [-7.715311, 43.257068, 470.0], [-7.715502, 43.256782, 469.0], [-7.715685, 43.256452, 468.0], [-7.715813, 43.256292, 467.3], [-7.715868, 43.255994, 467.0], [-7.715893, 43.255802, 466.0], [-7.715913, 43.255531, 466.0], [-7.715915, 43.255325, 465.0], [-7.716005, 43.25519, 465.0], [-7.716205, 43.254956, 465.0], [-7.716421, 43.254687, 465.0], [-7.716531, 43.254528, 464.1], [-7.716676, 43.254233, 465.0], [-7.716796, 43.253905, 466.0], [-7.716896, 43.253664, 467.0], [-7.71693, 43.253578, 467.0], [-7.717083, 43.253482, 468.0], [-7.717269, 43.253327, 468.0], [-7.717484, 43.253167, 469.0], [-7.717627, 43.253035, 469.3], [-7.717709, 43.252975, 469.6], [-7.717804, 43.25292, 469.0], [-7.717976, 43.252703, 469.0], [-7.718115, 43.252546, 469.0], [-7.718321, 43.25234, 468.9], [-7.718964, 43.251861, 469.9], [-7.719194, 43.251673, 470.7], [-7.719265, 43.251586, 471.9], [-7.719353, 43.251441, 473.0], [-7.719455, 43.251321, 472.9], [-7.719531, 43.251224, 472.7], [-7.719699, 43.251029, 472.8], [-7.719862, 43.250895, 473.1], [-7.720071, 43.250729, 473.2], [-7.720215, 43.2506, 473.7], [-7.720295, 43.250504, 473.7], [-7.720429, 43.250318, 473.9], [-7.720609, 43.250047, 473.8], [-7.720686, 43.249928, 474.0], [-7.720785, 43.249719, 473.3], [-7.720884, 43.249492, 473.4], [-7.72108, 43.249326, 473.0], [-7.721356, 43.249112, 471.3], [-7.721499, 43.249013, 470.9], [-7.721712, 43.248934, 470.1], [-7.721914, 43.248874, 469.3], [-7.722264, 43.248765, 468.5], [-7.722723, 43.248632, 465.5], [-7.722961, 43.248567, 464.8], [-7.723146, 43.248484, 463.9], [-7.723234, 43.248159, 465.0], [-7.723442, 43.247802, 462.2], [-7.723492, 43.247474, 460.0], [-7.723422, 43.247067, 459.1], [-7.723216, 43.24683, 458.2], [-7.723029, 43.24656, 457.9], [-7.722998, 43.246292, 457.1], [-7.723178, 43.246, 455.8], [-7.723521, 43.245802, 458.1], [-7.723746, 43.245571, 457.1], [-7.724024, 43.245331, 454.2], [-7.72429, 43.2452, 451.7], [-7.724318, 43.245104, 452.1], [-7.724459, 43.245029, 450.8], [-7.724573, 43.244927, 449.3], [-7.724676, 43.24478, 447.9], [-7.724723, 43.244685, 447.1], [-7.72478, 43.244585, 446.0], [-7.724815, 43.244341, 446.3], [-7.724846, 43.244095, 446.5], [-7.724864, 43.244005, 445.9], [-7.725028, 43.243698, 444.9], [-7.725086, 43.243574, 444.8], [-7.72515, 43.243431, 444.5], [-7.72518, 43.243148, 443.7], [-7.72524, 43.242863, 443.4], [-7.725239, 43.242563, 443.0], [-7.725322, 43.242198, 440.8], [-7.725335, 43.242062, 441.8], [-7.725304, 43.241938, 442.0], [-7.725223, 43.241815, 442.0], [-7.725324, 43.241558, 440.5], [-7.725116, 43.240759, 441.7], [-7.725085, 43.240313, 441.7], [-7.725117, 43.239972, 441.1], [-7.725158, 43.239612, 440.6], [-7.724829, 43.238937, 441.1], [-7.724638, 43.238268, 439.4], [-7.724654, 43.238057, 436.8], [-7.724593, 43.237754, 438.4], [-7.724486, 43.237492, 439.8], [-7.724342, 43.237266, 441.9], [-7.724306, 43.236735, 442.5], [-7.725447, 43.236724, 431.0], [-7.725796, 43.236471, 428.3], [-7.726358, 43.235855, 421.0], [-7.726917, 43.235709, 417.8], [-7.727788, 43.235502, 413.7], [-7.728134, 43.235443, 412.0], [-7.728186, 43.235361, 412.0], [-7.728282, 43.235372, 412.0], [-7.728393, 43.235451, 411.8], [-7.728493, 43.235565, 411.4], [-7.728588, 43.235708, 411.0], [-7.728669, 43.235809, 410.9], [-7.728706, 43.235848, 410.6], [-7.728867, 43.235934, 410.0], [-7.728999, 43.235969, 409.0], [-7.729134, 43.235997, 412.9], [-7.729371, 43.236062, 415.0], [-7.729653, 43.236132, 407.2], [-7.729792, 43.236114, 407.0], [-7.729885, 43.236063, 407.0], [-7.729976, 43.23595, 407.0], [-7.730044, 43.235802, 407.0], [-7.730174, 43.235609, 407.0], [-7.730213, 43.235504, 407.0], [-7.730276, 43.235429, 407.0], [-7.730296, 43.235377, 407.0], [-7.730361, 43.23528, 406.8], [-7.730459, 43.235138, 406.9], [-7.730634, 43.235013, 406.0], [-7.730779, 43.234909, 406.0], [-7.730859, 43.234768, 406.0], [-7.730923, 43.234642, 405.2], [-7.731001, 43.234527, 405.1], [-7.731075, 43.234447, 405.0], [-7.731125, 43.234423, 405.0], [-7.731258, 43.234421, 405.0], [-7.731893, 43.234407, 404.0], [-7.732589, 43.234381, 405.0], [-7.732826, 43.234371, 405.0], [-7.732966, 43.234378, 406.0], [-7.733004, 43.234329, 406.0], [-7.733045, 43.234235, 406.0], [-7.733105, 43.234199, 406.0], [-7.733469, 43.234082, 407.0], [-7.733582, 43.23404, 407.2], [-7.733626, 43.233983, 408.0], [-7.733642, 43.233885, 408.4], [-7.733628, 43.233791, 408.3], [-7.733695, 43.233632, 410.6], [-7.733767, 43.233531, 410.9], [-7.733793, 43.233433, 411.4], [-7.733834, 43.233334, 412.0], [-7.733891, 43.233201, 412.3], [-7.733973, 43.232945, 415.0], [-7.733974, 43.232865, 415.1], [-7.73397, 43.232816, 415.1], [-7.733976, 43.232662, 415.0], [-7.733991, 43.232571, 414.4], [-7.734034, 43.232416, 414.0], [-7.734076, 43.232259, 414.0], [-7.734289, 43.231842, 418.7], [-7.734377, 43.231629, 420.2], [-7.734513, 43.231259, 423.0], [-7.734616, 43.231, 425.6], [-7.734648, 43.230897, 426.0], [-7.734677, 43.230743, 427.2], [-7.734619, 43.230504, 427.5], [-7.734624, 43.230441, 427.0], [-7.734736, 43.230303, 428.0], [-7.734741, 43.230235, 427.9], [-7.734755, 43.230165, 427.9], [-7.734734, 43.230034, 426.9], [-7.734652, 43.22984, 425.0], [-7.734706, 43.229788, 425.9], [-7.734733, 43.229705, 425.4], [-7.734756, 43.229607, 425.9], [-7.734709, 43.229497, 425.0], [-7.734563, 43.22928, 423.2], [-7.734508, 43.229124, 422.0], [-7.734421, 43.229058, 420.1], [-7.734287, 43.228992, 420.6], [-7.733855, 43.228943, 421.2], [-7.733592, 43.228896, 416.0], [-7.733284, 43.228849, 416.0], [-7.733055, 43.22883, 415.0], [-7.732797, 43.228795, 415.0], [-7.732586, 43.228772, 414.0], [-7.732318, 43.228763, 412.0], [-7.732066, 43.228779, 411.1], [-7.731876, 43.228803, 410.2], [-7.731741, 43.2288, 410.0], [-7.731655, 43.228748, 410.0], [-7.731566, 43.228645, 410.6], [-7.731472, 43.22855, 410.0], [-7.731322, 43.228377, 410.0], [-7.731217, 43.228288, 410.0], [-7.731087, 43.228164, 410.0], [-7.730964, 43.228013, 410.0], [-7.730908, 43.227912, 410.0], [-7.730842, 43.227767, 410.0], [-7.730791, 43.227633, 410.0], [-7.730801, 43.227299, 410.6], [-7.730768, 43.227058, 411.0], [-7.730742, 43.226955, 411.0], [-7.730678, 43.226844, 411.8], [-7.730601, 43.226719, 411.0], [-7.730561, 43.226624, 411.0], [-7.730438, 43.226358, 412.0], [-7.730384, 43.226181, 412.0], [-7.730296, 43.225837, 413.0], [-7.730259, 43.225489, 414.2], [-7.730123, 43.225225, 416.0], [-7.729984, 43.225077, 416.0], [-7.729926, 43.225003, 417.0], [-7.729879, 43.224814, 418.0], [-7.72984, 43.224633, 419.0], [-7.729852, 43.224535, 419.0], [-7.729705, 43.224172, 420.0], [-7.729592, 43.223937, 420.0], [-7.729476, 43.223718, 419.0], [-7.729407, 43.223596, 419.0], [-7.729371, 43.223427, 418.0], [-7.729333, 43.223279, 418.0], [-7.729346, 43.223193, 417.1], [-7.729147, 43.222787, 416.0], [-7.728914, 43.222251, 415.0], [-7.728873, 43.222137, 415.0], [-7.728831, 43.221961, 414.0], [-7.728975, 43.221688, 414.0], [-7.72907, 43.221467, 414.0], [-7.728999, 43.221276, 413.1], [-7.728684, 43.220868, 413.0], [-7.728535, 43.22065, 414.9], [-7.728312, 43.220466, 415.6], [-7.728383, 43.219989, 421.0], [-7.729207, 43.219435, 425.6], [-7.7294, 43.219262, 426.0], [-7.730345, 43.217659, 426.0], [-7.730034, 43.217332, 426.0], [-7.730158, 43.217204, 426.8], [-7.730386, 43.217004, 427.0], [-7.730518, 43.216777, 427.0], [-7.7307, 43.216626, 427.6], [-7.730823, 43.216469, 428.0], [-7.730915, 43.21636, 428.0], [-7.730962, 43.216268, 428.0], [-7.730986, 43.216197, 428.0], [-7.73101, 43.216099, 428.0], [-7.731002, 43.215999, 428.0], [-7.731009, 43.215909, 428.0], [-7.730971, 43.215848, 428.0], [-7.730934, 43.21573, 428.3], [-7.730974, 43.215041, 428.0], [-7.73104, 43.214317, 426.4], [-7.731045, 43.213784, 425.0], [-7.731022, 43.213421, 423.4], [-7.731009, 43.213227, 423.0], [-7.731012, 43.21288, 422.0], [-7.73116, 43.212358, 422.0], [-7.731278, 43.21167, 422.0], [-7.73123, 43.211512, 422.0], [-7.731042, 43.211183, 422.0], [-7.730836, 43.210784, 422.0], [-7.730619, 43.210391, 422.9], [-7.730239, 43.20998, 423.0], [-7.729952, 43.209635, 424.0], [-7.729804, 43.209407, 425.0], [-7.729727, 43.209273, 425.0], [-7.729579, 43.209031, 425.0], [-7.729255, 43.208693, 426.0], [-7.729104, 43.208555, 426.4], [-7.728868, 43.208314, 427.0], [-7.72872, 43.208125, 427.0], [-7.728617, 43.207908, 426.9], [-7.728537, 43.207733, 426.0], [-7.728527, 43.207679, 426.0], [-7.728512, 43.207624, 426.0], [-7.728531, 43.207603, 426.0], [-7.728546, 43.20755, 425.8], [-7.72858, 43.207522, 425.5], [-7.728849, 43.207532, 426.0], [-7.729257, 43.207479, 426.0], [-7.729489, 43.207461, 425.9], [-7.729666, 43.207489, 425.0], [-7.729948, 43.207568, 424.5], [-7.730149, 43.20763, 423.3], [-7.730377, 43.207664, 422.6], [-7.730564, 43.207714, 422.0], [-7.730881, 43.207844, 420.7], [-7.731258, 43.208018, 420.0], [-7.731452, 43.208112, 420.9], [-7.731723, 43.208181, 421.0], [-7.732416, 43.20835, 423.0], [-7.733271, 43.208598, 426.0], [-7.734036, 43.208863, 430.0], [-7.734361, 43.208972, 431.5], [-7.734644, 43.20899, 433.0], [-7.734922, 43.208952, 433.9], [-7.735515, 43.208857, 435.0], [-7.735785, 43.208834, 436.0], [-7.735901, 43.208801, 436.0], [-7.735937, 43.208741, 436.0], [-7.73596, 43.208681, 436.0], [-7.736013, 43.208651, 436.0], [-7.736166, 43.20856, 435.5], [-7.73628, 43.208494, 435.8], [-7.736447, 43.20838, 435.1], [-7.736615, 43.208276, 435.3], [-7.736758, 43.208198, 435.0], [-7.736894, 43.208163, 435.7], [-7.737069, 43.208122, 435.3], [-7.737272, 43.208089, 435.8], [-7.737408, 43.208074, 435.6], [-7.737538, 43.208038, 435.8], [-7.737646, 43.20803, 435.2], [-7.737719, 43.208043, 435.1], [-7.737767, 43.208047, 435.3], [-7.737815, 43.208052, 435.1], [-7.737872, 43.208062, 434.8], [-7.738324, 43.208161, 434.3], [-7.738551, 43.208188, 433.0], [-7.7388, 43.208195, 431.4], [-7.739071, 43.20819, 430.0], [-7.73933, 43.208162, 430.2], [-7.739777, 43.208181, 428.4], [-7.739947, 43.208178, 427.9], [-7.74023, 43.208101, 426.0], [-7.740391, 43.208047, 425.0], [-7.740454, 43.208006, 425.0], [-7.740527, 43.207969, 425.0], [-7.740748, 43.207984, 424.6], [-7.740907, 43.208007, 424.1], [-7.74128, 43.208023, 425.0], [-7.741722, 43.208051, 425.2], [-7.741792, 43.208037, 426.0], [-7.741865, 43.207958, 426.0], [-7.742045, 43.207686, 426.0], [-7.742198, 43.207429, 426.0], [-7.742313, 43.207296, 426.0], [-7.742413, 43.207251, 426.0], [-7.742641, 43.207241, 426.0], [-7.743365, 43.20722, 427.0], [-7.743686, 43.2072, 428.0], [-7.744009, 43.207175, 429.0], [-7.744125, 43.207146, 429.0], [-7.744389, 43.20702, 430.0], [-7.744879, 43.206789, 432.1], [-7.745112, 43.206656, 433.0], [-7.745522, 43.206416, 434.0], [-7.745683, 43.206288, 434.4], [-7.745892, 43.206125, 435.0], [-7.746113, 43.206007, 435.0], [-7.74624, 43.205926, 435.0], [-7.746477, 43.205788, 435.0], [-7.746628, 43.205664, 436.0], [-7.746824, 43.205437, 436.0], [-7.746984, 43.205199, 436.0], [-7.747225, 43.204812, 436.0], [-7.747299, 43.2046, 436.0], [-7.74732, 43.204484, 436.0], [-7.747317, 43.204375, 436.0], [-7.747329, 43.204176, 436.0], [-7.74735, 43.203984, 435.8], [-7.747338, 43.203907, 435.8], [-7.74726, 43.203769, 434.6], [-7.747262, 43.203654, 434.0], [-7.747319, 43.20337, 433.1], [-7.747372, 43.203186, 433.0], [-7.747508, 43.202934, 432.5], [-7.747679, 43.202656, 432.0], [-7.747778, 43.20242, 430.5], [-7.747843, 43.202224, 429.0], [-7.747879, 43.202083, 428.0], [-7.747871, 43.20196, 427.4], [-7.747921, 43.201845, 426.9], [-7.747969, 43.201702, 426.0], [-7.748054, 43.201624, 426.0], [-7.748211, 43.201561, 425.0], [-7.748375, 43.201522, 424.1], [-7.74858, 43.201493, 421.4], [-7.748716, 43.201473, 420.0], [-7.748993, 43.20142, 420.0], [-7.749291, 43.201398, 421.1], [-7.749505, 43.201344, 422.0], [-7.749771, 43.201187, 422.7], [-7.750003, 43.200753, 423.0], [-7.750159, 43.200538, 424.0], [-7.750758, 43.200163, 428.0], [-7.750861, 43.200048, 429.0], [-7.750816, 43.199691, 429.3], [-7.750861, 43.199415, 430.0], [-7.750746, 43.199124, 429.0], [-7.75064, 43.198844, 429.0], [-7.750522, 43.198497, 429.0], [-7.75035, 43.198174, 429.0], [-7.750258, 43.19793, 429.0], [-7.750179, 43.197799, 429.0], [-7.750079, 43.197544, 429.0], [-7.749822, 43.1972, 429.0], [-7.749612, 43.196905, 429.0], [-7.749406, 43.196592, 429.0], [-7.749317, 43.196259, 429.0], [-7.749317, 43.196032, 429.0], [-7.74923, 43.195806, 429.0], [-7.749181, 43.195757, 429.0], [-7.748964, 43.195639, 429.0], [-7.748793, 43.195563, 429.0], [-7.748348, 43.195559, 432.3], [-7.748178, 43.195489, 433.0], [-7.749422, 43.192468, 441.1], [-7.751807, 43.186409, 433.0], [-7.751672, 43.186254, 431.5], [-7.751347, 43.186009, 430.0], [-7.751379, 43.185941, 429.0], [-7.751525, 43.185817, 429.1], [-7.751733, 43.18558, 428.4], [-7.751866, 43.185416, 428.1], [-7.751905, 43.185363, 428.4], [-7.751999, 43.185183, 428.0], [-7.752097, 43.184885, 428.0], [-7.75216, 43.18465, 428.0], [-7.752266, 43.184011, 429.0], [-7.752331, 43.183734, 429.0], [-7.752465, 43.183114, 429.0], [-7.752474, 43.182945, 428.0], [-7.752468, 43.182804, 428.0], [-7.752421, 43.182722, 428.0], [-7.75237, 43.182658, 428.0], [-7.752351, 43.182565, 427.1], [-7.752385, 43.182289, 426.0], [-7.752424, 43.182173, 425.0], [-7.75249, 43.182048, 424.0], [-7.752722, 43.181902, 422.0], [-7.752821, 43.181819, 421.0], [-7.752623, 43.181272, 420.0], [-7.752257, 43.180949, 418.8], [-7.751894, 43.180804, 417.0], [-7.750808, 43.18069, 416.0], [-7.750051, 43.180623, 415.0], [-7.749504, 43.180566, 415.8], [-7.749045, 43.180397, 417.0], [-7.749175, 43.179966, 423.2], [-7.749275, 43.179583, 414.0], [-7.751453, 43.179863, 414.0], [-7.751965, 43.179767, 412.2], [-7.752445, 43.179178, 410.0], [-7.752636, 43.178923, 410.0], [-7.753728, 43.17842, 411.0], [-7.754271, 43.178222, 413.0], [-7.754136, 43.178029, 412.5], [-7.75406, 43.177925, 412.0], [-7.754021, 43.177819, 412.0], [-7.753983, 43.17768, 412.0], [-7.753972, 43.177629, 412.0], [-7.753977, 43.17758, 412.0], [-7.754001, 43.177286, 412.0], [-7.754012, 43.177204, 412.0], [-7.754051, 43.176943, 412.0], [-7.754061, 43.176806, 412.0], [-7.754057, 43.176747, 412.0], [-7.754048, 43.176612, 412.0], [-7.754026, 43.176233, 411.0], [-7.754022, 43.176143, 411.0], [-7.754017, 43.176084, 410.6], [-7.753994, 43.175795, 409.4], [-7.753938, 43.175464, 408.0], [-7.753935, 43.175385, 408.0], [-7.753893, 43.175066, 407.0], [-7.753959, 43.175044, 407.0], [-7.753955, 43.174959, 407.0], [-7.754087, 43.174966, 407.0], [-7.754166, 43.17498, 407.0], [-7.754424, 43.174982, 407.0], [-7.75477, 43.174984, 407.1], [-7.755398, 43.175013, 408.0], [-7.755844, 43.175029, 409.0], [-7.756031, 43.175045, 409.0], [-7.756308, 43.175035, 409.0], [-7.756394, 43.175035, 409.5], [-7.75662, 43.175056, 410.0], [-7.756761, 43.175055, 410.9], [-7.756908, 43.175059, 411.0], [-7.757079, 43.17464, 410.0], [-7.757219, 43.174673, 410.0], [-7.757266, 43.174552, 409.2], [-7.757313, 43.17442, 409.0]]}}, {"type": "Feature", "properties": {"order": 29, "group": "camino-del-norte-irun-arzua", "source_file": "30a-baamonde-sobrado.gpx", "reversed_from_source": true, "point_count": 1143, "source": "CNIG/IGN - Rutas de Caminos de Santiago 2020-2026 (datos FEAACS)", "license": "CC-BY 4.0", "attribution": "Obra derivada de Rutas de Caminos de Santiago 2020-2026 CC-BY 4.0 FEAACS"}, "geometry": {"type": "LineString", "coordinates": [[-7.757313, 43.17442, 409.0], [-7.757272, 43.174221, 408.0], [-7.757299, 43.174099, 408.0], [-7.76678, 43.172492, 405.0], [-7.769542, 43.172005, 407.0], [-7.77115, 43.171786, 409.0], [-7.771859, 43.171763, 409.0], [-7.773106, 43.17175, 407.3], [-7.774224, 43.171941, 404.0], [-7.774847, 43.172186, 402.0], [-7.775367, 43.172433, 402.0], [-7.776028, 43.172738, 403.0], [-7.776638, 43.172942, 403.0], [-7.777463, 43.17312, 404.0], [-7.778311, 43.17315, 404.0], [-7.779372, 43.172999, 404.0], [-7.780174, 43.172794, 404.0], [-7.780942, 43.172548, 403.0], [-7.781752, 43.172307, 403.0], [-7.782406, 43.172118, 404.0], [-7.783041, 43.172022, 405.0], [-7.783798, 43.171984, 405.8], [-7.784809, 43.172043, 406.0], [-7.786807, 43.172196, 404.0], [-7.788108, 43.172252, 404.7], [-7.789617, 43.172356, 406.0], [-7.791396, 43.172481, 407.0], [-7.79243, 43.172598, 408.5], [-7.792668, 43.172591, 407.5], [-7.792988, 43.172493, 405.9], [-7.793021, 43.172445, 405.5], [-7.79297, 43.171861, 405.3], [-7.793031, 43.171817, 405.3], [-7.79319, 43.171767, 405.7], [-7.793516, 43.171707, 406.5], [-7.793781, 43.171568, 409.0], [-7.793901, 43.171488, 409.8], [-7.794003, 43.171462, 408.8], [-7.794177, 43.171444, 407.2], [-7.794301, 43.171386, 405.3], [-7.794441, 43.171325, 404.0], [-7.794563, 43.171254, 403.0], [-7.79473, 43.171113, 405.4], [-7.794864, 43.171057, 407.0], [-7.794934, 43.171051, 408.1], [-7.79503, 43.171063, 409.7], [-7.79514, 43.171139, 411.4], [-7.7952, 43.17117, 412.3], [-7.795238, 43.171163, 412.9], [-7.7953, 43.171108, 415.0], [-7.79538, 43.171088, 416.3], [-7.795562, 43.171084, 419.1], [-7.795723, 43.171072, 421.3], [-7.795871, 43.171081, 423.4], [-7.795968, 43.171096, 423.6], [-7.796147, 43.171091, 425.0], [-7.796346, 43.171111, 425.9], [-7.796408, 43.171121, 425.7], [-7.79649, 43.171145, 426.4], [-7.796671, 43.171194, 429.0], [-7.79683, 43.171212, 431.0], [-7.79691, 43.171224, 430.9], [-7.796973, 43.171262, 431.0], [-7.797113, 43.171309, 431.0], [-7.79721, 43.171351, 430.5], [-7.797404, 43.171386, 430.8], [-7.797463, 43.171361, 432.2], [-7.797523, 43.17133, 433.8], [-7.797609, 43.171295, 434.7], [-7.797716, 43.17127, 435.1], [-7.797903, 43.17125, 436.4], [-7.798057, 43.17125, 436.2], [-7.798131, 43.171227, 437.0], [-7.798281, 43.171157, 438.5], [-7.798623, 43.171012, 442.0], [-7.798934, 43.170898, 444.1], [-7.799102, 43.170832, 446.0], [-7.799131, 43.170627, 446.2], [-7.799203, 43.170503, 447.0], [-7.799239, 43.170319, 449.0], [-7.79936, 43.170115, 449.8], [-7.799431, 43.169889, 450.3], [-7.79948, 43.169805, 450.4], [-7.799528, 43.169734, 450.3], [-7.79949, 43.169598, 452.6], [-7.799449, 43.169526, 453.0], [-7.799396, 43.16939, 451.9], [-7.79937, 43.169321, 451.1], [-7.799381, 43.169265, 451.0], [-7.799578, 43.169098, 450.0], [-7.799776, 43.168888, 448.4], [-7.799892, 43.16872, 448.2], [-7.800047, 43.168518, 447.6], [-7.800213, 43.168412, 447.2], [-7.800337, 43.168333, 447.0], [-7.800387, 43.168299, 447.1], [-7.800487, 43.168228, 445.0], [-7.800612, 43.168111, 443.9], [-7.800778, 43.168013, 442.0], [-7.801012, 43.167891, 441.0], [-7.801121, 43.167802, 441.0], [-7.80114, 43.167774, 441.0], [-7.801209, 43.167765, 441.4], [-7.802034, 43.167983, 452.0], [-7.802308, 43.167958, 454.0], [-7.8025, 43.167909, 455.0], [-7.802697, 43.167859, 456.0], [-7.803111, 43.167664, 457.1], [-7.803456, 43.16756, 459.2], [-7.803761, 43.167617, 459.0], [-7.804255, 43.167765, 460.0], [-7.80454, 43.167825, 461.7], [-7.804752, 43.167816, 462.0], [-7.804874, 43.167758, 463.0], [-7.805384, 43.167589, 464.0], [-7.805685, 43.167514, 464.1], [-7.806422, 43.167372, 464.6], [-7.807009, 43.167211, 465.6], [-7.807383, 43.16704, 467.0], [-7.807665, 43.16686, 469.0], [-7.807888, 43.166626, 470.8], [-7.807968, 43.166588, 471.0], [-7.808365, 43.16644, 473.0], [-7.808566, 43.166336, 474.0], [-7.808778, 43.166222, 475.0], [-7.808929, 43.166207, 475.1], [-7.809641, 43.166093, 474.0], [-7.810008, 43.165993, 474.2], [-7.810216, 43.165844, 474.7], [-7.810395, 43.165676, 475.3], [-7.810757, 43.165346, 475.8], [-7.810888, 43.165238, 476.0], [-7.810997, 43.165109, 476.6], [-7.81118, 43.16489, 476.2], [-7.8116, 43.164419, 473.7], [-7.81183, 43.164304, 472.7], [-7.811901, 43.164135, 474.0], [-7.811962, 43.164036, 474.5], [-7.811892, 43.164003, 475.4], [-7.811571, 43.163676, 479.9], [-7.811355, 43.163195, 485.9], [-7.811291, 43.162884, 487.0], [-7.81112, 43.162416, 487.5], [-7.81095, 43.161917, 487.0], [-7.810799, 43.161601, 487.0], [-7.811133, 43.161096, 485.0], [-7.811495, 43.160324, 482.9], [-7.811084, 43.159209, 483.0], [-7.811093, 43.158969, 484.0], [-7.811111, 43.158215, 486.0], [-7.811216, 43.157889, 486.0], [-7.811394, 43.157059, 486.0], [-7.811477, 43.156959, 486.0], [-7.811666, 43.156798, 486.2], [-7.811736, 43.156743, 486.0], [-7.81197, 43.156357, 486.0], [-7.812086, 43.156137, 486.1], [-7.812187, 43.156007, 486.9], [-7.812441, 43.155776, 487.0], [-7.812895, 43.155379, 486.0], [-7.813138, 43.155125, 485.5], [-7.813296, 43.154943, 485.0], [-7.813452, 43.154732, 485.0], [-7.813681, 43.154448, 485.0], [-7.813901, 43.154224, 486.0], [-7.814093, 43.154039, 486.0], [-7.814214, 43.153971, 486.0], [-7.814643, 43.153793, 486.7], [-7.814805, 43.153713, 487.0], [-7.815017, 43.153605, 487.0], [-7.815011, 43.15348, 487.0], [-7.814953, 43.152895, 487.0], [-7.814937, 43.152378, 487.0], [-7.814959, 43.152167, 486.6], [-7.815129, 43.151878, 486.0], [-7.815396, 43.151434, 486.0], [-7.815455, 43.151303, 485.0], [-7.815554, 43.150964, 485.0], [-7.815583, 43.150682, 484.0], [-7.815678, 43.150367, 484.0], [-7.81573, 43.150156, 483.0], [-7.815737, 43.149798, 482.9], [-7.815719, 43.149668, 482.0], [-7.815713, 43.149537, 482.0], [-7.815646, 43.149468, 482.0], [-7.815576, 43.149388, 482.0], [-7.815553, 43.149282, 481.0], [-7.815556, 43.149143, 481.0], [-7.815522, 43.148873, 481.0], [-7.815533, 43.148735, 480.7], [-7.815582, 43.148442, 480.0], [-7.815609, 43.148251, 479.3], [-7.815607, 43.147961, 478.0], [-7.815702, 43.14793, 478.0], [-7.815949, 43.147782, 477.2], [-7.816014, 43.147731, 477.0], [-7.81614, 43.147671, 477.0], [-7.816353, 43.147445, 476.0], [-7.816481, 43.147309, 475.0], [-7.816626, 43.147168, 475.0], [-7.816748, 43.14712, 475.0], [-7.816903, 43.147092, 474.3], [-7.817112, 43.147089, 474.1], [-7.817545, 43.147106, 473.0], [-7.817729, 43.147125, 472.1], [-7.817937, 43.147163, 471.2], [-7.818395, 43.147274, 469.0], [-7.818537, 43.147308, 468.0], [-7.818621, 43.147309, 467.4], [-7.818713, 43.147276, 467.0], [-7.818857, 43.14715, 466.0], [-7.818901, 43.147104, 465.5], [-7.818985, 43.14706, 465.0], [-7.819147, 43.146985, 463.0], [-7.819427, 43.146858, 460.6], [-7.819672, 43.146755, 458.6], [-7.819937, 43.14667, 457.2], [-7.820078, 43.146638, 456.7], [-7.820521, 43.146363, 455.0], [-7.821062, 43.146046, 453.0], [-7.821169, 43.145849, 452.1], [-7.821248, 43.145588, 451.0], [-7.821385, 43.145403, 449.4], [-7.821635, 43.145288, 448.7], [-7.821799, 43.145151, 447.0], [-7.822119, 43.145101, 446.0], [-7.822307, 43.145019, 445.0], [-7.82248, 43.145, 445.0], [-7.822831, 43.14504, 443.7], [-7.822986, 43.145103, 443.6], [-7.82311, 43.145155, 443.7], [-7.823431, 43.145164, 445.0], [-7.823678, 43.145095, 446.0], [-7.823773, 43.144969, 447.0], [-7.824024, 43.144658, 449.7], [-7.824125, 43.14454, 450.8], [-7.824334, 43.144382, 452.0], [-7.824539, 43.144082, 453.0], [-7.824558, 43.143658, 454.0], [-7.824554, 43.14351, 453.9], [-7.824503, 43.143409, 454.0], [-7.824408, 43.143244, 455.0], [-7.824321, 43.143069, 455.0], [-7.824275, 43.142905, 455.0], [-7.824251, 43.142777, 455.0], [-7.824193, 43.142694, 455.0], [-7.824109, 43.142596, 455.0], [-7.824044, 43.142522, 455.0], [-7.823874, 43.142299, 455.0], [-7.823654, 43.142061, 456.0], [-7.823397, 43.141789, 457.0], [-7.823297, 43.141674, 457.0], [-7.823261, 43.1416, 458.0], [-7.82322, 43.141501, 458.5], [-7.823125, 43.141427, 458.5], [-7.823086, 43.141342, 459.0], [-7.823024, 43.141124, 460.3], [-7.823013, 43.140921, 461.0], [-7.823002, 43.140763, 460.8], [-7.822933, 43.140576, 459.0], [-7.822923, 43.140294, 458.0], [-7.822934, 43.140172, 457.0], [-7.82299, 43.14006, 457.0], [-7.823086, 43.139888, 456.0], [-7.823238, 43.139675, 456.0], [-7.823335, 43.13949, 455.0], [-7.823437, 43.139272, 454.0], [-7.823553, 43.13912, 453.4], [-7.82369, 43.138937, 453.0], [-7.823716, 43.138873, 452.8], [-7.823773, 43.138752, 452.0], [-7.823832, 43.138687, 452.0], [-7.823957, 43.138581, 452.0], [-7.824126, 43.138401, 451.0], [-7.824269, 43.138239, 450.0], [-7.824357, 43.13813, 450.0], [-7.824527, 43.137969, 449.0], [-7.824518, 43.137114, 447.0], [-7.824282, 43.13661, 446.0], [-7.824121, 43.136155, 443.7], [-7.823961, 43.135634, 440.9], [-7.823845, 43.135412, 441.0], [-7.823554, 43.134984, 442.0], [-7.823406, 43.134762, 443.0], [-7.823304, 43.134623, 443.0], [-7.823251, 43.134532, 444.0], [-7.823219, 43.134255, 445.0], [-7.823191, 43.134037, 446.0], [-7.823004, 43.133675, 447.0], [-7.822861, 43.133439, 446.5], [-7.822703, 43.133177, 446.0], [-7.82259, 43.133033, 445.0], [-7.822585, 43.132692, 445.1], [-7.82258, 43.132596, 446.0], [-7.822406, 43.132305, 446.5], [-7.822377, 43.132152, 446.0], [-7.822314, 43.131761, 447.0], [-7.822179, 43.131597, 448.0], [-7.821995, 43.131462, 449.1], [-7.821835, 43.131344, 450.6], [-7.821713, 43.13129, 451.0], [-7.821546, 43.131296, 452.0], [-7.821106, 43.1314, 454.0], [-7.820458, 43.131559, 456.0], [-7.820232, 43.131653, 456.2], [-7.819985, 43.131839, 457.0], [-7.819915, 43.131888, 457.1], [-7.819751, 43.131907, 458.0], [-7.819513, 43.131937, 459.5], [-7.819402, 43.131969, 459.0], [-7.819189, 43.132062, 460.0], [-7.818776, 43.13225, 459.6], [-7.818535, 43.132295, 460.2], [-7.818241, 43.132322, 461.0], [-7.817821, 43.132314, 461.0], [-7.81754, 43.132327, 461.0], [-7.816952, 43.132417, 461.8], [-7.816759, 43.132442, 462.0], [-7.81633, 43.132439, 462.0], [-7.815967, 43.132435, 462.0], [-7.815832, 43.132446, 462.3], [-7.81568, 43.1325, 462.9], [-7.8155, 43.132432, 461.0], [-7.815448, 43.132412, 460.3], [-7.815364, 43.132379, 459.4], [-7.815224, 43.132366, 459.4], [-7.815102, 43.132423, 459.6], [-7.814841, 43.132617, 461.0], [-7.814734, 43.132693, 461.6], [-7.814613, 43.13244, 461.5], [-7.81443, 43.131856, 462.0], [-7.814326, 43.13142, 460.0], [-7.814271, 43.131188, 457.4], [-7.814154, 43.131024, 455.9], [-7.813895, 43.130924, 454.1], [-7.813628, 43.130842, 452.7], [-7.813439, 43.130738, 451.2], [-7.813304, 43.130544, 451.0], [-7.81312, 43.130291, 450.1], [-7.813028, 43.130071, 451.0], [-7.813018, 43.129876, 452.1], [-7.813063, 43.129545, 455.7], [-7.813069, 43.129327, 458.0], [-7.813064, 43.12918, 459.0], [-7.812995, 43.129031, 460.0], [-7.812829, 43.128633, 461.0], [-7.812781, 43.128422, 461.1], [-7.812755, 43.127989, 461.5], [-7.812742, 43.127749, 461.0], [-7.812854, 43.127497, 460.0], [-7.813025, 43.127299, 459.0], [-7.813162, 43.127209, 459.0], [-7.813528, 43.127091, 457.4], [-7.81402, 43.126938, 455.0], [-7.814237, 43.126803, 453.7], [-7.814564, 43.126592, 450.1], [-7.814834, 43.126416, 448.2], [-7.814985, 43.126307, 448.0], [-7.815115, 43.126182, 447.0], [-7.815207, 43.125918, 446.0], [-7.815374, 43.125565, 444.0], [-7.815393, 43.125424, 444.0], [-7.815307, 43.125052, 442.0], [-7.815284, 43.124781, 442.0], [-7.81545, 43.124064, 441.0], [-7.815606, 43.123578, 440.0], [-7.815663, 43.123454, 439.0], [-7.815984, 43.123261, 439.0], [-7.816063, 43.123153, 439.0], [-7.816079, 43.123002, 440.0], [-7.816018, 43.12277, 440.0], [-7.815994, 43.122545, 440.0], [-7.815994, 43.122333, 442.0], [-7.816094, 43.122139, 445.0], [-7.816102, 43.121951, 446.5], [-7.816125, 43.12187, 447.3], [-7.816287, 43.121735, 447.6], [-7.816206, 43.121541, 449.7], [-7.816091, 43.121322, 451.0], [-7.81601, 43.121091, 452.0], [-7.81591, 43.120976, 453.0], [-7.815815, 43.120827, 453.0], [-7.81577, 43.120607, 454.0], [-7.815873, 43.120462, 455.0], [-7.815996, 43.120348, 455.0], [-7.81597, 43.120026, 455.5], [-7.815849, 43.119538, 457.1], [-7.815755, 43.119039, 459.6], [-7.815782, 43.11849, 462.0], [-7.816081, 43.11737, 467.1], [-7.816091, 43.117111, 469.1], [-7.815943, 43.116815, 472.0], [-7.815767, 43.11649, 474.1], [-7.815631, 43.116222, 476.0], [-7.815513, 43.115823, 477.0], [-7.815782, 43.115768, 477.0], [-7.816053, 43.115753, 476.0], [-7.816522, 43.115778, 475.0], [-7.816808, 43.115726, 475.0], [-7.817274, 43.115542, 475.9], [-7.817706, 43.115463, 475.5], [-7.817969, 43.115474, 474.1], [-7.818227, 43.115513, 473.0], [-7.818801, 43.115729, 469.0], [-7.819244, 43.115945, 467.0], [-7.819782, 43.116137, 464.0], [-7.820097, 43.116241, 462.5], [-7.820732, 43.116458, 459.0], [-7.821369, 43.116651, 456.0], [-7.822318, 43.116875, 452.0], [-7.822748, 43.11699, 450.0], [-7.823363, 43.117129, 448.0], [-7.823551, 43.117215, 447.0], [-7.824286, 43.116576, 448.8], [-7.824497, 43.116471, 449.0], [-7.824583, 43.116429, 449.0], [-7.824808, 43.116409, 449.0], [-7.827233, 43.11635, 447.0], [-7.827579, 43.116355, 446.1], [-7.828187, 43.11648, 445.0], [-7.83314, 43.117556, 433.0], [-7.83336, 43.117599, 433.0], [-7.833658, 43.117619, 432.4], [-7.833986, 43.117577, 433.0], [-7.834347, 43.117494, 432.5], [-7.834599, 43.117416, 433.0], [-7.83465, 43.117297, 433.0], [-7.834641, 43.117134, 432.0], [-7.834562, 43.116472, 432.0], [-7.834566, 43.11627, 433.0], [-7.834677, 43.116142, 433.0], [-7.834964, 43.115983, 434.0], [-7.835251, 43.115884, 435.0], [-7.835597, 43.115826, 435.7], [-7.835976, 43.11587, 436.4], [-7.836358, 43.115936, 437.5], [-7.836524, 43.115911, 438.0], [-7.836595, 43.115876, 438.5], [-7.836788, 43.115943, 439.0], [-7.837025, 43.116019, 440.0], [-7.83727, 43.116061, 441.0], [-7.837573, 43.116053, 441.5], [-7.837798, 43.116039, 442.0], [-7.838182, 43.116062, 443.0], [-7.838505, 43.116027, 444.0], [-7.838748, 43.115947, 444.7], [-7.838895, 43.115825, 446.0], [-7.839005, 43.115785, 446.0], [-7.839335, 43.11573, 446.0], [-7.839508, 43.115719, 446.0], [-7.839565, 43.115741, 446.0], [-7.839638, 43.11574, 446.0], [-7.840009, 43.115696, 446.0], [-7.840153, 43.115679, 446.3], [-7.840325, 43.115663, 446.7], [-7.840492, 43.115649, 447.2], [-7.840562, 43.115644, 448.0], [-7.840601, 43.115574, 448.2], [-7.840638, 43.115513, 448.6], [-7.840715, 43.115339, 449.0], [-7.840781, 43.115168, 449.0], [-7.840948, 43.11498, 449.0], [-7.841198, 43.114699, 450.0], [-7.841431, 43.114438, 450.7], [-7.841454, 43.114278, 451.0], [-7.841455, 43.114117, 451.1], [-7.841355, 43.113985, 452.3], [-7.841261, 43.113887, 453.0], [-7.841001, 43.11382, 453.8], [-7.840932, 43.113799, 454.0], [-7.841182, 43.113739, 454.9], [-7.841596, 43.113656, 456.6], [-7.841888, 43.113521, 456.6], [-7.842431, 43.11354, 456.0], [-7.842712, 43.113594, 456.0], [-7.842976, 43.113673, 456.0], [-7.843195, 43.113631, 456.0], [-7.843498, 43.113499, 457.0], [-7.843753, 43.113408, 459.0], [-7.844164, 43.113309, 460.0], [-7.844544, 43.113246, 462.2], [-7.844658, 43.113198, 463.0], [-7.84473, 43.1131, 463.0], [-7.844797, 43.112884, 463.0], [-7.844884, 43.112822, 463.0], [-7.845393, 43.112712, 462.5], [-7.845767, 43.112607, 463.0], [-7.846186, 43.112507, 463.0], [-7.846332, 43.11247, 463.0], [-7.846568, 43.112497, 463.9], [-7.846746, 43.112484, 464.0], [-7.846913, 43.112395, 465.0], [-7.847091, 43.11222, 465.6], [-7.847838, 43.111725, 466.0], [-7.849026, 43.110891, 469.0], [-7.849021, 43.110842, 469.0], [-7.849142, 43.110585, 469.0], [-7.849574, 43.109773, 474.3], [-7.849838, 43.109247, 479.0], [-7.849924, 43.108994, 481.0], [-7.849941, 43.10872, 482.1], [-7.849969, 43.108456, 484.0], [-7.849996, 43.108333, 485.0], [-7.85012, 43.108237, 485.6], [-7.850515, 43.108024, 487.0], [-7.850933, 43.107772, 489.0], [-7.851347, 43.107547, 492.0], [-7.851478, 43.107464, 491.9], [-7.85185, 43.107179, 491.0], [-7.851969, 43.107053, 491.2], [-7.852146, 43.106888, 491.0], [-7.852367, 43.106757, 491.0], [-7.85258, 43.106676, 492.0], [-7.85275, 43.106647, 492.3], [-7.852922, 43.106575, 493.2], [-7.853247, 43.106444, 495.0], [-7.853407, 43.106373, 495.2], [-7.853538, 43.106228, 496.0], [-7.85361, 43.106113, 496.0], [-7.853703, 43.105919, 497.0], [-7.853778, 43.105772, 496.4], [-7.853933, 43.105669, 496.0], [-7.854101, 43.105604, 496.0], [-7.854371, 43.105462, 496.9], [-7.854622, 43.10532, 497.0], [-7.854799, 43.105218, 497.5], [-7.854909, 43.105146, 498.0], [-7.85497, 43.105076, 498.0], [-7.855106, 43.105016, 498.0], [-7.855324, 43.104966, 498.0], [-7.855583, 43.104953, 498.0], [-7.855752, 43.104941, 498.0], [-7.855833, 43.104918, 498.0], [-7.855917, 43.104858, 498.0], [-7.856085, 43.104713, 498.0], [-7.856196, 43.104643, 498.0], [-7.856353, 43.104567, 498.0], [-7.856713, 43.104412, 498.0], [-7.856974, 43.104322, 498.0], [-7.857164, 43.104245, 498.0], [-7.857411, 43.104137, 498.0], [-7.857439, 43.104119, 498.0], [-7.857884, 43.104012, 499.3], [-7.858161, 43.103929, 500.0], [-7.858392, 43.10389, 500.0], [-7.8587, 43.10385, 500.0], [-7.858869, 43.10383, 500.0], [-7.859026, 43.103776, 500.0], [-7.859149, 43.103715, 500.0], [-7.859281, 43.103642, 500.0], [-7.859499, 43.103544, 500.0], [-7.859897, 43.103394, 500.0], [-7.86, 43.10333, 500.0], [-7.86005, 43.10322, 500.0], [-7.860051, 43.103185, 500.0], [-7.86007, 43.103115, 500.0], [-7.860096, 43.10301, 500.0], [-7.860122, 43.102942, 501.0], [-7.860237, 43.102631, 501.0], [-7.860473, 43.102331, 502.0], [-7.860952, 43.101975, 503.0], [-7.8613, 43.101804, 505.0], [-7.861654, 43.101639, 506.0], [-7.861807, 43.101573, 506.2], [-7.861902, 43.101542, 506.9], [-7.862, 43.101394, 507.0], [-7.862026, 43.101341, 507.0], [-7.862177, 43.10127, 507.7], [-7.862248, 43.101243, 508.0], [-7.862359, 43.101127, 509.0], [-7.862498, 43.100959, 510.0], [-7.862693, 43.100837, 511.5], [-7.86288, 43.100736, 512.0], [-7.863235, 43.100566, 513.0], [-7.863451, 43.100486, 513.1], [-7.863641, 43.100397, 514.0], [-7.863782, 43.100345, 514.0], [-7.864047, 43.100322, 515.0], [-7.864285, 43.100321, 515.0], [-7.864387, 43.100318, 515.0], [-7.86465, 43.100238, 515.8], [-7.864793, 43.1002, 515.9], [-7.864983, 43.10015, 515.8], [-7.865211, 43.100072, 515.6], [-7.865365, 43.100028, 515.8], [-7.865526, 43.099965, 516.0], [-7.865901, 43.099881, 517.0], [-7.86621, 43.09979, 517.0], [-7.866451, 43.099712, 516.8], [-7.866572, 43.099665, 516.1], [-7.866801, 43.099538, 516.1], [-7.867102, 43.099362, 516.0], [-7.867342, 43.09922, 516.0], [-7.867533, 43.099121, 516.1], [-7.8677, 43.099018, 517.0], [-7.867793, 43.098944, 517.0], [-7.867968, 43.098762, 517.0], [-7.868141, 43.098624, 517.0], [-7.868514, 43.098253, 519.3], [-7.868964, 43.098212, 521.1], [-7.869343, 43.098213, 523.0], [-7.869586, 43.098106, 523.5], [-7.870328, 43.097952, 525.4], [-7.87075, 43.097828, 527.0], [-7.871069, 43.097853, 528.8], [-7.871406, 43.097801, 530.4], [-7.871634, 43.097503, 530.3], [-7.871966, 43.097329, 532.0], [-7.872553, 43.097032, 535.0], [-7.873016, 43.096913, 535.0], [-7.873329, 43.096864, 535.9], [-7.873686, 43.096885, 536.9], [-7.874076, 43.096707, 537.1], [-7.874213, 43.096762, 538.7], [-7.874508, 43.096818, 540.3], [-7.874764, 43.096661, 541.5], [-7.875139, 43.096643, 544.0], [-7.875693, 43.096697, 547.6], [-7.875942, 43.096589, 549.0], [-7.876488, 43.096439, 553.0], [-7.877094, 43.096273, 557.0], [-7.877421, 43.096228, 559.2], [-7.878059, 43.095982, 561.1], [-7.878664, 43.095889, 563.0], [-7.879041, 43.095701, 565.0], [-7.879417, 43.095725, 565.7], [-7.879712, 43.0958, 566.7], [-7.880008, 43.095959, 568.0], [-7.880337, 43.096185, 571.0], [-7.88076, 43.096415, 572.0], [-7.88147, 43.096556, 574.0], [-7.882317, 43.096676, 576.2], [-7.882576, 43.096644, 575.0], [-7.882737, 43.096491, 575.0], [-7.883508, 43.095685, 571.0], [-7.883677, 43.095469, 572.0], [-7.883847, 43.094932, 570.0], [-7.883945, 43.094499, 568.9], [-7.883915, 43.094219, 568.0], [-7.883681, 43.093807, 567.0], [-7.8835, 43.09354, 568.0], [-7.883356, 43.093287, 566.3], [-7.883277, 43.093043, 564.8], [-7.883258, 43.09277, 566.0], [-7.883372, 43.092462, 567.0], [-7.883491, 43.092185, 569.0], [-7.88353, 43.091967, 570.0], [-7.883486, 43.091612, 573.0], [-7.883357, 43.09135, 575.0], [-7.883102, 43.091165, 577.0], [-7.882656, 43.090819, 577.7], [-7.882483, 43.090637, 577.0], [-7.882338, 43.090477, 577.0], [-7.882083, 43.09019, 574.1], [-7.881726, 43.089789, 571.8], [-7.881459, 43.0895, 571.0], [-7.881257, 43.089193, 569.9], [-7.881228, 43.088943, 569.0], [-7.881063, 43.088356, 567.9], [-7.88099, 43.088046, 568.6], [-7.881012, 43.087766, 571.6], [-7.881174, 43.087335, 577.2], [-7.881193, 43.087081, 580.0], [-7.880771, 43.086286, 585.9], [-7.880207, 43.085328, 589.0], [-7.879957, 43.084455, 595.0], [-7.879853, 43.084193, 597.0], [-7.879581, 43.083745, 600.0], [-7.879318, 43.083379, 602.1], [-7.878873, 43.082757, 605.5], [-7.878729, 43.082554, 606.9], [-7.878591, 43.08209, 609.0], [-7.878477, 43.081254, 614.0], [-7.878412, 43.08091, 616.0], [-7.878302, 43.080592, 617.0], [-7.877883, 43.080271, 617.0], [-7.8784, 43.080005, 617.0], [-7.879536, 43.07944, 617.0], [-7.880374, 43.078916, 617.0], [-7.8812, 43.078373, 618.3], [-7.882012, 43.077777, 617.0], [-7.882345, 43.077462, 618.0], [-7.88252, 43.07729, 618.0], [-7.882617, 43.077201, 619.0], [-7.883066, 43.076773, 620.0], [-7.883276, 43.076557, 621.1], [-7.883455, 43.07645, 622.0], [-7.88391, 43.076336, 624.8], [-7.884148, 43.076273, 626.0], [-7.884296, 43.076223, 627.0], [-7.884554, 43.076068, 628.1], [-7.884757, 43.075933, 629.0], [-7.885019, 43.075752, 629.8], [-7.885209, 43.075615, 630.6], [-7.885327, 43.075491, 631.0], [-7.885399, 43.075298, 632.0], [-7.885503, 43.075112, 633.0], [-7.885811, 43.074926, 633.0], [-7.886128, 43.074652, 634.0], [-7.886606, 43.074411, 634.2], [-7.887497, 43.07394, 637.0], [-7.888496, 43.073487, 638.0], [-7.889556, 43.073138, 637.0], [-7.890637, 43.072968, 636.0], [-7.891981, 43.072798, 636.0], [-7.892484, 43.072787, 635.0], [-7.892996, 43.07292, 633.0], [-7.893597, 43.073201, 630.0], [-7.89458, 43.07346, 624.0], [-7.895391, 43.073657, 619.0], [-7.895838, 43.073764, 616.7], [-7.896327, 43.073865, 612.0], [-7.896511, 43.073887, 610.8], [-7.8973, 43.073548, 606.1], [-7.897724, 43.073347, 610.0], [-7.898038, 43.073232, 612.9], [-7.898323, 43.073198, 614.1], [-7.89869, 43.073137, 615.8], [-7.898893, 43.073037, 616.2], [-7.899135, 43.072713, 617.5], [-7.899439, 43.072265, 618.0], [-7.899639, 43.071971, 618.0], [-7.899642, 43.07181, 618.9], [-7.899404, 43.071197, 622.1], [-7.899264, 43.070881, 623.5], [-7.899055, 43.070405, 623.2], [-7.898994, 43.070233, 622.3], [-7.899058, 43.070034, 621.9], [-7.899281, 43.069846, 621.0], [-7.899763, 43.069671, 621.1], [-7.900159, 43.069546, 619.7], [-7.90079, 43.069392, 618.0], [-7.901022, 43.069312, 617.0], [-7.901153, 43.069154, 617.0], [-7.901215, 43.068971, 617.2], [-7.90126, 43.068306, 612.8], [-7.901366, 43.067564, 608.5], [-7.90129, 43.066976, 605.7], [-7.901389, 43.06667, 603.0], [-7.901649, 43.066432, 601.0], [-7.902069, 43.066277, 601.6], [-7.902664, 43.066194, 602.6], [-7.903344, 43.06624, 602.7], [-7.904263, 43.066386, 601.9], [-7.904822, 43.066526, 601.1], [-7.905209, 43.066697, 601.0], [-7.90562, 43.066764, 600.0], [-7.905992, 43.06674, 601.0], [-7.906553, 43.06657, 600.7], [-7.9071, 43.066403, 599.0], [-7.907578, 43.066266, 598.0], [-7.907764, 43.06624, 598.7], [-7.908077, 43.066287, 600.5], [-7.908417, 43.066436, 601.9], [-7.909046, 43.066752, 604.0], [-7.909827, 43.067081, 609.0], [-7.910131, 43.067173, 610.9], [-7.910471, 43.067197, 613.3], [-7.91096, 43.067081, 615.5], [-7.911429, 43.06693, 617.5], [-7.911792, 43.066748, 620.0], [-7.913621, 43.065661, 623.0], [-7.913988, 43.065485, 622.6], [-7.914269, 43.065375, 622.0], [-7.914504, 43.065339, 622.0], [-7.915127, 43.065295, 619.0], [-7.916761, 43.065182, 610.9], [-7.917905, 43.065138, 613.0], [-7.918306, 43.065121, 614.0], [-7.918786, 43.065098, 616.0], [-7.91904, 43.065036, 617.0], [-7.919156, 43.064928, 617.0], [-7.919369, 43.064579, 616.7], [-7.919481, 43.06428, 615.2], [-7.919367, 43.063994, 614.0], [-7.919104, 43.063693, 614.7], [-7.918782, 43.063238, 621.4], [-7.918978, 43.06322, 623.7], [-7.919161, 43.063154, 626.1], [-7.919249, 43.06295, 629.0], [-7.91912, 43.062597, 634.1], [-7.919011, 43.06242, 636.6], [-7.918872, 43.062219, 639.2], [-7.918817, 43.062071, 641.5], [-7.918848, 43.061933, 643.8], [-7.918979, 43.061702, 646.6], [-7.919137, 43.061447, 650.1], [-7.919194, 43.061341, 651.4], [-7.919213, 43.061183, 653.0], [-7.919222, 43.060923, 655.0], [-7.919228, 43.060503, 657.0], [-7.919237, 43.060222, 658.0], [-7.91929, 43.059851, 661.0], [-7.919344, 43.059187, 666.0], [-7.919396, 43.058661, 670.7], [-7.919439, 43.058455, 672.4], [-7.919405, 43.058229, 675.0], [-7.919498, 43.058026, 677.0], [-7.919565, 43.057628, 681.5], [-7.919578, 43.057111, 685.2], [-7.91958, 43.056713, 687.7], [-7.919586, 43.056287, 688.3], [-7.919429, 43.055909, 690.1], [-7.919237, 43.055534, 692.0], [-7.918877, 43.055106, 695.0], [-7.918336, 43.054565, 698.0], [-7.918058, 43.054299, 698.0], [-7.917646, 43.053779, 696.0], [-7.917273, 43.053544, 696.0], [-7.916717, 43.053301, 695.6], [-7.916072, 43.053029, 695.0], [-7.915456, 43.052479, 694.0], [-7.914835, 43.05191, 693.0], [-7.914473, 43.051542, 691.0], [-7.914061, 43.050857, 689.0], [-7.913749, 43.050341, 688.0], [-7.913449, 43.049963, 687.0], [-7.912991, 43.049484, 684.0], [-7.911863, 43.048322, 678.2], [-7.910424, 43.046792, 668.0], [-7.909745, 43.046042, 661.0], [-7.9096, 43.045863, 659.1], [-7.909373, 43.045511, 656.0], [-7.908913, 43.044838, 649.2], [-7.908727, 43.044516, 647.0], [-7.908467, 43.043994, 644.0], [-7.908329, 43.043651, 642.0], [-7.908251, 43.043242, 640.0], [-7.908244, 43.042902, 638.5], [-7.908372, 43.042673, 637.0], [-7.908659, 43.042246, 633.0], [-7.909024, 43.041717, 628.0], [-7.909146, 43.041499, 627.0], [-7.909307, 43.041258, 626.0], [-7.909335, 43.041019, 626.2], [-7.909245, 43.040795, 628.0], [-7.909124, 43.040525, 630.4], [-7.909383, 43.040445, 631.0], [-7.910004, 43.040108, 631.9], [-7.910467, 43.039899, 634.7], [-7.910774, 43.039774, 636.9], [-7.910961, 43.039812, 639.0], [-7.9112, 43.039949, 642.0], [-7.911254, 43.039933, 642.9], [-7.911232, 43.039884, 643.2], [-7.911153, 43.03983, 643.0], [-7.911088, 43.039699, 643.3], [-7.911125, 43.039394, 644.2], [-7.911197, 43.039116, 645.7], [-7.911249, 43.038948, 646.8], [-7.91131, 43.038852, 647.0], [-7.911545, 43.038789, 649.2], [-7.911876, 43.038707, 651.2], [-7.912583, 43.038656, 653.0], [-7.913488, 43.038699, 651.0], [-7.913881, 43.038689, 649.3], [-7.914066, 43.038599, 649.0], [-7.914196, 43.038555, 648.8], [-7.914354, 43.038435, 648.0], [-7.914411, 43.038324, 648.3], [-7.914437, 43.03821, 649.0], [-7.91443, 43.038093, 649.0], [-7.914293, 43.03789, 649.3], [-7.914161, 43.037747, 650.1], [-7.913965, 43.037548, 652.0], [-7.913782, 43.037377, 653.9], [-7.913633, 43.037303, 654.7], [-7.913308, 43.03721, 655.1], [-7.912755, 43.037072, 656.5], [-7.912517, 43.036996, 657.0], [-7.91232, 43.036769, 658.0], [-7.912081, 43.036526, 659.0], [-7.911817, 43.036327, 659.0], [-7.911692, 43.036262, 659.0], [-7.911393, 43.03612, 660.0], [-7.910992, 43.035895, 662.5], [-7.910721, 43.035737, 666.3], [-7.910622, 43.035654, 668.2], [-7.910557, 43.035574, 670.0], [-7.910548, 43.035368, 672.0], [-7.910652, 43.035102, 674.0], [-7.910797, 43.034445, 677.7], [-7.91086, 43.034187, 678.6], [-7.910952, 43.033837, 681.1], [-7.911119, 43.033654, 683.2], [-7.911273, 43.033544, 684.6], [-7.91133, 43.033393, 686.8], [-7.911557, 43.033325, 687.1], [-7.911674, 43.033136, 689.1], [-7.911657, 43.033071, 689.4], [-7.913316, 43.032721, 692.4], [-7.914549, 43.032495, 696.0], [-7.914949, 43.032395, 698.0], [-7.91538, 43.032184, 700.7], [-7.916053, 43.032082, 704.0], [-7.916488, 43.032138, 706.7], [-7.91741, 43.032465, 709.6], [-7.918005, 43.032627, 710.4], [-7.918537, 43.032619, 708.3], [-7.920147, 43.032585, 705.0], [-7.926228, 43.032433, 703.0], [-7.930527, 43.03233, 704.0], [-7.932864, 43.032264, 696.0], [-7.933996, 43.032247, 691.0], [-7.934545, 43.032324, 689.0], [-7.935309, 43.032558, 685.3], [-7.935709, 43.032661, 684.0], [-7.936164, 43.032802, 681.8], [-7.936391, 43.032927, 680.1], [-7.936574, 43.033084, 679.6], [-7.936868, 43.033489, 677.0], [-7.937089, 43.033769, 675.4], [-7.93741, 43.034022, 674.0], [-7.937738, 43.03419, 671.9], [-7.938124, 43.034343, 670.0], [-7.939005, 43.034374, 667.0], [-7.939295, 43.034331, 666.0], [-7.939914, 43.034282, 663.6], [-7.940322, 43.03425, 662.6], [-7.940767, 43.034325, 661.0], [-7.941173, 43.034451, 658.8], [-7.9417, 43.034726, 657.0], [-7.942415, 43.035091, 654.2], [-7.943228, 43.03577, 649.4], [-7.943565, 43.036088, 647.0], [-7.94394, 43.036432, 645.2], [-7.944258, 43.036614, 644.1], [-7.94471, 43.03675, 642.0], [-7.94497, 43.036857, 640.6], [-7.945263, 43.037079, 639.2], [-7.945509, 43.037334, 637.1], [-7.945905, 43.037761, 634.1], [-7.94624, 43.038136, 631.9], [-7.946673, 43.038608, 629.0], [-7.9469, 43.038855, 627.0], [-7.947397, 43.039322, 623.5], [-7.947917, 43.039586, 621.1], [-7.948277, 43.039713, 620.0], [-7.94873, 43.039879, 618.0], [-7.949107, 43.039973, 615.8], [-7.949428, 43.039932, 614.3], [-7.949872, 43.039796, 613.0], [-7.950236, 43.039676, 611.0], [-7.950688, 43.039361, 609.0], [-7.951167, 43.039018, 606.4], [-7.95138, 43.038848, 606.0], [-7.951642, 43.038712, 606.9], [-7.951913, 43.038677, 607.0], [-7.952569, 43.038659, 607.0], [-7.953084, 43.038643, 607.0], [-7.953648, 43.038708, 609.1], [-7.953985, 43.038763, 611.2], [-7.954317, 43.038739, 612.7], [-7.954965, 43.038651, 616.6], [-7.955309, 43.038556, 618.9], [-7.955657, 43.038375, 620.5], [-7.955894, 43.038289, 622.3], [-7.956377, 43.038242, 625.1], [-7.956744, 43.038224, 627.8], [-7.957113, 43.038146, 630.0], [-7.95753, 43.037936, 633.4], [-7.95794, 43.037747, 635.0], [-7.958126, 43.03765, 636.0], [-7.958508, 43.037494, 636.4], [-7.958917, 43.037403, 637.0], [-7.959417, 43.03738, 637.0], [-7.960084, 43.037417, 637.8], [-7.960741, 43.037452, 639.0], [-7.962722, 43.037567, 637.0], [-7.963728, 43.037614, 637.0], [-7.964101, 43.037647, 637.0], [-7.96444, 43.038027, 636.0], [-7.964712, 43.038266, 636.0], [-7.965042, 43.038761, 637.0], [-7.965315, 43.03902, 638.0], [-7.965711, 43.03933, 639.0], [-7.966046, 43.039539, 640.0], [-7.966535, 43.039812, 641.1], [-7.966823, 43.040003, 643.0], [-7.967034, 43.040241, 643.9], [-7.967278, 43.040429, 644.0], [-7.967448, 43.040525, 644.0], [-7.967594, 43.040546, 644.2], [-7.968011, 43.040689, 645.9], [-7.968259, 43.040816, 647.3], [-7.968625, 43.04103, 649.0], [-7.968878, 43.041161, 648.0], [-7.969422, 43.041442, 647.6], [-7.96986, 43.041608, 648.0], [-7.970236, 43.041726, 648.0], [-7.970449, 43.041797, 649.0], [-7.970585, 43.041848, 649.0], [-7.970627, 43.041797, 649.0], [-7.970695, 43.041757, 649.1], [-7.970778, 43.041756, 650.0], [-7.971003, 43.041828, 651.0], [-7.971303, 43.041885, 651.7], [-7.971598, 43.041909, 651.4], [-7.971818, 43.041898, 651.0], [-7.972253, 43.041866, 653.0], [-7.972353, 43.041872, 652.9], [-7.972521, 43.041978, 651.2], [-7.972708, 43.042082, 649.8], [-7.972884, 43.042168, 649.5], [-7.973158, 43.042275, 649.2], [-7.973482, 43.042416, 652.3], [-7.973834, 43.042469, 654.0], [-7.974062, 43.042476, 652.6], [-7.974158, 43.042414, 652.6], [-7.974373, 43.042214, 651.9], [-7.974793, 43.041894, 646.6], [-7.974949, 43.041759, 643.0], [-7.974972, 43.041617, 642.1], [-7.975009, 43.041398, 641.8], [-7.97509, 43.041341, 640.1], [-7.975384, 43.041322, 639.0], [-7.975675, 43.041184, 638.8], [-7.975785, 43.041124, 638.5], [-7.975931, 43.041068, 638.1], [-7.976047, 43.040981, 638.9], [-7.97623, 43.040928, 638.0], [-7.976405, 43.040822, 637.1], [-7.97652, 43.040747, 637.0], [-7.976616, 43.040697, 636.0], [-7.976662, 43.040651, 635.6], [-7.976742, 43.040566, 635.1], [-7.976979, 43.040413, 633.7], [-7.977303, 43.040205, 633.0], [-7.977431, 43.040109, 633.0], [-7.977766, 43.039806, 633.0], [-7.978048, 43.039689, 632.0], [-7.978382, 43.039539, 628.3], [-7.978542, 43.039509, 627.9], [-7.978707, 43.039517, 626.8], [-7.979513, 43.039572, 625.1], [-7.979979, 43.039604, 624.3], [-7.980555, 43.039685, 622.5], [-7.980807, 43.039671, 622.7], [-7.981042, 43.03955, 622.1], [-7.981273, 43.039367, 622.5], [-7.981392, 43.039182, 622.6], [-7.981441, 43.03889, 623.6], [-7.981476, 43.038659, 622.7], [-7.981585, 43.038433, 621.5], [-7.98169, 43.038232, 620.3], [-7.981755, 43.038139, 619.5], [-7.981918, 43.038045, 619.5], [-7.982194, 43.0379, 619.0], [-7.982448, 43.037771, 618.0], [-7.98257, 43.037745, 618.0], [-7.982724, 43.037725, 617.0], [-7.982798, 43.037737, 616.8], [-7.982912, 43.037762, 615.9], [-7.98304, 43.037719, 615.0], [-7.983173, 43.037677, 614.7], [-7.983472, 43.03763, 613.0], [-7.983642, 43.037652, 611.5], [-7.983905, 43.037726, 610.0], [-7.984266, 43.037816, 608.3], [-7.98457, 43.037872, 607.3], [-7.984898, 43.037882, 605.7], [-7.985134, 43.037879, 604.0], [-7.985326, 43.037846, 603.4], [-7.985516, 43.037802, 603.0], [-7.985791, 43.037782, 602.0], [-7.986069, 43.03773, 601.6], [-7.986347, 43.037679, 601.2], [-7.986558, 43.037656, 601.4], [-7.986676, 43.037704, 601.7], [-7.986866, 43.037671, 602.0], [-7.987269, 43.037586, 603.3], [-7.987793, 43.03758, 603.0], [-7.98821, 43.037542, 603.4], [-7.988694, 43.037382, 603.3], [-7.989589, 43.037204, 596.5], [-7.99005, 43.037056, 592.0], [-7.990693, 43.037034, 589.0], [-7.991033, 43.037053, 586.6], [-7.991461, 43.037057, 585.0], [-7.991987, 43.037104, 583.0], [-7.992409, 43.03712, 580.0], [-7.993096, 43.037131, 575.2], [-7.993956, 43.037207, 567.5], [-7.994551, 43.03736, 562.0], [-7.995077, 43.037538, 559.4], [-7.995533, 43.037597, 558.8], [-7.995813, 43.037591, 558.9], [-7.996555, 43.037474, 559.8], [-7.997127, 43.037367, 560.2], [-7.997771, 43.037259, 560.0], [-7.998602, 43.03711, 559.0], [-8.000382, 43.036781, 552.0], [-8.001584, 43.036562, 547.7], [-8.00272, 43.036455, 543.0], [-8.003302, 43.036415, 541.0], [-8.003949, 43.036513, 538.4], [-8.004558, 43.036567, 535.6], [-8.005145, 43.036534, 531.9], [-8.005676, 43.036466, 527.0], [-8.005846, 43.036472, 525.4], [-8.005994, 43.036532, 524.7], [-8.006401, 43.036539, 523.2], [-8.006733, 43.036471, 521.6], [-8.007194, 43.036355, 520.1], [-8.007314, 43.036334, 519.7], [-8.007468, 43.036337, 518.2], [-8.007949, 43.036509, 515.3], [-8.008231, 43.036612, 514.0], [-8.0089, 43.036671, 512.8], [-8.0094, 43.036684, 510.8], [-8.009834, 43.036619, 511.0], [-8.010189, 43.036685, 511.0], [-8.010671, 43.037128, 509.7], [-8.01109, 43.037521, 510.3], [-8.011393, 43.037669, 509.9], [-8.011743, 43.037746, 509.9], [-8.012391, 43.037782, 510.0], [-8.013159, 43.037953, 511.0], [-8.013516, 43.038056, 511.0], [-8.015199, 43.038487, 512.0], [-8.015349, 43.038452, 512.0], [-8.01583, 43.038475, 514.0], [-8.016242, 43.038526, 515.0], [-8.016632, 43.03854, 513.7], [-8.016992, 43.038649, 512.1], [-8.017241, 43.03874, 512.1], [-8.017733, 43.038891, 510.0], [-8.017858, 43.038914, 510.8], [-8.018006, 43.038876, 511.0], [-8.018309, 43.038816, 510.1], [-8.018711, 43.038852, 510.3], [-8.019237, 43.038908, 511.0], [-8.019777, 43.038922, 511.9], [-8.019988, 43.038938, 512.0], [-8.020515, 43.039069, 513.8], [-8.021129, 43.039311, 516.0], [-8.021388, 43.039457, 516.3], [-8.02174, 43.039726, 515.9], [-8.021829, 43.039754, 515.4], [-8.02202, 43.039896, 511.7], [-8.022193, 43.040038, 507.6], [-8.022299, 43.040595, 506.0], [-8.022412, 43.040634, 506.0]]}}, {"type": "Feature", "properties": {"order": 30, "group": "camino-del-norte-irun-arzua", "source_file": "31a-sobrado-arzua.gpx", "reversed_from_source": true, "point_count": 516, "source": "CNIG/IGN - Rutas de Caminos de Santiago 2020-2026 (datos FEAACS)", "license": "CC-BY 4.0", "attribution": "Obra derivada de Rutas de Caminos de Santiago 2020-2026 CC-BY 4.0 FEAACS"}, "geometry": {"type": "LineString", "coordinates": [[-8.022412, 43.040634, 506.0], [-8.022714, 43.040529, 504.0], [-8.023256, 43.040398, 502.0], [-8.024949, 43.040071, 502.0], [-8.02513, 43.040073, 502.0], [-8.025323, 43.040143, 503.0], [-8.025832, 43.040195, 506.0], [-8.026469, 43.040311, 508.0], [-8.026619, 43.040308, 508.0], [-8.02678, 43.040268, 508.0], [-8.026994, 43.040155, 508.0], [-8.027256, 43.040042, 508.0], [-8.027501, 43.039975, 508.6], [-8.02766, 43.03992, 508.7], [-8.027945, 43.039757, 508.6], [-8.028206, 43.039608, 508.8], [-8.028562, 43.039307, 508.0], [-8.028846, 43.038985, 508.0], [-8.029323, 43.038219, 508.0], [-8.029336, 43.038111, 508.2], [-8.029047, 43.037581, 507.9], [-8.028824, 43.037077, 504.8], [-8.028781, 43.036868, 503.0], [-8.028768, 43.036621, 500.5], [-8.028431, 43.036418, 496.0], [-8.028416, 43.036365, 496.0], [-8.028555, 43.036282, 496.0], [-8.02891, 43.036183, 496.0], [-8.029258, 43.036001, 494.0], [-8.030534, 43.034967, 488.0], [-8.030818, 43.0347, 486.9], [-8.030846, 43.03465, 486.0], [-8.03099, 43.034549, 486.0], [-8.031103, 43.034394, 485.0], [-8.03113, 43.034102, 482.0], [-8.031297, 43.034018, 482.0], [-8.031672, 43.033649, 481.0], [-8.032221, 43.033245, 482.0], [-8.032955, 43.032686, 483.0], [-8.033764, 43.032237, 485.0], [-8.034831, 43.031678, 489.0], [-8.03602, 43.031074, 492.0], [-8.037598, 43.030278, 494.0], [-8.037957, 43.030071, 496.0], [-8.038491, 43.029663, 496.2], [-8.038713, 43.029466, 495.5], [-8.038723, 43.029416, 496.0], [-8.038932, 43.029287, 493.7], [-8.039481, 43.02886, 488.1], [-8.039903, 43.028549, 486.8], [-8.04018, 43.028364, 486.1], [-8.040493, 43.028204, 486.0], [-8.040999, 43.027939, 487.1], [-8.041163, 43.027846, 486.4], [-8.041229, 43.027746, 486.2], [-8.04179, 43.027241, 485.1], [-8.042218, 43.026957, 484.0], [-8.042579, 43.026609, 483.8], [-8.042749, 43.026531, 484.9], [-8.043206, 43.026136, 492.2], [-8.043561, 43.025902, 495.0], [-8.043702, 43.025822, 496.2], [-8.043997, 43.025663, 497.8], [-8.044324, 43.025458, 500.4], [-8.044552, 43.025324, 502.2], [-8.04482, 43.025195, 504.0], [-8.045137, 43.025041, 507.0], [-8.045476, 43.024879, 509.0], [-8.045638, 43.024818, 511.6], [-8.045914, 43.02471, 515.0], [-8.046409, 43.024528, 520.6], [-8.046791, 43.0244, 524.3], [-8.047025, 43.024381, 526.8], [-8.047588, 43.024349, 533.0], [-8.047782, 43.024346, 534.6], [-8.048143, 43.024315, 537.0], [-8.048376, 43.024257, 538.0], [-8.048579, 43.024196, 538.0], [-8.048956, 43.024019, 539.0], [-8.049184, 43.023858, 539.0], [-8.049368, 43.023713, 539.1], [-8.049529, 43.023578, 539.4], [-8.049694, 43.023472, 540.0], [-8.049939, 43.023281, 540.0], [-8.050223, 43.023063, 540.9], [-8.050521, 43.02284, 542.6], [-8.050739, 43.022619, 545.0], [-8.050866, 43.022501, 547.0], [-8.051597, 43.022093, 555.4], [-8.052208, 43.021738, 558.0], [-8.05246, 43.021591, 559.1], [-8.052793, 43.02143, 560.0], [-8.053061, 43.021319, 559.3], [-8.053278, 43.021205, 558.1], [-8.053504, 43.021063, 557.0], [-8.053821, 43.020876, 554.3], [-8.054043, 43.020734, 551.9], [-8.054157, 43.020651, 550.6], [-8.054198, 43.020578, 550.0], [-8.05424, 43.02052, 548.9], [-8.054373, 43.020437, 547.2], [-8.054524, 43.020392, 547.0], [-8.05476, 43.020345, 546.0], [-8.05481, 43.020338, 545.6], [-8.055348, 43.020261, 542.2], [-8.055669, 43.02022, 541.0], [-8.055733, 43.020194, 541.0], [-8.056164, 43.019945, 540.0], [-8.056334, 43.01979, 539.9], [-8.056418, 43.019664, 539.0], [-8.056656, 43.019508, 539.0], [-8.056738, 43.019473, 539.0], [-8.05683, 43.019409, 539.0], [-8.056895, 43.019377, 539.0], [-8.058649, 43.017951, 535.1], [-8.058877, 43.017785, 535.0], [-8.059004, 43.017789, 535.8], [-8.059135, 43.017799, 535.4], [-8.05929, 43.017798, 537.2], [-8.059583, 43.017713, 538.2], [-8.05999, 43.017504, 538.4], [-8.060203, 43.017453, 539.9], [-8.060448, 43.01744, 540.5], [-8.060756, 43.017373, 541.3], [-8.06097, 43.017297, 541.9], [-8.061126, 43.017303, 542.3], [-8.061244, 43.017337, 543.0], [-8.061614, 43.017489, 545.9], [-8.061963, 43.017696, 548.5], [-8.062181, 43.017823, 548.7], [-8.062556, 43.018033, 549.8], [-8.062731, 43.018087, 550.2], [-8.06296, 43.018126, 551.2], [-8.063177, 43.018155, 551.1], [-8.063478, 43.018182, 551.0], [-8.063614, 43.018216, 551.9], [-8.063683, 43.018257, 552.3], [-8.063875, 43.01834, 552.3], [-8.06403, 43.018426, 552.0], [-8.064271, 43.018488, 551.1], [-8.064376, 43.018425, 550.3], [-8.06458, 43.018183, 547.0], [-8.06468, 43.018096, 546.0], [-8.064761, 43.018048, 545.3], [-8.065004, 43.01805, 543.4], [-8.065291, 43.018042, 541.7], [-8.065404, 43.018074, 542.5], [-8.065552, 43.018148, 541.2], [-8.065863, 43.01823, 540.3], [-8.066037, 43.018283, 540.1], [-8.066228, 43.018313, 541.6], [-8.066431, 43.018343, 542.6], [-8.06663, 43.018363, 544.0], [-8.066751, 43.018379, 545.2], [-8.066803, 43.018375, 545.8], [-8.066897, 43.018378, 546.7], [-8.067041, 43.01838, 548.1], [-8.067121, 43.018382, 549.4], [-8.067279, 43.018368, 551.0], [-8.067418, 43.018364, 552.0], [-8.06769, 43.018377, 553.0], [-8.067876, 43.01838, 554.0], [-8.067996, 43.018374, 554.0], [-8.068121, 43.018359, 554.0], [-8.068632, 43.018304, 554.0], [-8.069047, 43.018251, 555.0], [-8.069169, 43.018239, 555.0], [-8.069552, 43.018194, 555.0], [-8.070122, 43.01812, 552.4], [-8.070375, 43.018079, 552.0], [-8.070687, 43.017998, 551.0], [-8.071238, 43.017841, 551.0], [-8.071369, 43.017707, 550.0], [-8.071477, 43.017534, 548.0], [-8.071613, 43.017345, 546.4], [-8.071986, 43.016969, 543.0], [-8.072016, 43.016936, 543.0], [-8.072039, 43.016879, 542.2], [-8.072228, 43.016698, 539.7], [-8.072279, 43.016651, 539.0], [-8.072442, 43.01658, 538.2], [-8.072815, 43.016516, 536.4], [-8.073, 43.016485, 535.1], [-8.073853, 43.016349, 530.0], [-8.074268, 43.016277, 527.5], [-8.075037, 43.016151, 522.6], [-8.075168, 43.016139, 521.4], [-8.075269, 43.016145, 520.7], [-8.075312, 43.016158, 520.0], [-8.07541, 43.016177, 519.5], [-8.075666, 43.016236, 518.3], [-8.075985, 43.016292, 516.1], [-8.076065, 43.016293, 515.0], [-8.076149, 43.016278, 514.9], [-8.076379, 43.016274, 513.3], [-8.076507, 43.016245, 512.1], [-8.076599, 43.016238, 511.2], [-8.076937, 43.016246, 508.0], [-8.07708, 43.01626, 507.0], [-8.077128, 43.016358, 506.7], [-8.077232, 43.016533, 506.3], [-8.077267, 43.016591, 506.2], [-8.077491, 43.016797, 506.4], [-8.077619, 43.01684, 505.0], [-8.077681, 43.016858, 505.0], [-8.077815, 43.016874, 504.3], [-8.078138, 43.016886, 504.0], [-8.078379, 43.016886, 503.9], [-8.078701, 43.016864, 503.7], [-8.078838, 43.016854, 503.6], [-8.079115, 43.016791, 503.5], [-8.079203, 43.016773, 503.2], [-8.079262, 43.016718, 503.6], [-8.07926, 43.016656, 503.6], [-8.079261, 43.016594, 503.7], [-8.079361, 43.016364, 502.0], [-8.079409, 43.016215, 501.0], [-8.079453, 43.016155, 500.7], [-8.079515, 43.016086, 500.1], [-8.079592, 43.016011, 499.0], [-8.079708, 43.015965, 498.2], [-8.079984, 43.015961, 497.0], [-8.080116, 43.015956, 495.9], [-8.080276, 43.015976, 494.5], [-8.080383, 43.016035, 494.2], [-8.080495, 43.016086, 493.7], [-8.080647, 43.016153, 492.9], [-8.080792, 43.016226, 492.9], [-8.080897, 43.016275, 493.1], [-8.081144, 43.016326, 491.6], [-8.081344, 43.016359, 491.1], [-8.081523, 43.016392, 490.0], [-8.081777, 43.016443, 489.4], [-8.081898, 43.016458, 488.9], [-8.082118, 43.016477, 487.5], [-8.082407, 43.016475, 487.6], [-8.082522, 43.016475, 486.9], [-8.082701, 43.016424, 487.0], [-8.082897, 43.016399, 487.7], [-8.083149, 43.016367, 488.1], [-8.083304, 43.016343, 488.7], [-8.083394, 43.016334, 488.9], [-8.08356, 43.01633, 489.3], [-8.08384, 43.016303, 489.3], [-8.084108, 43.016314, 490.0], [-8.084284, 43.016319, 491.1], [-8.084588, 43.016328, 492.0], [-8.084697, 43.016333, 491.2], [-8.084969, 43.016234, 489.0], [-8.085208, 43.016265, 488.0], [-8.085382, 43.016262, 487.0], [-8.085563, 43.016239, 484.7], [-8.085619, 43.016246, 484.1], [-8.085967, 43.016283, 482.0], [-8.086483, 43.016454, 477.3], [-8.086685, 43.01653, 476.2], [-8.086999, 43.016606, 475.3], [-8.087568, 43.01665, 471.9], [-8.088199, 43.016757, 468.5], [-8.089019, 43.016807, 463.8], [-8.089814, 43.016873, 462.9], [-8.090505, 43.016926, 462.8], [-8.090947, 43.014796, 463.0], [-8.091058, 43.014058, 464.0], [-8.092551, 43.014195, 461.9], [-8.094029, 43.014433, 461.5], [-8.094184, 43.014347, 463.0], [-8.099029, 43.014909, 462.6], [-8.10438, 43.01555, 463.0], [-8.104672, 43.015565, 463.6], [-8.104979, 43.015561, 464.0], [-8.105592, 43.015554, 465.1], [-8.106023, 43.015533, 466.0], [-8.10629, 43.015537, 465.4], [-8.106851, 43.015751, 464.9], [-8.107175, 43.015928, 464.0], [-8.10754, 43.016093, 464.0], [-8.107962, 43.016147, 464.0], [-8.114161, 43.016482, 467.1], [-8.115895, 43.016594, 470.0], [-8.117809, 43.016695, 473.0], [-8.118095, 43.016679, 474.0], [-8.118343, 43.016469, 476.0], [-8.118739, 43.015959, 478.2], [-8.119054, 43.015656, 479.0], [-8.120188, 43.015095, 478.0], [-8.121233, 43.014578, 477.0], [-8.121872, 43.014233, 477.0], [-8.12273, 43.013692, 477.0], [-8.123433, 43.013225, 476.6], [-8.123856, 43.01284, 476.1], [-8.124306, 43.01236, 476.0], [-8.124619, 43.01198, 476.0], [-8.124951, 43.011208, 476.0], [-8.125681, 43.00938, 481.0], [-8.126028, 43.008509, 483.0], [-8.12618, 43.008262, 484.0], [-8.127181, 43.007297, 487.0], [-8.128498, 43.005923, 486.0], [-8.128975, 43.005406, 486.0], [-8.129652, 43.004672, 485.0], [-8.130581, 43.00387, 482.0], [-8.131645, 43.003012, 481.0], [-8.132523, 43.002298, 484.0], [-8.133109, 43.002166, 486.0], [-8.133431, 43.001956, 486.0], [-8.133838, 43.001279, 484.0], [-8.134251, 43.000472, 477.0], [-8.134336, 43.000275, 476.0], [-8.13453, 43.00004, 474.0], [-8.134699, 42.99978, 472.5], [-8.134895, 42.99947, 471.0], [-8.13497, 42.999349, 470.0], [-8.135491, 42.999108, 468.0], [-8.136058, 42.998852, 467.0], [-8.136041, 42.998715, 467.0], [-8.136192, 42.998126, 465.0], [-8.136264, 42.99758, 463.6], [-8.136366, 42.997092, 463.0], [-8.136557, 42.996011, 460.0], [-8.136669, 42.995428, 459.4], [-8.136716, 42.995057, 459.0], [-8.136972, 42.994247, 458.0], [-8.137154, 42.993856, 458.2], [-8.137389, 42.993555, 458.2], [-8.137672, 42.993349, 457.9], [-8.137954, 42.993233, 457.6], [-8.138233, 42.993126, 456.0], [-8.139131, 42.992818, 452.9], [-8.139722, 42.992619, 451.0], [-8.140337, 42.992407, 448.6], [-8.140778, 42.992259, 446.0], [-8.141279, 42.992077, 442.9], [-8.141905, 42.991897, 439.0], [-8.142246, 42.991797, 435.7], [-8.142912, 42.991529, 431.0], [-8.143415, 42.991372, 428.0], [-8.143768, 42.991254, 425.1], [-8.144107, 42.991063, 422.3], [-8.144598, 42.990596, 417.9], [-8.145356, 42.989847, 410.0], [-8.146062, 42.989057, 402.7], [-8.146372, 42.988768, 399.2], [-8.146805, 42.98828, 394.5], [-8.147089, 42.987895, 391.0], [-8.1474, 42.987424, 387.6], [-8.147573, 42.987187, 385.5], [-8.14812, 42.986774, 381.0], [-8.148392, 42.986583, 378.2], [-8.148549, 42.986543, 376.8], [-8.148866, 42.986515, 375.2], [-8.149754, 42.986501, 381.0], [-8.150444, 42.986502, 385.0], [-8.151749, 42.986464, 390.0], [-8.152083, 42.98641, 390.0], [-8.152446, 42.98627, 389.5], [-8.152766, 42.986105, 389.1], [-8.153094, 42.985841, 388.0], [-8.153409, 42.985606, 386.6], [-8.153586, 42.985414, 385.0], [-8.153802, 42.985218, 383.0], [-8.15403, 42.985109, 381.3], [-8.154244, 42.985055, 380.0], [-8.154677, 42.985048, 377.0], [-8.15503, 42.985001, 375.0], [-8.155331, 42.98492, 373.0], [-8.155708, 42.98468, 370.0], [-8.156258, 42.984216, 368.0], [-8.156665, 42.983909, 369.2], [-8.156851, 42.983703, 371.1], [-8.156949, 42.983463, 373.7], [-8.157167, 42.982843, 378.9], [-8.15728, 42.982478, 379.0], [-8.157333, 42.982193, 379.0], [-8.157336, 42.981905, 379.0], [-8.157395, 42.9816, 378.8], [-8.157658, 42.981117, 379.0], [-8.157933, 42.980683, 379.0], [-8.15824, 42.980265, 380.0], [-8.158751, 42.979809, 382.2], [-8.159047, 42.979541, 383.0], [-8.159527, 42.97921, 385.0], [-8.159761, 42.97907, 386.3], [-8.15992, 42.978944, 387.0], [-8.159257, 42.978229, 382.3], [-8.158844, 42.977768, 381.0], [-8.158754, 42.97765, 380.0], [-8.158704, 42.976679, 378.0], [-8.158663, 42.976275, 377.0], [-8.158576, 42.975986, 377.0], [-8.158434, 42.975792, 377.0], [-8.158208, 42.975589, 377.0], [-8.158052, 42.975448, 376.5], [-8.157794, 42.975297, 376.0], [-8.157556, 42.97516, 376.0], [-8.157466, 42.974973, 376.0], [-8.157531, 42.974773, 377.0], [-8.157747, 42.974556, 378.0], [-8.158012, 42.97431, 378.0], [-8.158123, 42.974186, 378.0], [-8.158216, 42.974072, 378.0], [-8.158208, 42.973951, 378.0], [-8.158086, 42.973043, 378.0], [-8.158063, 42.972779, 378.0], [-8.158105, 42.972612, 378.0], [-8.158265, 42.97235, 378.0], [-8.158313, 42.972204, 378.0], [-8.158143, 42.972028, 378.0], [-8.157885, 42.971886, 378.0], [-8.157758, 42.97171, 378.0], [-8.157638, 42.971413, 377.0], [-8.157415, 42.97082, 374.0], [-8.157244, 42.970404, 372.0], [-8.156984, 42.969709, 370.0], [-8.156768, 42.969195, 368.0], [-8.156642, 42.968848, 366.3], [-8.156597, 42.968502, 365.0], [-8.156563, 42.968388, 364.0], [-8.156495, 42.968162, 364.0], [-8.156452, 42.968014, 363.0], [-8.156304, 42.967672, 363.0], [-8.156149, 42.967392, 362.4], [-8.155946, 42.966815, 362.0], [-8.155574, 42.966307, 360.1], [-8.155074, 42.96568, 358.0], [-8.154722, 42.965174, 356.0], [-8.154475, 42.964881, 355.0], [-8.154151, 42.964491, 354.0], [-8.153933, 42.964242, 354.0], [-8.153674, 42.964092, 354.0], [-8.153428, 42.964003, 354.0], [-8.152916, 42.963802, 353.0], [-8.152611, 42.963681, 353.0], [-8.152201, 42.963386, 350.0], [-8.151582, 42.962908, 346.0], [-8.150625, 42.962167, 340.5], [-8.150519, 42.961988, 339.0], [-8.150687, 42.961309, 335.0], [-8.150784, 42.960934, 333.0], [-8.150814, 42.96067, 332.1], [-8.150785, 42.960484, 333.0], [-8.150688, 42.960342, 334.0], [-8.150406, 42.960158, 336.7], [-8.150133, 42.960035, 338.7], [-8.14995, 42.960028, 340.7], [-8.149857, 42.959953, 342.0], [-8.150076, 42.959709, 343.0], [-8.150052, 42.959573, 344.0], [-8.150025, 42.959439, 345.0], [-8.149097, 42.958336, 344.4], [-8.148974, 42.95818, 342.9], [-8.148923, 42.958082, 341.7], [-8.148923, 42.957951, 340.0], [-8.148982, 42.957776, 339.0], [-8.149144, 42.95747, 337.0], [-8.149295, 42.957233, 336.0], [-8.149859, 42.956228, 339.0], [-8.150161, 42.955638, 343.0], [-8.150242, 42.955389, 344.0], [-8.150303, 42.955021, 345.0], [-8.150339, 42.954547, 344.2], [-8.150467, 42.953353, 343.9], [-8.150506, 42.95305, 343.9], [-8.150726, 42.952456, 343.3], [-8.151199, 42.951494, 340.6], [-8.151368, 42.950836, 338.0], [-8.151673, 42.949625, 328.6], [-8.152024, 42.948185, 324.0], [-8.152265, 42.947214, 325.6], [-8.152424, 42.946596, 326.0], [-8.152523, 42.94632, 327.0], [-8.152542, 42.945937, 324.9], [-8.152613, 42.945154, 322.1], [-8.152704, 42.943944, 322.2], [-8.152736, 42.943495, 324.0], [-8.152825, 42.942513, 331.0], [-8.152992, 42.940428, 340.0], [-8.153022, 42.939915, 340.8], [-8.153093, 42.939015, 347.0], [-8.153108, 42.938758, 348.0], [-8.153057, 42.938305, 347.7], [-8.153186, 42.937964, 348.0], [-8.153296, 42.937717, 349.0], [-8.15375, 42.937493, 352.1], [-8.153422, 42.937169, 355.4], [-8.153256, 42.937024, 357.3], [-8.153232, 42.936948, 358.5], [-8.153186, 42.936692, 361.2], [-8.153181, 42.93656, 363.0], [-8.153164, 42.936446, 364.0], [-8.153079, 42.936314, 365.7], [-8.153357, 42.936101, 370.6], [-8.153399, 42.93605, 371.0], [-8.15338, 42.936015, 371.0], [-8.153678, 42.93583, 373.0], [-8.153827, 42.935598, 375.0], [-8.15398, 42.935123, 381.0], [-8.154151, 42.934732, 385.9], [-8.154228, 42.934335, 391.5], [-8.154419, 42.933864, 396.8], [-8.154802, 42.93323, 402.5], [-8.155479, 42.932502, 408.0], [-8.155896, 42.93202, 411.0], [-8.156397, 42.931732, 412.0], [-8.157539, 42.931257, 412.0], [-8.158521, 42.930614, 406.0], [-8.159074, 42.930277, 404.0], [-8.159533, 42.929808, 402.0], [-8.160329, 42.929045, 400.0], [-8.160672, 42.928721, 398.0], [-8.16079, 42.928498, 397.0], [-8.160864, 42.928171, 395.0], [-8.160851, 42.927773, 392.0], [-8.160724, 42.927739, 392.0], [-8.160511, 42.927331, 387.0], [-8.160505, 42.927163, 385.4]]}}, {"type": "Feature", "properties": {"order": 31, "group": "convergencia-arzua-santiago", "source_file": "frances-31a-arzua-pedrouzo.gpx", "reversed_from_source": false, "point_count": 372, "source": "CNIG/IGN - Rutas de Caminos de Santiago 2020-2026 (datos FEAACS)", "license": "CC-BY 4.0", "attribution": "Obra derivada de Rutas de Caminos de Santiago 2020-2026 CC-BY 4.0 FEAACS"}, "geometry": {"type": "LineString", "coordinates": [[-8.163872, 42.926239, 382.2], [-8.164235, 42.926242, 379.7], [-8.164794, 42.926275, 376.8], [-8.164982, 42.926397, 376.0], [-8.165136, 42.926344, 374.6], [-8.165355, 42.926315, 373.7], [-8.165651, 42.92636, 371.1], [-8.166218, 42.926588, 366.5], [-8.166772, 42.926771, 362.7], [-8.167271, 42.926813, 359.7], [-8.167774, 42.92681, 355.9], [-8.168101, 42.926808, 352.2], [-8.169782, 42.927148, 337.1], [-8.170109, 42.927146, 335.0], [-8.170525, 42.927049, 333.4], [-8.171067, 42.926966, 334.4], [-8.171596, 42.926956, 339.5], [-8.171868, 42.927034, 341.6], [-8.172426, 42.927262, 346.5], [-8.173067, 42.927421, 350.2], [-8.173529, 42.927446, 352.1], [-8.173863, 42.927321, 351.0], [-8.174072, 42.927071, 350.3], [-8.174155, 42.926788, 349.8], [-8.174221, 42.926526, 349.6], [-8.174591, 42.926295, 349.3], [-8.175954, 42.925798, 345.2], [-8.177286, 42.925355, 337.0], [-8.177897, 42.925256, 332.5], [-8.178598, 42.925289, 326.1], [-8.179244, 42.925298, 321.5], [-8.179974, 42.925577, 316.2], [-8.18018, 42.925613, 313.9], [-8.180353, 42.92556, 312.6], [-8.180433, 42.925349, 312.2], [-8.180505, 42.925053, 310.2], [-8.180648, 42.924859, 309.1], [-8.180983, 42.92474, 308.4], [-8.182465, 42.924601, 313.6], [-8.182779, 42.924555, 318.2], [-8.183228, 42.92432, 322.9], [-8.183557, 42.924247, 327.0], [-8.183938, 42.924249, 329.9], [-8.184315, 42.92422, 333.5], [-8.184595, 42.92407, 333.9], [-8.184757, 42.923901, 333.2], [-8.184875, 42.923616, 334.0], [-8.184987, 42.923267, 333.7], [-8.18516, 42.922902, 333.6], [-8.185462, 42.922707, 333.7], [-8.1859, 42.922655, 335.9], [-8.18632, 42.922707, 337.7], [-8.18672, 42.922631, 341.0], [-8.187008, 42.922585, 343.1], [-8.187195, 42.922707, 343.8], [-8.187564, 42.922782, 346.4], [-8.187824, 42.922821, 349.2], [-8.187989, 42.923002, 352.2], [-8.188128, 42.923074, 355.7], [-8.188355, 42.923148, 355.4], [-8.188558, 42.923035, 358.9], [-8.189182, 42.924253, 364.9], [-8.189677, 42.925406, 368.6], [-8.189914, 42.926018, 370.0], [-8.190092, 42.926134, 370.4], [-8.190354, 42.926193, 371.3], [-8.192827, 42.926185, 380.2], [-8.19315, 42.926242, 382.5], [-8.1941, 42.926504, 384.8], [-8.194494, 42.926564, 385.3], [-8.19489, 42.926643, 385.7], [-8.195071, 42.926694, 386.0], [-8.195562, 42.926645, 386.6], [-8.196029, 42.926624, 386.6], [-8.196397, 42.92638, 385.1], [-8.196767, 42.926156, 383.6], [-8.197241, 42.926004, 380.3], [-8.197667, 42.92592, 377.7], [-8.198044, 42.925987, 372.8], [-8.198421, 42.926373, 368.5], [-8.199057, 42.926889, 359.7], [-8.199482, 42.927214, 355.9], [-8.199917, 42.927344, 352.9], [-8.200736, 42.927722, 351.1], [-8.20134, 42.927656, 353.7], [-8.201759, 42.927702, 358.8], [-8.202164, 42.927781, 362.7], [-8.202565, 42.927717, 366.1], [-8.203508, 42.927681, 372.9], [-8.204358, 42.927493, 378.3], [-8.204972, 42.927439, 381.9], [-8.205636, 42.927454, 385.4], [-8.206353, 42.927564, 387.9], [-8.207635, 42.927577, 392.0], [-8.208337, 42.927825, 395.2], [-8.209098, 42.928154, 398.7], [-8.209857, 42.92845, 401.7], [-8.210897, 42.92863, 400.2], [-8.211905, 42.928746, 397.4], [-8.212844, 42.928775, 396.9], [-8.213759, 42.928831, 397.6], [-8.214332, 42.928701, 397.6], [-8.215036, 42.928351, 399.2], [-8.215539, 42.928139, 398.9], [-8.216395, 42.927808, 394.1], [-8.216895, 42.927656, 384.0], [-8.217924, 42.92718, 388.4], [-8.218015, 42.927001, 387.7], [-8.221308, 42.926136, 382.0], [-8.221884, 42.925954, 384.3], [-8.222322, 42.925902, 385.6], [-8.222775, 42.925927, 387.5], [-8.223192, 42.925843, 387.6], [-8.223586, 42.925695, 388.1], [-8.223987, 42.925521, 388.4], [-8.224387, 42.92534, 388.0], [-8.22477, 42.925161, 386.9], [-8.225795, 42.924848, 386.1], [-8.226294, 42.924585, 384.6], [-8.22674, 42.92422, 382.5], [-8.227072, 42.923958, 382.1], [-8.228114, 42.92343, 384.8], [-8.228645, 42.923237, 389.7], [-8.229118, 42.922865, 392.6], [-8.229609, 42.922616, 396.3], [-8.230741, 42.922213, 395.0], [-8.231291, 42.922123, 392.9], [-8.23307, 42.921328, 387.0], [-8.233689, 42.921027, 386.6], [-8.233876, 42.92094, 385.7], [-8.234513, 42.92084, 384.1], [-8.235573, 42.920421, 385.9], [-8.237056, 42.920399, 377.4], [-8.237271, 42.920337, 375.6], [-8.237554, 42.919915, 371.6], [-8.23778, 42.919768, 370.3], [-8.239109, 42.919188, 369.0], [-8.239602, 42.918958, 366.3], [-8.239992, 42.918654, 362.7], [-8.240306, 42.9184, 357.4], [-8.24049, 42.918179, 355.8], [-8.240871, 42.918082, 353.6], [-8.241617, 42.91771, 348.6], [-8.241777, 42.917679, 348.0], [-8.242013, 42.917824, 346.6], [-8.242313, 42.917893, 344.2], [-8.242796, 42.918039, 342.1], [-8.243125, 42.918179, 339.2], [-8.243244, 42.918199, 338.5], [-8.2434, 42.918097, 338.0], [-8.24348, 42.917929, 337.2], [-8.243637, 42.917974, 335.5], [-8.244003, 42.917992, 334.4], [-8.244371, 42.917964, 334.6], [-8.2445, 42.917891, 334.7], [-8.244706, 42.917847, 335.1], [-8.245276, 42.917787, 338.0], [-8.245802, 42.917746, 339.7], [-8.246124, 42.917894, 341.0], [-8.248149, 42.918229, 347.8], [-8.250581, 42.91867, 356.8], [-8.251287, 42.918877, 361.1], [-8.251884, 42.919246, 364.0], [-8.252763, 42.919699, 368.8], [-8.253076, 42.920159, 372.3], [-8.25328, 42.920474, 372.8], [-8.253723, 42.920902, 374.0], [-8.254164, 42.9212, 375.7], [-8.254634, 42.921321, 378.2], [-8.25558, 42.921647, 380.3], [-8.25652, 42.922098, 375.9], [-8.256931, 42.922254, 375.5], [-8.257601, 42.922334, 375.7], [-8.258873, 42.922437, 377.7], [-8.258969, 42.92231, 376.3], [-8.260179, 42.922312, 374.3], [-8.26135, 42.922466, 370.6], [-8.261646, 42.922511, 369.2], [-8.261891, 42.922688, 368.1], [-8.263262, 42.923119, 360.7], [-8.264976, 42.923533, 362.8], [-8.265289, 42.923577, 362.9], [-8.265976, 42.923552, 363.1], [-8.266651, 42.923482, 365.5], [-8.267124, 42.923532, 367.2], [-8.267637, 42.923748, 369.7], [-8.268121, 42.924038, 371.5], [-8.268758, 42.924768, 374.9], [-8.26888, 42.924847, 375.5], [-8.269665, 42.925038, 375.2], [-8.271483, 42.925324, 373.3], [-8.27266, 42.925542, 373.0], [-8.273218, 42.92566, 371.5], [-8.273632, 42.925751, 370.2], [-8.274013, 42.925863, 369.4], [-8.274226, 42.92597, 368.9], [-8.274202, 42.926101, 369.9], [-8.274429, 42.926169, 370.1], [-8.275134, 42.926351, 368.5], [-8.275254, 42.926404, 368.3], [-8.275688, 42.926423, 368.1], [-8.276224, 42.926482, 368.3], [-8.276824, 42.926474, 366.3], [-8.277138, 42.926427, 364.9], [-8.27739, 42.92637, 363.9], [-8.277565, 42.926349, 363.5], [-8.277647, 42.926268, 363.2], [-8.278603, 42.926313, 361.7], [-8.279494, 42.92641, 361.4], [-8.280226, 42.926454, 361.9], [-8.280716, 42.926399, 361.6], [-8.281194, 42.926305, 362.2], [-8.281631, 42.926149, 363.2], [-8.282076, 42.925973, 364.3], [-8.282509, 42.925764, 366.4], [-8.282771, 42.925616, 366.6], [-8.283309, 42.9255, 369.3], [-8.283846, 42.92531, 372.2], [-8.284371, 42.925516, 375.8], [-8.285848, 42.925227, 383.8], [-8.286466, 42.925218, 385.1], [-8.2871, 42.925195, 384.2], [-8.287673, 42.925078, 384.8], [-8.288315, 42.924932, 385.1], [-8.288786, 42.924761, 385.2], [-8.28918, 42.924502, 384.8], [-8.289632, 42.924416, 385.9], [-8.290358, 42.924221, 387.8], [-8.290326, 42.92406, 387.6], [-8.29047, 42.923975, 387.8], [-8.290599, 42.923833, 387.6], [-8.290914, 42.923689, 387.9], [-8.291311, 42.923476, 388.5], [-8.2916, 42.923265, 390.4], [-8.292112, 42.923068, 394.6], [-8.292567, 42.92297, 396.4], [-8.292798, 42.922771, 397.7], [-8.293619, 42.922558, 400.3], [-8.294166, 42.92224, 401.8], [-8.294898, 42.921914, 399.9], [-8.295411, 42.921611, 397.9], [-8.296024, 42.921336, 395.1], [-8.29657, 42.920908, 392.0], [-8.297072, 42.92058, 389.0], [-8.297515, 42.920378, 385.1], [-8.298004, 42.920316, 380.4], [-8.29828, 42.920226, 377.9], [-8.298801, 42.920221, 373.1], [-8.299068, 42.920138, 372.5], [-8.299279, 42.919926, 372.7], [-8.299512, 42.919643, 372.6], [-8.299843, 42.919381, 372.9], [-8.300233, 42.919188, 373.4], [-8.300764, 42.919098, 375.8], [-8.301344, 42.919058, 376.5], [-8.302065, 42.919122, 377.5], [-8.302978, 42.919255, 379.7], [-8.303664, 42.919315, 381.5], [-8.304222, 42.919224, 380.8], [-8.30485, 42.91913, 379.1], [-8.305193, 42.919114, 377.4], [-8.305274, 42.918922, 376.2], [-8.305407, 42.918819, 375.3], [-8.305603, 42.918835, 374.3], [-8.305748, 42.918972, 372.9], [-8.30629, 42.919011, 368.6], [-8.306545, 42.918993, 367.4], [-8.306692, 42.919051, 366.8], [-8.306928, 42.919027, 366.5], [-8.307514, 42.918643, 365.9], [-8.307719, 42.918556, 365.9], [-8.30824, 42.918454, 366.0], [-8.308637, 42.918435, 366.7], [-8.308839, 42.918523, 367.1], [-8.309171, 42.918372, 368.1], [-8.309745, 42.918371, 369.4], [-8.310319, 42.91837, 370.8], [-8.310696, 42.918327, 371.7], [-8.31044, 42.917341, 369.9], [-8.312701, 42.917098, 377.1], [-8.314415, 42.916923, 377.8], [-8.314997, 42.916852, 379.8], [-8.315366, 42.916766, 381.0], [-8.31572, 42.91675, 381.5], [-8.316699, 42.916627, 383.4], [-8.317674, 42.916464, 386.3], [-8.318267, 42.916365, 389.0], [-8.318819, 42.916203, 391.4], [-8.319441, 42.91594, 394.0], [-8.32016, 42.915667, 397.2], [-8.320968, 42.915408, 399.4], [-8.321994, 42.915322, 401.6], [-8.323095, 42.915284, 404.5], [-8.323657, 42.915335, 405.6], [-8.323811, 42.915374, 406.0], [-8.323429, 42.915956, 406.8], [-8.32346, 42.91652, 409.3], [-8.324408, 42.916443, 407.5], [-8.32529, 42.916435, 405.2], [-8.32575, 42.916433, 402.7], [-8.326608, 42.916542, 399.3], [-8.327517, 42.91674, 392.4], [-8.327939, 42.916915, 391.9], [-8.328462, 42.917034, 384.6], [-8.328971, 42.917198, 379.4], [-8.329595, 42.917364, 375.5], [-8.330359, 42.91751, 370.4], [-8.330421, 42.917447, 371.2], [-8.330345, 42.917243, 374.4], [-8.330724, 42.917001, 373.1], [-8.330824, 42.916806, 376.1], [-8.331467, 42.91675, 373.8], [-8.332146, 42.917116, 369.9], [-8.33292, 42.917495, 366.3], [-8.33376, 42.91791, 363.0], [-8.33401, 42.918042, 362.0], [-8.334389, 42.918134, 361.3], [-8.334768, 42.918214, 360.5], [-8.335257, 42.91825, 358.5], [-8.335783, 42.91831, 356.2], [-8.33631, 42.91837, 354.4], [-8.336962, 42.918443, 350.3], [-8.338016, 42.918472, 345.8], [-8.338756, 42.918457, 343.3], [-8.339453, 42.918229, 342.2], [-8.33987, 42.918152, 342.1], [-8.340297, 42.918067, 341.4], [-8.341206, 42.917825, 336.8], [-8.342277, 42.917429, 332.5], [-8.343148, 42.917164, 326.4], [-8.343349, 42.916765, 323.4], [-8.34318, 42.916445, 322.7], [-8.343554, 42.91641, 320.8], [-8.343885, 42.916438, 319.2], [-8.344571, 42.916207, 312.6], [-8.344979, 42.916122, 309.5], [-8.345307, 42.916008, 307.4], [-8.34592, 42.915755, 304.4], [-8.346057, 42.915705, 304.0], [-8.346452, 42.915522, 302.6], [-8.346889, 42.915208, 300.4], [-8.347314, 42.914877, 296.8], [-8.347862, 42.914687, 294.5], [-8.348526, 42.914474, 292.4], [-8.348865, 42.91432, 289.3], [-8.349376, 42.914382, 286.2], [-8.349584, 42.914468, 284.1], [-8.350081, 42.914643, 278.8], [-8.351473, 42.914163, 274.5], [-8.352952, 42.913601, 272.7], [-8.353752, 42.912934, 271.0], [-8.355408, 42.912473, 262.4], [-8.356565, 42.912471, 254.7], [-8.357284, 42.912307, 259.4], [-8.357635, 42.912102, 261.2], [-8.35781, 42.911952, 262.2], [-8.358554, 42.911462, 265.6], [-8.359315, 42.910972, 268.5], [-8.360133, 42.910518, 270.2], [-8.360968, 42.910168, 273.5], [-8.362062, 42.909844, 280.6], [-8.36263, 42.909637, 283.8], [-8.363274, 42.90933, 286.1], [-8.363482, 42.909147, 287.1], [-8.363695, 42.909034, 287.5], [-8.363583, 42.908823, 288.8], [-8.363238, 42.90864, 290.7], [-8.363434, 42.908052, 291.6], [-8.36351, 42.907711, 291.6], [-8.363993, 42.907308, 288.5], [-8.364195, 42.907333, 288.2], [-8.36506, 42.907941, 287.9]]}}, {"type": "Feature", "properties": {"order": 32, "group": "convergencia-arzua-santiago", "source_file": "frances-32a-pedrouzo-santiago.gpx", "reversed_from_source": false, "point_count": 362, "source": "CNIG/IGN - Rutas de Caminos de Santiago 2020-2026 (datos FEAACS)", "license": "CC-BY 4.0", "attribution": "Obra derivada de Rutas de Caminos de Santiago 2020-2026 CC-BY 4.0 FEAACS"}, "geometry": {"type": "LineString", "coordinates": [[-8.365076, 42.907953, 288.0], [-8.365372, 42.908198, 288.7], [-8.365644, 42.90834, 289.5], [-8.367739, 42.907646, 287.8], [-8.369184, 42.90714, 284.6], [-8.369718, 42.907028, 283.4], [-8.370157, 42.906805, 280.9], [-8.370592, 42.906244, 275.2], [-8.371029, 42.906512, 272.7], [-8.371279, 42.906303, 269.2], [-8.371389, 42.906131, 268.1], [-8.371625, 42.905999, 267.3], [-8.371775, 42.905862, 266.8], [-8.371862, 42.905765, 266.8], [-8.372013, 42.905789, 266.8], [-8.372286, 42.906016, 267.1], [-8.372498, 42.906146, 267.8], [-8.372798, 42.906071, 268.3], [-8.37309, 42.906025, 269.0], [-8.373248, 42.90569, 269.2], [-8.373824, 42.905582, 271.2], [-8.374336, 42.905356, 272.8], [-8.374621, 42.905262, 273.6], [-8.375057, 42.905012, 274.1], [-8.37522, 42.904776, 274.3], [-8.375364, 42.90454, 274.7], [-8.375803, 42.904317, 275.4], [-8.376213, 42.90419, 276.0], [-8.377023, 42.903815, 278.0], [-8.377932, 42.903732, 280.8], [-8.378746, 42.903613, 282.5], [-8.37946, 42.903606, 283.7], [-8.380537, 42.903783, 286.6], [-8.381379, 42.903875, 285.4], [-8.381766, 42.903586, 282.0], [-8.382555, 42.903805, 283.3], [-8.384427, 42.904337, 286.6], [-8.384686, 42.904403, 287.2], [-8.385006, 42.904558, 289.1], [-8.385811, 42.90483, 289.9], [-8.386025, 42.904867, 289.2], [-8.386243, 42.904818, 288.3], [-8.386481, 42.904636, 285.2], [-8.387075, 42.903228, 271.5], [-8.389002, 42.903781, 265.8], [-8.389434, 42.904016, 261.7], [-8.389867, 42.904376, 258.0], [-8.390481, 42.904401, 255.6], [-8.39096, 42.904441, 252.6], [-8.391277, 42.904565, 250.3], [-8.391184, 42.904818, 249.4], [-8.391319, 42.905037, 248.8], [-8.391577, 42.905327, 248.6], [-8.393415, 42.905954, 248.6], [-8.394386, 42.905954, 252.8], [-8.394849, 42.905816, 254.6], [-8.395357, 42.905715, 257.5], [-8.396206, 42.905644, 260.0], [-8.397206, 42.905496, 265.9], [-8.397597, 42.905493, 269.3], [-8.397797, 42.905491, 272.7], [-8.397977, 42.905615, 275.5], [-8.397979, 42.905747, 275.2], [-8.398485, 42.905987, 281.9], [-8.399258, 42.906253, 287.7], [-8.399607, 42.906383, 288.9], [-8.399998, 42.906381, 290.1], [-8.400416, 42.90633, 291.6], [-8.400821, 42.906257, 293.5], [-8.401307, 42.906022, 294.1], [-8.401785, 42.90604, 294.4], [-8.402334, 42.906162, 296.9], [-8.402575, 42.906019, 298.0], [-8.402827, 42.905876, 299.9], [-8.403146, 42.905783, 303.0], [-8.403612, 42.9058, 306.8], [-8.404034, 42.905795, 308.5], [-8.404475, 42.905891, 311.6], [-8.405963, 42.90589, 320.8], [-8.406702, 42.905887, 325.6], [-8.407054, 42.905816, 328.2], [-8.407473, 42.905889, 331.6], [-8.40788, 42.905839, 335.0], [-8.408556, 42.905722, 337.7], [-8.408849, 42.905816, 338.3], [-8.409126, 42.905959, 339.5], [-8.409361, 42.905994, 340.6], [-8.409595, 42.90613, 342.3], [-8.409852, 42.906165, 344.3], [-8.410086, 42.906186, 345.6], [-8.410335, 42.906375, 347.6], [-8.410585, 42.906572, 350.6], [-8.410746, 42.906844, 351.7], [-8.410855, 42.907118, 352.6], [-8.411133, 42.907392, 354.5], [-8.411377, 42.907528, 355.3], [-8.411576, 42.907511, 356.4], [-8.41185, 42.907614, 357.8], [-8.412152, 42.907693, 359.4], [-8.412714, 42.907837, 362.6], [-8.413446, 42.908004, 365.7], [-8.414333, 42.908249, 366.3], [-8.414745, 42.908369, 366.1], [-8.41482, 42.908854, 365.9], [-8.414606, 42.909779, 367.1], [-8.414488, 42.910468, 366.5], [-8.414396, 42.911108, 365.5], [-8.414235, 42.91179, 365.7], [-8.414158, 42.912469, 364.7], [-8.414127, 42.913199, 364.7], [-8.414082, 42.91376, 362.8], [-8.414422, 42.913783, 362.3], [-8.415096, 42.913759, 361.9], [-8.416423, 42.913727, 356.2], [-8.41775, 42.913695, 349.6], [-8.418348, 42.913552, 348.5], [-8.419086, 42.913647, 345.5], [-8.419964, 42.913596, 343.8], [-8.42023, 42.913489, 343.7], [-8.420778, 42.913559, 337.4], [-8.421151, 42.91348, 335.4], [-8.421534, 42.913399, 333.6], [-8.421914, 42.913273, 331.8], [-8.422291, 42.913115, 330.5], [-8.422677, 42.912942, 329.1], [-8.423014, 42.912686, 328.3], [-8.423303, 42.91237, 327.6], [-8.423634, 42.912059, 328.7], [-8.423903, 42.911744, 333.5], [-8.424066, 42.911325, 339.6], [-8.424192, 42.91124, 340.4], [-8.424349, 42.910932, 340.6], [-8.424428, 42.910742, 340.8], [-8.424135, 42.910291, 340.3], [-8.423871, 42.909559, 339.4], [-8.423732, 42.908938, 339.5], [-8.423764, 42.908675, 338.6], [-8.424735, 42.90882, 334.2], [-8.425125, 42.908926, 332.7], [-8.425479, 42.908987, 331.5], [-8.425957, 42.90891, 330.3], [-8.426257, 42.90871, 330.1], [-8.426354, 42.908496, 330.5], [-8.426692, 42.908372, 332.6], [-8.42709, 42.908096, 341.6], [-8.427453, 42.90766, 348.9], [-8.427728, 42.907182, 352.2], [-8.428565, 42.906863, 347.2], [-8.429503, 42.906493, 339.2], [-8.430057, 42.905947, 337.7], [-8.430533, 42.905599, 339.6], [-8.430961, 42.905416, 340.8], [-8.431632, 42.905368, 338.9], [-8.432083, 42.905215, 334.0], [-8.432576, 42.904943, 330.9], [-8.432935, 42.904694, 329.5], [-8.433609, 42.904437, 328.6], [-8.434329, 42.904224, 328.2], [-8.43471, 42.904113, 327.8], [-8.435148, 42.904178, 326.9], [-8.436638, 42.903114, 321.2], [-8.437977, 42.902267, 316.4], [-8.438504, 42.902025, 315.5], [-8.43959, 42.901896, 314.6], [-8.441118, 42.901753, 313.3], [-8.442451, 42.90155, 303.9], [-8.443347, 42.901182, 302.3], [-8.444424, 42.900828, 302.1], [-8.44587, 42.900596, 301.2], [-8.446827, 42.900318, 297.4], [-8.446905, 42.900121, 295.7], [-8.44686, 42.899844, 295.7], [-8.446595, 42.899593, 296.8], [-8.446002, 42.899443, 299.5], [-8.44549, 42.899374, 300.0], [-8.444973, 42.899244, 299.2], [-8.444706, 42.898846, 296.0], [-8.444563, 42.898535, 293.8], [-8.44423, 42.898349, 292.6], [-8.444108, 42.898037, 293.5], [-8.444175, 42.897956, 294.0], [-8.444569, 42.898108, 293.0], [-8.444984, 42.89815, 292.9], [-8.445396, 42.897914, 295.6], [-8.445807, 42.897662, 299.9], [-8.446708, 42.897356, 307.9], [-8.447442, 42.897064, 319.5], [-8.447578, 42.896561, 324.2], [-8.44746, 42.896063, 322.0], [-8.447615, 42.895777, 320.8], [-8.447744, 42.895445, 320.6], [-8.447712, 42.895082, 324.3], [-8.447118, 42.8948, 332.9], [-8.447024, 42.894564, 332.2], [-8.447176, 42.894255, 335.0], [-8.447498, 42.894069, 340.7], [-8.447728, 42.893926, 344.2], [-8.447839, 42.893626, 348.3], [-8.448161, 42.893207, 350.0], [-8.448603, 42.89283, 350.0], [-8.4492, 42.892421, 351.2], [-8.449791, 42.89206, 350.4], [-8.449894, 42.891915, 351.4], [-8.44962, 42.891556, 354.0], [-8.450091, 42.891511, 353.6], [-8.450485, 42.891431, 353.5], [-8.451001, 42.891413, 351.8], [-8.451263, 42.891385, 348.7], [-8.452374, 42.891301, 356.1], [-8.452609, 42.89122, 357.9], [-8.452946, 42.890972, 359.8], [-8.453403, 42.89088, 362.7], [-8.454158, 42.890829, 365.7], [-8.454548, 42.890827, 366.6], [-8.455245, 42.890474, 367.5], [-8.45597, 42.8902, 369.4], [-8.456728, 42.890063, 370.8], [-8.457543, 42.890086, 372.7], [-8.458349, 42.890257, 377.2], [-8.459143, 42.890405, 380.9], [-8.459833, 42.890449, 380.9], [-8.460432, 42.890413, 381.5], [-8.461487, 42.890301, 381.7], [-8.462595, 42.890302, 382.0], [-8.46372, 42.89038, 382.5], [-8.464959, 42.890546, 384.3], [-8.466274, 42.890747, 384.5], [-8.46759, 42.890948, 386.1], [-8.468904, 42.891133, 388.4], [-8.470249, 42.891309, 387.9], [-8.473335, 42.891735, 381.5], [-8.475893, 42.892023, 380.0], [-8.476245, 42.892069, 379.8], [-8.476453, 42.892144, 379.6], [-8.476295, 42.891438, 379.9], [-8.476073, 42.890712, 381.5], [-8.476038, 42.890551, 381.8], [-8.476288, 42.890516, 380.7], [-8.478857, 42.890571, 373.0], [-8.481435, 42.890626, 382.5], [-8.484124, 42.890729, 379.7], [-8.485815, 42.890764, 373.0], [-8.485989, 42.890694, 372.1], [-8.486118, 42.890603, 371.1], [-8.486424, 42.890597, 368.7], [-8.487088, 42.890704, 363.1], [-8.48731, 42.890825, 361.4], [-8.487354, 42.891079, 361.1], [-8.487373, 42.891287, 360.8], [-8.487592, 42.891494, 360.1], [-8.487878, 42.891511, 360.0], [-8.488889, 42.89137, 359.9], [-8.489281, 42.891266, 360.0], [-8.489698, 42.891091, 360.6], [-8.4903, 42.890969, 362.5], [-8.491159, 42.890788, 365.8], [-8.492314, 42.890368, 366.8], [-8.493016, 42.89007, 368.2], [-8.494101, 42.8897, 371.5], [-8.494905, 42.889483, 370.7], [-8.496681, 42.888816, 361.3], [-8.498269, 42.888282, 346.1], [-8.499813, 42.887859, 332.6], [-8.500233, 42.887824, 329.4], [-8.500756, 42.887899, 323.9], [-8.501354, 42.887971, 316.2], [-8.501938, 42.888013, 309.0], [-8.502492, 42.887831, 306.8], [-8.503134, 42.887583, 306.0], [-8.503744, 42.887438, 302.0], [-8.504375, 42.887291, 297.6], [-8.504563, 42.88715, 293.7], [-8.504789, 42.886961, 290.1], [-8.505177, 42.88681, 289.1], [-8.505808, 42.886664, 279.3], [-8.50673, 42.886596, 279.4], [-8.507959, 42.886537, 269.4], [-8.509344, 42.886455, 274.6], [-8.510049, 42.886428, 275.0], [-8.51033, 42.88626, 275.9], [-8.510678, 42.886142, 271.2], [-8.510975, 42.886151, 275.5], [-8.511171, 42.886336, 276.0], [-8.511545, 42.886388, 276.3], [-8.512999, 42.886364, 278.5], [-8.514325, 42.886331, 281.6], [-8.51584, 42.886289, 285.3], [-8.516868, 42.88634, 287.4], [-8.516996, 42.886233, 288.1], [-8.51724, 42.886245, 288.8], [-8.517354, 42.886332, 288.6], [-8.517541, 42.886417, 288.6], [-8.518732, 42.886522, 291.5], [-8.519946, 42.886642, 290.7], [-8.521263, 42.886865, 287.6], [-8.521687, 42.887, 287.0], [-8.522511, 42.887131, 285.1], [-8.523417, 42.887234, 284.1], [-8.523513, 42.887121, 282.7], [-8.523746, 42.887133, 282.1], [-8.523912, 42.887211, 282.7], [-8.52481, 42.887222, 282.2], [-8.525479, 42.887158, 281.9], [-8.526156, 42.886932, 282.1], [-8.526815, 42.886629, 281.7], [-8.527354, 42.886409, 282.2], [-8.527523, 42.886284, 281.9], [-8.527554, 42.886159, 281.3], [-8.527804, 42.886116, 281.4], [-8.527937, 42.886187, 281.4], [-8.528743, 42.886117, 278.1], [-8.529558, 42.886024, 275.5], [-8.529932, 42.885959, 273.4], [-8.530537, 42.885759, 274.6], [-8.530917, 42.885415, 274.6], [-8.531299, 42.885195, 274.3], [-8.53172, 42.885066, 273.8], [-8.532125, 42.885108, 272.2], [-8.532643, 42.885238, 269.5], [-8.532898, 42.885249, 268.7], [-8.533148, 42.88509, 268.6], [-8.533303, 42.884935, 268.7], [-8.533453, 42.884951, 269.5], [-8.533513, 42.884808, 269.2], [-8.533686, 42.884715, 269.4], [-8.533955, 42.884299, 269.5], [-8.534114, 42.88395, 270.2], [-8.534244, 42.883517, 271.1], [-8.534319, 42.883056, 272.2], [-8.534382, 42.882573, 273.0], [-8.534675, 42.882194, 274.6], [-8.534924, 42.881911, 276.5], [-8.53521, 42.881796, 277.9], [-8.535637, 42.881736, 277.8], [-8.536073, 42.881653, 276.1], [-8.536579, 42.881528, 274.0], [-8.53719, 42.881398, 272.0], [-8.537813, 42.88129, 269.3], [-8.538299, 42.88129, 267.1], [-8.538704, 42.881448, 265.2], [-8.539155, 42.881659, 263.4], [-8.539606, 42.881855, 262.1], [-8.539878, 42.881943, 262.5], [-8.539994, 42.88197, 262.8], [-8.540182, 42.881978, 263.1], [-8.540279, 42.881822, 262.7], [-8.540402, 42.881894, 263.6], [-8.540883, 42.881847, 265.8], [-8.541234, 42.881761, 267.5], [-8.541621, 42.881602, 269.8], [-8.541783, 42.881517, 271.0], [-8.541936, 42.881463, 271.8], [-8.542143, 42.881407, 272.9], [-8.542317, 42.881344, 273.4], [-8.542431, 42.881199, 272.5], [-8.542715, 42.881185, 271.7], [-8.543047, 42.881239, 270.9], [-8.543459, 42.88125, 268.7], [-8.543892, 42.881245, 266.4], [-8.544242, 42.881161, 264.2], [-8.544458, 42.881099, 262.2], [-8.54451, 42.880659, 259.5]]}}, {"type": "Feature", "properties": {"order": 33, "group": "camino-fisterra-muxia", "source_file": "fisterra-01a-santiago-negreira.gpx", "reversed_from_source": false, "point_count": 212, "source": "CNIG/IGN - Rutas de Caminos de Santiago 2020-2026 (datos FEAACS)", "license": "CC-BY 4.0", "attribution": "Obra derivada de Rutas de Caminos de Santiago 2020-2026 CC-BY 4.0 FEAACS"}, "geometry": {"type": "LineString", "coordinates": [[-8.545283, 42.880483, 252.6], [-8.546083, 42.880933, 251.0], [-8.548462, 42.880281, 230.7], [-8.549373, 42.880188, 232.4], [-8.550102, 42.880249, 235.9], [-8.550392, 42.880308, 234.7], [-8.551817, 42.879867, 230.2], [-8.553933, 42.878933, 230.5], [-8.554508, 42.878655, 231.1], [-8.555382, 42.878567, 230.3], [-8.556621, 42.878692, 228.0], [-8.557587, 42.879168, 222.9], [-8.558033, 42.878911, 217.9], [-8.558343, 42.878814, 217.4], [-8.559041, 42.879056, 208.2], [-8.560106, 42.8789, 196.0], [-8.560442, 42.87898, 189.7], [-8.560532, 42.879149, 188.8], [-8.561882, 42.879027, 187.5], [-8.562646, 42.87917, 189.8], [-8.564829, 42.878912, 205.8], [-8.565983, 42.87895, 208.8], [-8.567083, 42.87925, 224.3], [-8.568133, 42.879367, 234.7], [-8.568655, 42.879077, 235.5], [-8.5676, 42.878083, 228.2], [-8.567783, 42.877383, 225.4], [-8.569656, 42.877415, 225.7], [-8.570017, 42.876883, 227.8], [-8.570267, 42.875967, 234.5], [-8.571167, 42.875333, 232.7], [-8.571571, 42.875186, 229.4], [-8.572796, 42.875282, 226.0], [-8.573363, 42.875231, 221.8], [-8.574471, 42.875555, 214.8], [-8.575657, 42.87561, 212.0], [-8.57654, 42.875718, 204.3], [-8.576731, 42.876125, 204.3], [-8.576336, 42.876763, 211.6], [-8.576267, 42.876933, 211.1], [-8.576867, 42.877733, 192.0], [-8.577467, 42.878483, 178.1], [-8.578207, 42.879233, 157.3], [-8.578833, 42.879467, 152.2], [-8.580033, 42.879367, 153.2], [-8.580838, 42.879024, 154.1], [-8.581633, 42.877983, 160.6], [-8.581948, 42.877609, 161.2], [-8.583867, 42.878067, 160.1], [-8.584983, 42.878383, 164.0], [-8.585117, 42.879121, 167.1], [-8.586386, 42.879099, 157.4], [-8.587069, 42.879802, 157.8], [-8.5871, 42.880117, 156.6], [-8.587297, 42.880251, 154.2], [-8.587563, 42.880238, 153.0], [-8.587667, 42.880347, 152.5], [-8.58815, 42.880267, 148.9], [-8.589333, 42.879967, 145.9], [-8.590017, 42.879217, 148.4], [-8.590431, 42.878547, 148.1], [-8.591567, 42.879183, 162.6], [-8.592994, 42.880193, 167.9], [-8.594061, 42.880568, 177.2], [-8.594613, 42.881487, 183.3], [-8.595328, 42.881501, 185.2], [-8.596733, 42.881933, 197.9], [-8.5979, 42.88215, 205.3], [-8.598933, 42.882033, 215.0], [-8.59906, 42.881321, 214.6], [-8.598755, 42.880905, 212.6], [-8.59841, 42.880602, 206.2], [-8.59905, 42.880267, 210.0], [-8.599933, 42.879517, 201.3], [-8.601067, 42.879217, 193.4], [-8.602067, 42.879783, 181.2], [-8.602995, 42.88023, 172.5], [-8.603041, 42.880767, 175.6], [-8.603569, 42.88093, 174.8], [-8.604054, 42.881003, 174.6], [-8.604442, 42.881438, 177.7], [-8.604883, 42.881483, 177.5], [-8.605479, 42.881431, 175.1], [-8.606081, 42.881442, 173.8], [-8.606583, 42.882433, 171.3], [-8.606965, 42.882393, 167.0], [-8.607833, 42.883317, 153.8], [-8.60865, 42.882601, 151.6], [-8.6094, 42.88185, 147.7], [-8.609794, 42.881478, 147.0], [-8.611717, 42.881667, 143.1], [-8.612617, 42.8817, 146.6], [-8.6138, 42.881617, 153.4], [-8.616083, 42.881017, 162.2], [-8.616964, 42.880723, 163.3], [-8.617963, 42.881471, 174.6], [-8.618644, 42.881502, 176.4], [-8.620567, 42.881033, 171.3], [-8.621826, 42.881158, 174.7], [-8.621783, 42.881767, 179.5], [-8.622867, 42.882067, 179.4], [-8.623733, 42.881483, 174.9], [-8.624154, 42.88096, 174.4], [-8.625554, 42.881975, 163.5], [-8.625733, 42.882967, 155.1], [-8.625725, 42.883617, 150.4], [-8.626863, 42.884417, 140.3], [-8.628047, 42.885042, 133.0], [-8.628108, 42.885301, 132.7], [-8.629617, 42.886133, 131.6], [-8.630144, 42.886216, 129.1], [-8.631014, 42.886483, 122.4], [-8.632261, 42.88647, 109.6], [-8.633334, 42.886196, 100.2], [-8.633798, 42.886242, 97.7], [-8.63479, 42.88642, 95.3], [-8.634692, 42.887029, 96.6], [-8.634639, 42.887561, 91.9], [-8.635563, 42.887851, 94.0], [-8.636835, 42.887989, 96.2], [-8.645786, 42.888868, 57.4], [-8.646972, 42.889029, 53.0], [-8.648217, 42.889299, 51.2], [-8.649397, 42.889572, 50.9], [-8.650333, 42.889717, 49.5], [-8.65079, 42.889906, 51.6], [-8.650588, 42.888926, 53.3], [-8.650883, 42.8885, 60.2], [-8.652083, 42.888683, 70.4], [-8.653267, 42.888917, 77.2], [-8.655667, 42.889233, 90.7], [-8.656867, 42.889217, 104.1], [-8.658083, 42.889367, 117.8], [-8.659067, 42.888867, 132.1], [-8.660233, 42.888883, 146.1], [-8.660906, 42.88883, 154.7], [-8.661517, 42.889328, 164.2], [-8.6618, 42.888983, 170.0], [-8.662267, 42.888133, 181.5], [-8.662683, 42.887283, 188.1], [-8.663338, 42.886782, 196.8], [-8.664405, 42.886654, 207.4], [-8.664317, 42.887283, 215.2], [-8.664584, 42.888108, 224.0], [-8.664912, 42.888913, 231.0], [-8.665874, 42.889673, 241.8], [-8.66682, 42.890164, 251.4], [-8.668014, 42.890571, 257.2], [-8.669146, 42.890416, 264.5], [-8.670218, 42.890465, 271.7], [-8.670781, 42.890562, 273.7], [-8.672399, 42.891476, 266.1], [-8.67262, 42.891893, 265.5], [-8.675363, 42.892269, 251.5], [-8.677252, 42.892542, 242.6], [-8.678281, 42.892638, 240.3], [-8.679896, 42.892361, 235.5], [-8.680883, 42.892267, 230.2], [-8.681512, 42.892465, 226.2], [-8.681929, 42.892741, 223.1], [-8.682662, 42.893134, 218.3], [-8.683182, 42.893317, 216.7], [-8.683361, 42.893505, 217.3], [-8.684025, 42.894086, 217.7], [-8.685186, 42.894361, 215.7], [-8.685613, 42.894629, 216.5], [-8.686617, 42.895767, 213.4], [-8.687561, 42.896499, 206.2], [-8.687945, 42.897213, 199.5], [-8.688633, 42.900117, 186.6], [-8.689258, 42.902081, 183.7], [-8.689248, 42.903242, 171.9], [-8.689055, 42.903667, 167.6], [-8.689757, 42.903718, 162.7], [-8.690967, 42.903682, 156.0], [-8.69194, 42.903426, 151.4], [-8.692973, 42.903814, 148.5], [-8.693946, 42.904999, 143.8], [-8.694725, 42.904972, 143.4], [-8.69551, 42.905739, 142.0], [-8.696672, 42.905547, 148.7], [-8.698778, 42.90598, 150.7], [-8.699251, 42.90524, 149.3], [-8.702883, 42.902883, 146.1], [-8.704201, 42.901649, 145.0], [-8.704748, 42.901569, 144.5], [-8.705383, 42.901717, 143.6], [-8.707482, 42.901709, 143.5], [-8.708287, 42.902157, 144.3], [-8.709031, 42.902474, 144.3], [-8.710362, 42.903213, 143.3], [-8.710815, 42.903973, 145.6], [-8.713967, 42.904933, 144.8], [-8.715081, 42.905315, 143.5], [-8.716117, 42.905817, 141.6], [-8.717333, 42.905967, 142.4], [-8.718594, 42.905989, 142.9], [-8.720983, 42.905967, 152.0], [-8.722067, 42.906367, 161.0], [-8.7231, 42.906867, 168.4], [-8.724117, 42.907367, 175.1], [-8.725033, 42.907967, 182.7], [-8.726, 42.9085, 188.2], [-8.727017, 42.908583, 184.0], [-8.727077, 42.908543, 183.7], [-8.728087, 42.908713, 181.1], [-8.730052, 42.909162, 175.5], [-8.732214, 42.909153, 162.8], [-8.732744, 42.909801, 154.5], [-8.735036, 42.909612, 158.1], [-8.735835, 42.909298, 162.7], [-8.736227, 42.909447, 164.9]]}}, {"type": "Feature", "properties": {"order": 34, "group": "camino-fisterra-muxia", "source_file": "fisterra-02a-negreira-olveiroa.gpx", "reversed_from_source": false, "point_count": 402, "source": "CNIG/IGN - Rutas de Caminos de Santiago 2020-2026 (datos FEAACS)", "license": "CC-BY 4.0", "attribution": "Obra derivada de Rutas de Caminos de Santiago 2020-2026 CC-BY 4.0 FEAACS"}, "geometry": {"type": "LineString", "coordinates": [[-8.7361, 42.909417, 164.3], [-8.737538, 42.908463, 157.2], [-8.73883, 42.90749, 149.8], [-8.739592, 42.907077, 145.3], [-8.740481, 42.906471, 145.6], [-8.740371, 42.905675, 155.0], [-8.740446, 42.905298, 160.3], [-8.74115, 42.904648, 165.3], [-8.741883, 42.904317, 172.9], [-8.743127, 42.904014, 183.6], [-8.743641, 42.904442, 187.1], [-8.744595, 42.904929, 190.0], [-8.74515, 42.905409, 184.0], [-8.745951, 42.906197, 184.3], [-8.746777, 42.906476, 185.9], [-8.74713, 42.906512, 190.0], [-8.747495, 42.906761, 190.5], [-8.74776, 42.907255, 193.1], [-8.748141, 42.907402, 198.8], [-8.748956, 42.90733, 203.0], [-8.749244, 42.907339, 203.6], [-8.749656, 42.907694, 208.9], [-8.750151, 42.908249, 212.8], [-8.750425, 42.908667, 215.8], [-8.750756, 42.908901, 220.3], [-8.751087, 42.90901, 219.8], [-8.751314, 42.909038, 222.5], [-8.751378, 42.909152, 222.9], [-8.75142, 42.909707, 225.1], [-8.751667, 42.910071, 225.8], [-8.751934, 42.910402, 228.4], [-8.752276, 42.910754, 229.7], [-8.752799, 42.910986, 228.6], [-8.753589, 42.910884, 227.8], [-8.754365, 42.910735, 227.6], [-8.755151, 42.910585, 229.7], [-8.756446, 42.91052, 232.0], [-8.758054, 42.910371, 234.0], [-8.760624, 42.910242, 240.8], [-8.762996, 42.910336, 250.4], [-8.763411, 42.910404, 253.7], [-8.763764, 42.910535, 255.8], [-8.763698, 42.910852, 255.3], [-8.763815, 42.911065, 255.7], [-8.764118, 42.911348, 256.8], [-8.764392, 42.912029, 254.0], [-8.76485, 42.912247, 254.3], [-8.76483, 42.912449, 253.2], [-8.764974, 42.912504, 254.2], [-8.765358, 42.912501, 257.2], [-8.765792, 42.912691, 258.3], [-8.766476, 42.912913, 262.3], [-8.766552, 42.913279, 262.5], [-8.766622, 42.913448, 262.5], [-8.766824, 42.913548, 265.0], [-8.767194, 42.913741, 265.5], [-8.76745, 42.913736, 266.8], [-8.768096, 42.91379, 270.3], [-8.768269, 42.913812, 271.5], [-8.76841, 42.913844, 272.4], [-8.768603, 42.91385, 274.2], [-8.769049, 42.914165, 275.8], [-8.769346, 42.914597, 275.7], [-8.769647, 42.914958, 279.3], [-8.769762, 42.915274, 275.9], [-8.769977, 42.915328, 277.8], [-8.770792, 42.915441, 278.9], [-8.771538, 42.915677, 277.7], [-8.772508, 42.916115, 278.7], [-8.7731, 42.916427, 279.8], [-8.773462, 42.917183, 281.8], [-8.773785, 42.917515, 283.6], [-8.773997, 42.917663, 284.1], [-8.774523, 42.917581, 285.0], [-8.775319, 42.917533, 286.1], [-8.775762, 42.917252, 286.5], [-8.776014, 42.917098, 286.8], [-8.77659, 42.916983, 284.2], [-8.7769, 42.916763, 282.7], [-8.77713, 42.916587, 282.1], [-8.777931, 42.916718, 280.6], [-8.777664, 42.917391, 279.9], [-8.777605, 42.917668, 279.9], [-8.777543, 42.91804, 280.0], [-8.777543, 42.918267, 280.5], [-8.777493, 42.918528, 279.9], [-8.778242, 42.919118, 273.5], [-8.778762, 42.919436, 271.9], [-8.779437, 42.919802, 266.1], [-8.780245, 42.920341, 263.0], [-8.780749, 42.920598, 270.1], [-8.78091, 42.92106, 279.8], [-8.781058, 42.921257, 283.6], [-8.781429, 42.921222, 287.3], [-8.781798, 42.921063, 290.2], [-8.783593, 42.920298, 306.6], [-8.785116, 42.920495, 317.0], [-8.786209, 42.921333, 319.6], [-8.786998, 42.922007, 323.8], [-8.787969, 42.922694, 330.6], [-8.78864, 42.923248, 332.5], [-8.788665, 42.923859, 331.2], [-8.788879, 42.924318, 329.0], [-8.788996, 42.924657, 326.0], [-8.789554, 42.925138, 322.9], [-8.79067, 42.925207, 327.7], [-8.791604, 42.925277, 334.0], [-8.792207, 42.925553, 333.5], [-8.792748, 42.925695, 331.9], [-8.792827, 42.926023, 329.8], [-8.792849, 42.926385, 329.5], [-8.792809, 42.92662, 326.7], [-8.79343, 42.926756, 322.4], [-8.794177, 42.926959, 318.4], [-8.794712, 42.927226, 315.1], [-8.795201, 42.927659, 316.3], [-8.795707, 42.928495, 317.9], [-8.795933, 42.928515, 320.7], [-8.796137, 42.928301, 322.6], [-8.79643, 42.928129, 323.2], [-8.796923, 42.928289, 325.3], [-8.797209, 42.928349, 324.1], [-8.79758, 42.92831, 321.6], [-8.797873, 42.928252, 318.8], [-8.798456, 42.928434, 313.1], [-8.7994, 42.928698, 305.6], [-8.800051, 42.928722, 301.1], [-8.800751, 42.928553, 299.2], [-8.801545, 42.928262, 292.7], [-8.801784, 42.928422, 291.9], [-8.801944, 42.928531, 291.2], [-8.802513, 42.92891, 297.5], [-8.803062, 42.929188, 303.6], [-8.803596, 42.92942, 309.5], [-8.804436, 42.929275, 316.7], [-8.805109, 42.929507, 317.8], [-8.805559, 42.929759, 320.7], [-8.806353, 42.929869, 322.0], [-8.807162, 42.929961, 321.3], [-8.807506, 42.930028, 322.6], [-8.80789, 42.930479, 330.0], [-8.808182, 42.930754, 335.0], [-8.808442, 42.931235, 340.3], [-8.808656, 42.931515, 343.3], [-8.809071, 42.932056, 340.0], [-8.809502, 42.932755, 342.2], [-8.810356, 42.932753, 342.5], [-8.810715, 42.932829, 341.1], [-8.81106, 42.933077, 345.4], [-8.811315, 42.93341, 350.9], [-8.811787, 42.933315, 355.5], [-8.813109, 42.932812, 362.4], [-8.814579, 42.931809, 369.5], [-8.814923, 42.931956, 370.7], [-8.816204, 42.932067, 374.6], [-8.817506, 42.932177, 378.0], [-8.817943, 42.932288, 378.4], [-8.818472, 42.932238, 379.0], [-8.819154, 42.931772, 381.4], [-8.82012, 42.931146, 382.5], [-8.820646, 42.931304, 383.3], [-8.821206, 42.931816, 389.0], [-8.822625, 42.932622, 392.8], [-8.823113, 42.932793, 392.4], [-8.823482, 42.93286, 392.2], [-8.824077, 42.933057, 391.3], [-8.82466, 42.933004, 387.2], [-8.82546, 42.932775, 382.1], [-8.825771, 42.932673, 382.0], [-8.825945, 42.93272, 381.5], [-8.825825, 42.933125, 385.0], [-8.825846, 42.933336, 390.3], [-8.826103, 42.933684, 394.7], [-8.826617, 42.934048, 395.7], [-8.827531, 42.933767, 400.5], [-8.828193, 42.933546, 403.5], [-8.828403, 42.933511, 404.0], [-8.828881, 42.933746, 407.6], [-8.829671, 42.933252, 405.8], [-8.830351, 42.933511, 408.2], [-8.831393, 42.933752, 415.0], [-8.832755, 42.933923, 420.2], [-8.834717, 42.934277, 426.4], [-8.835786, 42.934514, 426.8], [-8.83689, 42.93494, 426.8], [-8.839083, 42.935817, 421.7], [-8.841075, 42.93649, 412.9], [-8.843034, 42.937192, 418.7], [-8.843816, 42.937725, 413.8], [-8.844489, 42.938286, 408.8], [-8.845008, 42.938809, 405.3], [-8.845633, 42.939276, 398.9], [-8.846597, 42.940991, 390.8], [-8.846917, 42.942168, 382.6], [-8.846947, 42.943045, 376.6], [-8.847011, 42.943826, 370.0], [-8.847125, 42.94385, 368.8], [-8.847333, 42.943723, 367.0], [-8.84741, 42.943523, 365.7], [-8.847449, 42.943372, 365.7], [-8.847561, 42.943312, 365.6], [-8.848226, 42.943333, 365.4], [-8.848823, 42.943208, 361.9], [-8.849167, 42.94312, 357.0], [-8.849872, 42.942881, 347.9], [-8.849852, 42.943022, 347.1], [-8.850022, 42.943241, 342.3], [-8.849895, 42.943577, 341.6], [-8.850077, 42.94392, 338.8], [-8.850581, 42.943949, 334.8], [-8.851109, 42.94402, 332.4], [-8.852549, 42.944615, 329.5], [-8.854282, 42.945622, 321.4], [-8.855374, 42.946394, 322.6], [-8.856057, 42.947829, 317.0], [-8.856886, 42.948882, 319.3], [-8.857189, 42.949584, 317.5], [-8.857534, 42.949841, 315.9], [-8.858237, 42.950069, 319.6], [-8.858498, 42.950544, 319.7], [-8.85893, 42.95161, 317.4], [-8.859456, 42.953694, 317.2], [-8.859287, 42.954585, 312.5], [-8.859435, 42.954894, 315.4], [-8.859848, 42.955117, 317.0], [-8.861104, 42.955694, 324.4], [-8.861673, 42.955932, 328.1], [-8.860145, 42.957454, 337.0], [-8.862048, 42.957944, 351.4], [-8.863466, 42.95755, 363.7], [-8.864791, 42.957104, 364.8], [-8.865312, 42.957055, 363.3], [-8.865973, 42.957404, 357.8], [-8.867397, 42.958311, 344.2], [-8.869918, 42.958422, 334.2], [-8.872781, 42.958675, 342.3], [-8.872968, 42.961765, 347.8], [-8.875441, 42.961745, 338.6], [-8.878159, 42.961632, 334.7], [-8.881064, 42.961562, 331.4], [-8.88304, 42.961674, 340.1], [-8.885792, 42.961907, 356.9], [-8.888273, 42.962221, 360.0], [-8.890127, 42.962408, 350.6], [-8.890499, 42.962287, 348.3], [-8.892594, 42.960744, 362.8], [-8.892931, 42.961191, 361.7], [-8.894731, 42.962514, 343.6], [-8.898535, 42.963093, 326.5], [-8.902019, 42.963741, 324.1], [-8.904444, 42.964364, 322.2], [-8.905989, 42.964524, 327.3], [-8.906618, 42.964251, 322.3], [-8.90756, 42.964203, 315.5], [-8.908081, 42.963935, 311.7], [-8.908617, 42.963874, 310.4], [-8.908797, 42.963857, 311.0], [-8.909406, 42.964081, 312.7], [-8.910243, 42.964064, 315.5], [-8.911404, 42.963657, 317.5], [-8.911586, 42.963548, 318.3], [-8.911513, 42.96323, 318.9], [-8.911554, 42.962875, 320.3], [-8.911438, 42.962662, 319.4], [-8.911722, 42.962287, 319.4], [-8.911726, 42.961879, 321.6], [-8.912483, 42.961699, 322.1], [-8.912699, 42.961437, 322.5], [-8.913171, 42.961005, 323.2], [-8.914093, 42.960486, 324.2], [-8.914728, 42.960195, 326.1], [-8.915966, 42.959857, 327.3], [-8.916494, 42.95968, 326.9], [-8.917242, 42.959461, 326.7], [-8.917713, 42.959374, 327.3], [-8.918365, 42.95916, 328.9], [-8.919218, 42.958927, 332.1], [-8.919263, 42.958612, 332.4], [-8.919287, 42.958298, 332.3], [-8.919307, 42.957807, 332.2], [-8.91923, 42.957273, 333.8], [-8.91919, 42.956991, 334.2], [-8.91939, 42.956854, 334.3], [-8.92061, 42.957055, 331.5], [-8.922257, 42.9574, 332.0], [-8.92314, 42.957697, 332.3], [-8.92452, 42.957967, 331.1], [-8.929298, 42.955605, 329.6], [-8.930437, 42.956818, 334.7], [-8.93301, 42.956711, 332.1], [-8.934687, 42.95673, 331.9], [-8.936412, 42.956881, 339.8], [-8.939254, 42.957669, 342.6], [-8.942205, 42.958451, 351.5], [-8.944119, 42.959046, 363.9], [-8.945423, 42.958978, 367.4], [-8.946504, 42.959242, 367.6], [-8.947058, 42.95932, 369.8], [-8.947602, 42.959292, 372.2], [-8.948158, 42.959397, 372.0], [-8.948794, 42.959662, 374.5], [-8.949779, 42.959924, 377.1], [-8.950166, 42.96007, 379.3], [-8.950486, 42.960064, 378.9], [-8.951008, 42.959674, 379.3], [-8.951111, 42.959355, 380.1], [-8.951586, 42.959058, 382.2], [-8.952466, 42.958745, 386.1], [-8.954501, 42.958345, 396.8], [-8.955616, 42.957965, 399.0], [-8.95632, 42.957527, 406.4], [-8.956767, 42.956906, 410.1], [-8.957141, 42.956632, 413.2], [-8.957256, 42.956988, 417.3], [-8.957206, 42.957696, 417.4], [-8.957641, 42.958796, 414.4], [-8.957696, 42.960477, 409.8], [-8.957849, 42.962046, 404.3], [-8.956877, 42.963646, 400.0], [-8.957497, 42.964153, 402.4], [-8.958683, 42.964835, 412.3], [-8.959875, 42.965155, 425.3], [-8.960149, 42.965124, 426.6], [-8.9607, 42.963986, 434.4], [-8.960797, 42.963369, 444.2], [-8.961543, 42.962468, 468.5], [-8.962191, 42.962444, 476.2], [-8.962137, 42.962229, 477.2], [-8.962428, 42.961181, 475.6], [-8.963747, 42.961496, 464.8], [-8.969158, 42.96299, 418.9], [-8.970698, 42.963333, 402.3], [-8.971427, 42.963772, 397.9], [-8.971848, 42.964081, 393.5], [-8.972788, 42.964839, 378.5], [-8.973209, 42.965717, 367.8], [-8.973436, 42.965693, 363.8], [-8.973598, 42.964982, 360.9], [-8.974157, 42.963214, 344.8], [-8.97424, 42.962838, 338.8], [-8.97429, 42.962659, 338.6], [-8.974812, 42.962671, 335.0], [-8.97512, 42.962958, 332.0], [-8.975575, 42.963238, 329.0], [-8.976861, 42.963572, 324.0], [-8.977963, 42.963926, 319.7], [-8.978575, 42.964315, 318.0], [-8.979037, 42.964535, 317.1], [-8.979368, 42.964645, 317.7], [-8.979681, 42.964886, 316.4], [-8.980979, 42.964492, 316.1], [-8.982638, 42.963857, 317.0], [-8.983485, 42.963191, 326.6], [-8.983759, 42.962917, 328.3], [-8.983835, 42.962737, 329.0], [-8.984693, 42.96278, 323.7], [-8.985535, 42.962923, 317.8], [-8.986086, 42.962707, 314.4], [-8.986508, 42.96197, 313.0], [-8.98684, 42.961359, 312.8], [-8.98685, 42.960963, 312.7], [-8.986789, 42.960751, 314.1], [-8.987167, 42.959845, 316.1], [-8.987783, 42.959439, 313.4], [-8.988547, 42.959426, 315.1], [-8.989868, 42.95868, 319.6], [-8.990759, 42.958214, 320.4], [-8.993686, 42.959129, 321.4], [-8.994468, 42.95818, 322.1], [-8.994831, 42.957787, 322.9], [-8.99584, 42.957306, 323.8], [-8.996318, 42.957361, 323.7], [-8.99732, 42.958297, 321.8], [-8.998201, 42.959106, 315.4], [-9.000148, 42.959672, 304.2], [-9.002169, 42.960608, 291.1], [-9.003093, 42.96112, 286.2], [-9.004398, 42.9618, 275.1], [-9.007088, 42.961765, 264.2], [-9.010015, 42.961558, 259.6], [-9.012568, 42.96161, 259.0], [-9.014589, 42.961798, 259.3], [-9.016552, 42.961401, 259.8], [-9.017467, 42.961702, 258.4], [-9.018324, 42.961882, 257.0], [-9.018484, 42.962157, 257.2], [-9.018469, 42.962951, 259.9], [-9.018893, 42.963468, 259.8], [-9.01962, 42.96435, 266.4], [-9.020946, 42.964616, 263.6], [-9.022104, 42.964806, 261.4], [-9.025064, 42.964666, 260.7], [-9.027323, 42.964452, 265.0], [-9.028887, 42.964771, 261.5], [-9.031496, 42.965289, 271.0], [-9.03262, 42.965582, 276.9], [-9.033613, 42.966049, 275.9], [-9.034974, 42.966601, 276.2], [-9.036056, 42.966491, 274.9], [-9.037072, 42.966649, 273.1], [-9.038734, 42.966696, 271.7], [-9.039899, 42.966688, 272.8]]}}, {"type": "Feature", "properties": {"order": 35, "group": "camino-fisterra-muxia", "source_file": "fisterra-03a-olveiroa-corcubion.gpx", "reversed_from_source": false, "point_count": 273, "source": "CNIG/IGN - Rutas de Caminos de Santiago 2020-2026 (datos FEAACS)", "license": "CC-BY 4.0", "attribution": "Obra derivada de Rutas de Caminos de Santiago 2020-2026 CC-BY 4.0 FEAACS"}, "geometry": {"type": "LineString", "coordinates": [[-9.03953, 42.966696, 272.6], [-9.03975, 42.96667, 272.7], [-9.040346, 42.966461, 271.6], [-9.041203, 42.966734, 263.4], [-9.04205, 42.967144, 260.5], [-9.042319, 42.966941, 259.5], [-9.042294, 42.966457, 260.9], [-9.04268, 42.965985, 265.4], [-9.043188, 42.965532, 269.7], [-9.043164, 42.965367, 270.8], [-9.043351, 42.964918, 272.6], [-9.043773, 42.964084, 277.2], [-9.043862, 42.96351, 281.9], [-9.043987, 42.962804, 288.7], [-9.044415, 42.962961, 290.3], [-9.044466, 42.963162, 290.6], [-9.045541, 42.963826, 298.1], [-9.047173, 42.965043, 308.6], [-9.047947, 42.965153, 311.4], [-9.048628, 42.965243, 312.0], [-9.049183, 42.965463, 308.2], [-9.049664, 42.965721, 307.0], [-9.050476, 42.965777, 307.8], [-9.051467, 42.965675, 308.7], [-9.052518, 42.965407, 308.8], [-9.052833, 42.965405, 310.8], [-9.053196, 42.96539, 313.2], [-9.053615, 42.965477, 315.4], [-9.053993, 42.965671, 315.1], [-9.054239, 42.9659, 313.1], [-9.05523, 42.966709, 307.6], [-9.055553, 42.966841, 305.7], [-9.056943, 42.967373, 293.6], [-9.05784, 42.967717, 289.9], [-9.058535, 42.967879, 293.8], [-9.059036, 42.967845, 291.5], [-9.059452, 42.967837, 288.3], [-9.05989, 42.96805, 283.0], [-9.060193, 42.968374, 280.3], [-9.060454, 42.96866, 282.8], [-9.061053, 42.968927, 282.8], [-9.061422, 42.96896, 280.0], [-9.061784, 42.969109, 274.8], [-9.062414, 42.968957, 270.8], [-9.06274, 42.968983, 267.1], [-9.063051, 42.968942, 263.1], [-9.063253, 42.968856, 262.8], [-9.063285, 42.96858, 263.6], [-9.063356, 42.968299, 264.5], [-9.063566, 42.968067, 268.1], [-9.06379, 42.967843, 273.7], [-9.064287, 42.967642, 280.7], [-9.06474, 42.967478, 285.7], [-9.06485, 42.967581, 286.0], [-9.064851, 42.967721, 285.5], [-9.064866, 42.968085, 288.1], [-9.064782, 42.968202, 286.9], [-9.064474, 42.968617, 288.2], [-9.064652, 42.969241, 290.5], [-9.065142, 42.969884, 293.2], [-9.065538, 42.970754, 296.2], [-9.065715, 42.971371, 294.2], [-9.066038, 42.971895, 294.1], [-9.066344, 42.972242, 292.4], [-9.066745, 42.972569, 293.6], [-9.067464, 42.973175, 295.3], [-9.067508, 42.973725, 288.4], [-9.06774, 42.974104, 288.7], [-9.068088, 42.974304, 290.7], [-9.068573, 42.974839, 295.9], [-9.068936, 42.975366, 300.0], [-9.069373, 42.975979, 306.5], [-9.069394, 42.976282, 308.4], [-9.069909, 42.976925, 315.2], [-9.070301, 42.977367, 317.6], [-9.070277, 42.977977, 323.0], [-9.070543, 42.978234, 326.0], [-9.070979, 42.97869, 326.2], [-9.071258, 42.979045, 325.5], [-9.071529, 42.979278, 327.4], [-9.072152, 42.979516, 329.9], [-9.07286, 42.979727, 330.9], [-9.073414, 42.979897, 331.0], [-9.07436, 42.980415, 332.3], [-9.074732, 42.980561, 333.4], [-9.075345, 42.980763, 334.2], [-9.076161, 42.981211, 340.1], [-9.076492, 42.981408, 344.3], [-9.077404, 42.98205, 341.8], [-9.077879, 42.982298, 340.3], [-9.077909, 42.982602, 340.1], [-9.078132, 42.982715, 341.6], [-9.078846, 42.982377, 344.7], [-9.079755, 42.982244, 348.4], [-9.080635, 42.982639, 350.9], [-9.082099, 42.983356, 354.2], [-9.082278, 42.983871, 355.4], [-9.082259, 42.984495, 358.5], [-9.08236, 42.985036, 362.1], [-9.082644, 42.985532, 364.9], [-9.083029, 42.985519, 367.8], [-9.0834, 42.985083, 370.1], [-9.083549, 42.985062, 370.8], [-9.083994, 42.985184, 370.7], [-9.085488, 42.986024, 372.2], [-9.086177, 42.985988, 370.9], [-9.087804, 42.985299, 373.6], [-9.091492, 42.983684, 366.1], [-9.092129, 42.983747, 363.2], [-9.092838, 42.983764, 358.8], [-9.093175, 42.983655, 357.6], [-9.093991, 42.98362, 355.2], [-9.094657, 42.983881, 353.0], [-9.09522, 42.983948, 353.1], [-9.095677, 42.984006, 353.9], [-9.096004, 42.984169, 354.4], [-9.096535, 42.984106, 354.0], [-9.097725, 42.984232, 353.7], [-9.098541, 42.984404, 354.1], [-9.099576, 42.984457, 351.5], [-9.100798, 42.984539, 348.3], [-9.101048, 42.984679, 346.3], [-9.10817, 42.986234, 315.7], [-9.108995, 42.986074, 314.0], [-9.110533, 42.985583, 311.9], [-9.110945, 42.985499, 311.1], [-9.112674, 42.985553, 296.4], [-9.113339, 42.985659, 293.7], [-9.113807, 42.985607, 294.6], [-9.11492, 42.985208, 300.5], [-9.115914, 42.984876, 305.6], [-9.117098, 42.984606, 304.5], [-9.118274, 42.984273, 305.6], [-9.119286, 42.984047, 309.1], [-9.119858, 42.982876, 308.8], [-9.121347, 42.980095, 303.6], [-9.121774, 42.979433, 307.5], [-9.121937, 42.979061, 307.7], [-9.121896, 42.978439, 300.3], [-9.121936, 42.978105, 295.1], [-9.122283, 42.977785, 292.2], [-9.123107, 42.977409, 286.4], [-9.12463, 42.976872, 276.4], [-9.125792, 42.977959, 281.7], [-9.126258, 42.978559, 279.7], [-9.126338, 42.979148, 277.8], [-9.125848, 42.98013, 275.2], [-9.125854, 42.980199, 274.4], [-9.126178, 42.980176, 269.8], [-9.126702, 42.980062, 264.1], [-9.126989, 42.980007, 260.3], [-9.127156, 42.980077, 257.3], [-9.127092, 42.980452, 256.2], [-9.127463, 42.980512, 258.5], [-9.127785, 42.980268, 261.2], [-9.128273, 42.979938, 264.1], [-9.128868, 42.979761, 269.4], [-9.129254, 42.979733, 273.4], [-9.129745, 42.980223, 280.9], [-9.130595, 42.980532, 278.0], [-9.131612, 42.980933, 274.9], [-9.135552, 42.982712, 277.5], [-9.136293, 42.982741, 279.0], [-9.138107, 42.982728, 287.9], [-9.140146, 42.982734, 295.6], [-9.141369, 42.982835, 294.6], [-9.142396, 42.982911, 294.7], [-9.143935, 42.982901, 293.2], [-9.147389, 42.982444, 304.2], [-9.148562, 42.982304, 308.8], [-9.149085, 42.982276, 310.4], [-9.149524, 42.982308, 311.1], [-9.149973, 42.982436, 312.5], [-9.150952, 42.982762, 311.5], [-9.151773, 42.983196, 310.5], [-9.152618, 42.983659, 308.1], [-9.153284, 42.983909, 303.0], [-9.154048, 42.984199, 295.5], [-9.155232, 42.984475, 289.0], [-9.155457, 42.984517, 288.8], [-9.15613, 42.984002, 292.9], [-9.157085, 42.983476, 295.0], [-9.158069, 42.982902, 294.8], [-9.159066, 42.982254, 296.3], [-9.159517, 42.98208, 297.1], [-9.160247, 42.981982, 298.1], [-9.16073, 42.981903, 296.8], [-9.161265, 42.981757, 297.1], [-9.162216, 42.981289, 297.4], [-9.162782, 42.981166, 296.9], [-9.163024, 42.981068, 297.4], [-9.163281, 42.980757, 297.3], [-9.163568, 42.980244, 295.5], [-9.164044, 42.979731, 293.8], [-9.164486, 42.978638, 290.1], [-9.16454, 42.977926, 290.9], [-9.164985, 42.977109, 291.6], [-9.165273, 42.976516, 291.0], [-9.165629, 42.975647, 291.9], [-9.166078, 42.973743, 288.8], [-9.166457, 42.972764, 285.2], [-9.167421, 42.971614, 283.2], [-9.167947, 42.970769, 280.1], [-9.16829, 42.969911, 278.2], [-9.168622, 42.969287, 277.4], [-9.169081, 42.968789, 276.9], [-9.169671, 42.968039, 277.6], [-9.170574, 42.967175, 277.4], [-9.171723, 42.966363, 276.5], [-9.172265, 42.965931, 278.2], [-9.173146, 42.96542, 278.6], [-9.173827, 42.964959, 278.1], [-9.175905, 42.962285, 251.5], [-9.175742, 42.959788, 233.0], [-9.176164, 42.958245, 219.5], [-9.175807, 42.957432, 201.8], [-9.175662, 42.956872, 192.2], [-9.175764, 42.956637, 189.0], [-9.176151, 42.956367, 184.9], [-9.176629, 42.956138, 179.5], [-9.178006, 42.95611, 167.3], [-9.179196, 42.955952, 160.1], [-9.180355, 42.955914, 149.0], [-9.180859, 42.95554, 139.6], [-9.181029, 42.955237, 137.0], [-9.180962, 42.954697, 130.5], [-9.18102, 42.954399, 124.4], [-9.181263, 42.954151, 119.8], [-9.181406, 42.953751, 108.4], [-9.181706, 42.953367, 99.2], [-9.181755, 42.953053, 94.8], [-9.181515, 42.952585, 91.5], [-9.180944, 42.951907, 86.3], [-9.180604, 42.951132, 76.5], [-9.180429, 42.950576, 67.0], [-9.180002, 42.950004, 53.7], [-9.179679, 42.950199, 50.9], [-9.179531, 42.950083, 49.0], [-9.17967, 42.949688, 47.2], [-9.17956, 42.948232, 28.5], [-9.179933, 42.947945, 26.2], [-9.180408, 42.947808, 24.8], [-9.181529, 42.948227, 27.0], [-9.183261, 42.949247, 27.7], [-9.184306, 42.949909, 26.8], [-9.184625, 42.950214, 26.8], [-9.184892, 42.95092, 24.2], [-9.185217, 42.951787, 25.6], [-9.185728, 42.952233, 20.8], [-9.186277, 42.952459, 17.2], [-9.186852, 42.952527, 13.4], [-9.186889, 42.9522, 10.3], [-9.186761, 42.951658, 6.2], [-9.186702, 42.951247, 5.4], [-9.186884, 42.951237, 5.3], [-9.187735, 42.952262, 3.7], [-9.188258, 42.952742, 3.8], [-9.188921, 42.952987, 4.2], [-9.189796, 42.952993, 4.2], [-9.190662, 42.952732, 4.0], [-9.190972, 42.952348, 3.5], [-9.191251, 42.951872, 3.8], [-9.191397, 42.951166, 7.5], [-9.191615, 42.950619, 9.8], [-9.191644, 42.949266, 10.2], [-9.192163, 42.948391, 7.5], [-9.192876, 42.948008, 9.0], [-9.193314, 42.945984, 4.7], [-9.193292, 42.945044, 4.6], [-9.193115, 42.944516, 4.4], [-9.192686, 42.944232, 7.0], [-9.191778, 42.944255, 11.4], [-9.191671, 42.944146, 11.9]]}}, {"type": "Feature", "properties": {"order": 36, "group": "camino-fisterra-muxia", "source_file": "fisterra-04a-corcubion-cabo-fisterra.gpx", "reversed_from_source": false, "point_count": 186, "source": "CNIG/IGN - Rutas de Caminos de Santiago 2020-2026 (datos FEAACS)", "license": "CC-BY 4.0", "attribution": "Obra derivada de Rutas de Caminos de Santiago 2020-2026 CC-BY 4.0 FEAACS"}, "geometry": {"type": "LineString", "coordinates": [[-9.191671, 42.944146, 12.0], [-9.192082, 42.943981, 15.2], [-9.19223, 42.943536, 14.3], [-9.192726, 42.943599, 13.3], [-9.192993, 42.943469, 13.7], [-9.19311, 42.943231, 15.2], [-9.193437, 42.943162, 16.2], [-9.1938, 42.943284, 16.6], [-9.194238, 42.943273, 19.4], [-9.194606, 42.943626, 21.6], [-9.194762, 42.943784, 23.0], [-9.195046, 42.944, 26.1], [-9.195281, 42.943898, 31.8], [-9.196193, 42.943912, 41.1], [-9.19583, 42.943251, 44.5], [-9.195878, 42.94249, 49.2], [-9.19605, 42.942108, 51.0], [-9.196324, 42.941862, 59.4], [-9.196587, 42.941694, 65.9], [-9.196802, 42.941399, 72.6], [-9.197165, 42.941354, 79.8], [-9.197486, 42.941066, 83.2], [-9.197343, 42.940521, 88.2], [-9.197013, 42.940103, 90.3], [-9.197267, 42.939407, 93.7], [-9.197909, 42.939527, 97.2], [-9.198694, 42.939519, 100.7], [-9.199405, 42.939276, 100.8], [-9.20036, 42.93841, 102.0], [-9.201098, 42.937837, 106.4], [-9.201456, 42.937573, 108.8], [-9.201731, 42.93716, 110.4], [-9.201827, 42.936897, 110.6], [-9.202126, 42.93692, 107.9], [-9.202483, 42.936631, 103.1], [-9.20265, 42.936532, 100.9], [-9.20292, 42.936607, 97.6], [-9.203557, 42.936249, 88.8], [-9.204001, 42.936034, 87.1], [-9.204732, 42.935529, 85.7], [-9.20601, 42.935396, 85.1], [-9.206598, 42.935316, 85.5], [-9.207309, 42.93564, 87.9], [-9.207966, 42.935877, 88.2], [-9.208102, 42.936094, 89.8], [-9.20882, 42.93644, 87.4], [-9.209405, 42.936511, 85.3], [-9.210311, 42.937002, 78.9], [-9.211313, 42.937564, 72.7], [-9.212007, 42.937861, 68.0], [-9.212386, 42.938136, 66.2], [-9.212751, 42.938283, 63.8], [-9.213228, 42.938321, 61.3], [-9.213491, 42.93814, 60.2], [-9.213997, 42.938293, 57.4], [-9.214502, 42.938432, 51.2], [-9.215, 42.938675, 44.4], [-9.215365, 42.938822, 39.5], [-9.215256, 42.939304, 36.4], [-9.215144, 42.939747, 33.6], [-9.214987, 42.940103, 31.3], [-9.214949, 42.940413, 29.0], [-9.214936, 42.940812, 26.6], [-9.215196, 42.941299, 23.3], [-9.215513, 42.941668, 21.3], [-9.21633, 42.942134, 15.9], [-9.216314, 42.942498, 14.4], [-9.216388, 42.94306, 10.1], [-9.216582, 42.943422, 8.1], [-9.21771, 42.943849, 6.1], [-9.218259, 42.944076, 6.6], [-9.219201, 42.944213, 7.7], [-9.21978, 42.944236, 9.5], [-9.220953, 42.944152, 12.6], [-9.221581, 42.944396, 15.0], [-9.22223, 42.944592, 17.0], [-9.222764, 42.944499, 19.5], [-9.223293, 42.944284, 21.5], [-9.223924, 42.944024, 24.7], [-9.224407, 42.9436, 27.4], [-9.224802, 42.943359, 29.8], [-9.225692, 42.943258, 29.5], [-9.226407, 42.943298, 28.1], [-9.226874, 42.943401, 29.4], [-9.227302, 42.943313, 27.5], [-9.227766, 42.943211, 26.8], [-9.228396, 42.943215, 23.0], [-9.228948, 42.943134, 17.3], [-9.229355, 42.943008, 14.4], [-9.230278, 42.943125, 8.5], [-9.230818, 42.943276, 8.0], [-9.232442, 42.943019, 4.3], [-9.233087, 42.942818, 5.9], [-9.233517, 42.942447, 7.2], [-9.234199, 42.942088, 9.2], [-9.234407, 42.941884, 9.8], [-9.234645, 42.941807, 10.5], [-9.234788, 42.941992, 11.6], [-9.235119, 42.941984, 16.1], [-9.235642, 42.941722, 18.7], [-9.236176, 42.941304, 21.7], [-9.236453, 42.941193, 23.3], [-9.236813, 42.941159, 27.2], [-9.237061, 42.941037, 28.5], [-9.23739, 42.940704, 33.1], [-9.237462, 42.939764, 37.1], [-9.237621, 42.939399, 43.2], [-9.237969, 42.939162, 43.6], [-9.238434, 42.938979, 46.8], [-9.238341, 42.937966, 52.3], [-9.23828, 42.937431, 53.3], [-9.238592, 42.936875, 55.1], [-9.238156, 42.936204, 55.6], [-9.238065, 42.935631, 60.0], [-9.237764, 42.935082, 63.0], [-9.237528, 42.934992, 62.4], [-9.237404, 42.934446, 61.2], [-9.237116, 42.934025, 61.9], [-9.236663, 42.933252, 66.1], [-9.236726, 42.932594, 70.6], [-9.236947, 42.931901, 71.5], [-9.237286, 42.931228, 72.7], [-9.237751, 42.930861, 73.1], [-9.238036, 42.929792, 69.4], [-9.238376, 42.928858, 65.5], [-9.238806, 42.928946, 64.5], [-9.239302, 42.92891, 53.0], [-9.239424, 42.928655, 50.4], [-9.239746, 42.928727, 44.2], [-9.240062, 42.928736, 36.2], [-9.240801, 42.929107, 26.3], [-9.241365, 42.92914, 26.9], [-9.241642, 42.929112, 30.4], [-9.241988, 42.929068, 36.2], [-9.242238, 42.929106, 38.6], [-9.242521, 42.928962, 40.4], [-9.242851, 42.928931, 41.1], [-9.243366, 42.928479, 37.9], [-9.244058, 42.928055, 38.4], [-9.244784, 42.927617, 37.9], [-9.245728, 42.92727, 37.7], [-9.246238, 42.926946, 34.4], [-9.247072, 42.926888, 29.0], [-9.24842, 42.926724, 16.8], [-9.249792, 42.926443, 5.3], [-9.250552, 42.926469, 5.6], [-9.251046, 42.926207, 3.9], [-9.252155, 42.925915, 5.5], [-9.253516, 42.925545, 6.5], [-9.254328, 42.925269, 4.8], [-9.255766, 42.924792, 6.0], [-9.25736, 42.924126, 5.5], [-9.258471, 42.923705, 5.4], [-9.259053, 42.923583, 4.3], [-9.259501, 42.923494, 3.9], [-9.259848, 42.923463, 2.2], [-9.2603, 42.923258, 2.5], [-9.26078, 42.922975, 2.4], [-9.261021, 42.922589, 2.8], [-9.261079, 42.922123, 1.7], [-9.261841, 42.921528, 2.9], [-9.262473, 42.921018, 3.4], [-9.262754, 42.920849, 3.7], [-9.262938, 42.920761, 4.0], [-9.262992, 42.920437, 3.9], [-9.263663, 42.919796, 4.3], [-9.263968, 42.919343, 5.9], [-9.264084, 42.919105, 5.6], [-9.264318, 42.919002, 5.8], [-9.264251, 42.918672, 4.4], [-9.264407, 42.918483, 6.9], [-9.264384, 42.918073, 4.9], [-9.264742, 42.91763, 3.6], [-9.265169, 42.917182, 5.2], [-9.265268, 42.916765, 3.7], [-9.265478, 42.9166, 5.8], [-9.265491, 42.916201, 5.5], [-9.265712, 42.91579, 5.5], [-9.265652, 42.915549, 3.4], [-9.265635, 42.915191, 3.8], [-9.265416, 42.9151, 3.2], [-9.265364, 42.914793, 3.7], [-9.265352, 42.91464, 9.9], [-9.265122, 42.914435, 12.8], [-9.264948, 42.913804, 14.7], [-9.264132, 42.913104, 21.1]]}}, {"type": "Feature", "properties": {"order": 37, "group": "camino-fisterra-muxia", "source_file": "fisterra-03d-lires-fisterra.gpx", "reversed_from_source": true, "point_count": 171, "source": "CNIG/IGN - Rutas de Caminos de Santiago 2020-2026 (datos FEAACS)", "license": "CC-BY 4.0", "attribution": "Obra derivada de Rutas de Caminos de Santiago 2020-2026 CC-BY 4.0 FEAACS"}, "geometry": {"type": "LineString", "coordinates": [[-9.26413, 42.912886, 21.2], [-9.264421, 42.913166, 22.1], [-9.265187, 42.91341, 25.2], [-9.266792, 42.913728, 18.8], [-9.267395, 42.913976, 17.6], [-9.267416, 42.915186, 17.4], [-9.267565, 42.917682, 17.5], [-9.26751, 42.918829, 16.9], [-9.2673, 42.919282, 15.5], [-9.266437, 42.92008, 12.5], [-9.265604, 42.92082, 9.5], [-9.265126, 42.921387, 7.5], [-9.263892, 42.922538, 5.4], [-9.261991, 42.924254, 5.5], [-9.260813, 42.925415, 5.3], [-9.26056, 42.925651, 5.2], [-9.26088, 42.925989, 5.4], [-9.261369, 42.92633, 6.4], [-9.262198, 42.927022, 8.7], [-9.263186, 42.927716, 12.0], [-9.264102, 42.928583, 13.0], [-9.2657, 42.929599, 19.0], [-9.267096, 42.930834, 24.7], [-9.268579, 42.931994, 34.7], [-9.269205, 42.933373, 28.2], [-9.269048, 42.933644, 26.2], [-9.268954, 42.934132, 25.9], [-9.269006, 42.935215, 29.1], [-9.269007, 42.935744, 30.8], [-9.269295, 42.936289, 33.4], [-9.269236, 42.936557, 34.2], [-9.268951, 42.936828, 34.5], [-9.268559, 42.937338, 37.1], [-9.2684, 42.937778, 38.3], [-9.268562, 42.938153, 39.4], [-9.268647, 42.9385, 40.8], [-9.268422, 42.938768, 42.2], [-9.268219, 42.939222, 43.9], [-9.268004, 42.939577, 45.3], [-9.267622, 42.939655, 46.5], [-9.267176, 42.939705, 49.9], [-9.267031, 42.939879, 51.5], [-9.266993, 42.940212, 55.2], [-9.266998, 42.940785, 60.8], [-9.266648, 42.941259, 65.1], [-9.266296, 42.941722, 71.3], [-9.266148, 42.942128, 77.4], [-9.266053, 42.942862, 85.9], [-9.265769, 42.943133, 90.4], [-9.265556, 42.943752, 98.2], [-9.265621, 42.944322, 105.3], [-9.265502, 42.945356, 120.7], [-9.265077, 42.945712, 124.7], [-9.264365, 42.946042, 130.1], [-9.264292, 42.946323, 129.0], [-9.264183, 42.946682, 128.4], [-9.263844, 42.947254, 127.3], [-9.263449, 42.947599, 122.5], [-9.262863, 42.947856, 117.3], [-9.262017, 42.948063, 113.2], [-9.261609, 42.948298, 113.0], [-9.261108, 42.948638, 114.4], [-9.260614, 42.949043, 118.5], [-9.260431, 42.949407, 119.0], [-9.259924, 42.949825, 122.7], [-9.259469, 42.950438, 125.2], [-9.259522, 42.950765, 124.2], [-9.259692, 42.950931, 123.0], [-9.260338, 42.951067, 117.3], [-9.260886, 42.951264, 115.8], [-9.26135, 42.951643, 110.6], [-9.261411, 42.952208, 108.5], [-9.261318, 42.952612, 105.3], [-9.260955, 42.953031, 101.9], [-9.26075, 42.953723, 100.2], [-9.260782, 42.954353, 98.6], [-9.2606, 42.955385, 97.6], [-9.260975, 42.955841, 94.8], [-9.261489, 42.956315, 90.0], [-9.262437, 42.956259, 85.3], [-9.26326, 42.956804, 88.7], [-9.263918, 42.956812, 88.5], [-9.263805, 42.958214, 91.6], [-9.263079, 42.959095, 85.8], [-9.26188, 42.959528, 80.2], [-9.259952, 42.959717, 85.7], [-9.258307, 42.959786, 87.5], [-9.257153, 42.960532, 80.9], [-9.256822, 42.960856, 79.5], [-9.257531, 42.961824, 61.3], [-9.257154, 42.963332, 41.9], [-9.256967, 42.964896, 29.8], [-9.25662, 42.966267, 38.4], [-9.256214, 42.966731, 41.9], [-9.255211, 42.966793, 42.9], [-9.25433, 42.969109, 51.5], [-9.254006, 42.970681, 48.2], [-9.253667, 42.972358, 52.1], [-9.251469, 42.972188, 82.6], [-9.250992, 42.972605, 87.0], [-9.251198, 42.97339, 85.4], [-9.25316, 42.97773, 95.0], [-9.253095, 42.978479, 96.9], [-9.252799, 42.979012, 100.0], [-9.252702, 42.979821, 100.4], [-9.252778, 42.980271, 99.2], [-9.253444, 42.980878, 99.0], [-9.253571, 42.981536, 102.3], [-9.253824, 42.98243, 104.4], [-9.25392, 42.983036, 105.1], [-9.253987, 42.983554, 105.9], [-9.253851, 42.984005, 108.7], [-9.253655, 42.984304, 108.8], [-9.253325, 42.984667, 108.4], [-9.253312, 42.985088, 106.7], [-9.252706, 42.985365, 104.1], [-9.252438, 42.986093, 104.2], [-9.252148, 42.986342, 100.3], [-9.251108, 42.986739, 85.1], [-9.249486, 42.986984, 71.4], [-9.249287, 42.98725, 72.0], [-9.249114, 42.987337, 71.5], [-9.248869, 42.987594, 69.6], [-9.248628, 42.987752, 67.7], [-9.24852, 42.987787, 66.8], [-9.248462, 42.987884, 66.0], [-9.248382, 42.988, 63.2], [-9.248309, 42.988007, 62.2], [-9.248206, 42.987899, 61.0], [-9.248018, 42.987625, 57.7], [-9.247944, 42.987337, 56.6], [-9.248023, 42.986894, 53.6], [-9.247668, 42.986828, 49.2], [-9.24755, 42.986949, 47.4], [-9.247375, 42.9871, 43.4], [-9.247248, 42.987248, 42.4], [-9.246959, 42.987336, 41.4], [-9.246621, 42.987313, 41.1], [-9.246212, 42.987295, 39.2], [-9.245937, 42.987505, 37.5], [-9.245747, 42.987823, 36.7], [-9.24575, 42.988068, 34.3], [-9.245646, 42.988215, 32.0], [-9.24577, 42.988479, 31.0], [-9.245846, 42.988938, 26.9], [-9.246067, 42.989626, 26.8], [-9.245836, 42.990324, 22.6], [-9.245637, 42.99109, 19.1], [-9.245479, 42.99181, 15.9], [-9.245064, 42.992353, 11.9], [-9.244472, 42.992512, 9.0], [-9.244481, 42.992906, 8.5], [-9.244915, 42.993045, 10.5], [-9.244911, 42.99323, 10.8], [-9.244894, 42.993511, 11.1], [-9.244915, 42.993904, 9.2], [-9.244989, 42.99425, 8.6], [-9.24517, 42.99437, 8.7], [-9.245359, 42.994578, 8.0], [-9.245884, 42.994992, 8.1], [-9.246229, 42.995303, 6.8], [-9.246079, 42.995462, 5.0], [-9.245783, 42.995594, 4.7], [-9.24541, 42.995889, 6.8], [-9.246191, 42.996559, 5.5], [-9.246888, 42.997024, 5.1], [-9.246898, 42.997225, 5.8], [-9.246599, 42.997322, 6.5], [-9.245984, 42.997576, 8.6], [-9.245421, 42.997617, 11.3], [-9.244848, 42.99756, 16.8]]}}, {"type": "Feature", "properties": {"order": 38, "group": "camino-fisterra-muxia", "source_file": "fisterra-03c-muxia-lires.gpx", "reversed_from_source": true, "point_count": 153, "source": "CNIG/IGN - Rutas de Caminos de Santiago 2020-2026 (datos FEAACS)", "license": "CC-BY 4.0", "attribution": "Obra derivada de Rutas de Caminos de Santiago 2020-2026 CC-BY 4.0 FEAACS"}, "geometry": {"type": "LineString", "coordinates": [[-9.244799, 42.997551, 17.5], [-9.24447, 42.997886, 23.1], [-9.244362, 42.998222, 26.0], [-9.244234, 42.998595, 29.0], [-9.244293, 42.998939, 28.1], [-9.244212, 42.999423, 32.1], [-9.243993, 42.999831, 36.5], [-9.243451, 42.999964, 37.5], [-9.242898, 43.000703, 34.9], [-9.241954, 43.001519, 19.9], [-9.242286, 43.002828, 28.8], [-9.241251, 43.003649, 36.1], [-9.241374, 43.004553, 40.3], [-9.240822, 43.005607, 52.8], [-9.239644, 43.007088, 70.2], [-9.238588, 43.008203, 77.3], [-9.238401, 43.009093, 77.4], [-9.238102, 43.010052, 78.2], [-9.236771, 43.010226, 74.6], [-9.234757, 43.011224, 62.3], [-9.233363, 43.012076, 67.0], [-9.233709, 43.012411, 70.3], [-9.234282, 43.013005, 78.9], [-9.234383, 43.013437, 81.1], [-9.23479, 43.01379, 83.6], [-9.235301, 43.014115, 87.2], [-9.235709, 43.01478, 90.9], [-9.235933, 43.01558, 92.9], [-9.236167, 43.016213, 91.3], [-9.23662, 43.017042, 91.6], [-9.236649, 43.017603, 92.0], [-9.236333, 43.017849, 92.7], [-9.235851, 43.018126, 94.0], [-9.236577, 43.01857, 94.2], [-9.236785, 43.018963, 94.8], [-9.236635, 43.019205, 96.6], [-9.236514, 43.019619, 99.0], [-9.236245, 43.020736, 101.8], [-9.235671, 43.021723, 104.2], [-9.235593, 43.022312, 107.3], [-9.236111, 43.022891, 112.0], [-9.236414, 43.024359, 114.3], [-9.236542, 43.027006, 128.2], [-9.236576, 43.028669, 127.9], [-9.236241, 43.029295, 124.8], [-9.235756, 43.029647, 125.9], [-9.235263, 43.029933, 128.0], [-9.234725, 43.030367, 125.2], [-9.234597, 43.030913, 120.5], [-9.23462, 43.031295, 116.3], [-9.234937, 43.031548, 114.4], [-9.234864, 43.031969, 114.1], [-9.234553, 43.033113, 115.1], [-9.233809, 43.034331, 114.1], [-9.233403, 43.034555, 118.6], [-9.233223, 43.035049, 128.6], [-9.233842, 43.036612, 142.3], [-9.233844, 43.037388, 143.3], [-9.233572, 43.038628, 139.7], [-9.234145, 43.039598, 140.3], [-9.234775, 43.041115, 144.2], [-9.234842, 43.041922, 147.9], [-9.23429, 43.043436, 151.8], [-9.233446, 43.04463, 155.0], [-9.23272, 43.045186, 156.2], [-9.232248, 43.04582, 157.1], [-9.232149, 43.046354, 159.9], [-9.231085, 43.047865, 174.3], [-9.23041, 43.04929, 178.3], [-9.229956, 43.051028, 191.0], [-9.229895, 43.051942, 194.5], [-9.229279, 43.05237, 193.7], [-9.228212, 43.053252, 194.2], [-9.227857, 43.053707, 194.6], [-9.227742, 43.054602, 195.2], [-9.228446, 43.055036, 197.1], [-9.225884, 43.056233, 212.1], [-9.224825, 43.056526, 215.7], [-9.224701, 43.057422, 224.3], [-9.224783, 43.057923, 230.3], [-9.225862, 43.058723, 243.0], [-9.226668, 43.059575, 244.3], [-9.226376, 43.061007, 252.6], [-9.225937, 43.062336, 263.4], [-9.225506, 43.064136, 263.9], [-9.225514, 43.064969, 262.6], [-9.225777, 43.065449, 262.0], [-9.226122, 43.066039, 260.2], [-9.226848, 43.066574, 255.9], [-9.227886, 43.067512, 254.4], [-9.228244, 43.06834, 249.2], [-9.228192, 43.069102, 244.6], [-9.227534, 43.069548, 238.2], [-9.227132, 43.070441, 234.7], [-9.225761, 43.070699, 221.8], [-9.224893, 43.070861, 216.1], [-9.223862, 43.071167, 207.2], [-9.223091, 43.072135, 197.3], [-9.22204, 43.073087, 179.7], [-9.221383, 43.073978, 169.2], [-9.22086, 43.07419, 162.7], [-9.220559, 43.074534, 159.6], [-9.219488, 43.075238, 147.3], [-9.218871, 43.076184, 140.3], [-9.217978, 43.075846, 130.7], [-9.216041, 43.076844, 117.4], [-9.214015, 43.077786, 97.7], [-9.213261, 43.078858, 95.9], [-9.213707, 43.07901, 99.4], [-9.214045, 43.079495, 101.4], [-9.213949, 43.079969, 99.7], [-9.213501, 43.080439, 87.6], [-9.213775, 43.081561, 69.4], [-9.214713, 43.082446, 57.0], [-9.214252, 43.082575, 53.2], [-9.213973, 43.082869, 43.7], [-9.214007, 43.083198, 42.4], [-9.214434, 43.083435, 39.7], [-9.214798, 43.083746, 38.0], [-9.215277, 43.084259, 37.8], [-9.216006, 43.084898, 38.7], [-9.216656, 43.085453, 33.1], [-9.217731, 43.08623, 21.8], [-9.218238, 43.086776, 25.5], [-9.219025, 43.08772, 23.9], [-9.219468, 43.088249, 22.1], [-9.219922, 43.089043, 19.9], [-9.21986, 43.089603, 21.7], [-9.219676, 43.090297, 29.7], [-9.219824, 43.0912, 24.5], [-9.220274, 43.092195, 19.0], [-9.220382, 43.093249, 18.8], [-9.220358, 43.09443, 15.8], [-9.220378, 43.095516, 20.1], [-9.220757, 43.096353, 20.5], [-9.220938, 43.096867, 20.2], [-9.220574, 43.097946, 20.1], [-9.220277, 43.098794, 15.8], [-9.22004, 43.100054, 18.6], [-9.21985, 43.100964, 16.1], [-9.219515, 43.101405, 14.5], [-9.218973, 43.101861, 11.3], [-9.218228, 43.102588, 6.3], [-9.218312, 43.103732, 5.6], [-9.218537, 43.104681, 7.7], [-9.218795, 43.105335, 10.2], [-9.218682, 43.106583, 18.5], [-9.218663, 43.10703, 18.0], [-9.218799, 43.107737, 25.1], [-9.21937, 43.107999, 31.1], [-9.219516, 43.108647, 32.2], [-9.219398, 43.109533, 34.9], [-9.219495, 43.111438, 25.9]]}}, {"type": "Feature", "properties": {"order": 39, "group": "ramal-opcional-cabo-fisterra", "source_file": "fisterra-04a-corcubion-cabo-fisterra.gpx (tramo pueblo->cabo)", "reversed_from_source": false, "point_count": 65, "source": "CNIG/IGN - Rutas de Caminos de Santiago 2020-2026 (datos FEAACS)", "license": "CC-BY 4.0", "attribution": "Obra derivada de Rutas de Caminos de Santiago 2020-2026 CC-BY 4.0 FEAACS", "note": "Tramo opcional pueblo de Fisterra -> Cabo Fisterra (faro/km0). No es parte de la ruta troncal de Osyris (el alojamiento esta en el pueblo), se conserva como extension turistica/simbolica frecuente entre peregrinos."}, "geometry": {"type": "LineString", "coordinates": [[-9.264132, 42.913104, 21.1], [-9.263787, 42.911901, 20.5], [-9.263499, 42.910848, 23.3], [-9.262921, 42.910147, 26.0], [-9.262447, 42.909261, 20.5], [-9.262871, 42.908428, 13.6], [-9.263307, 42.907887, 9.4], [-9.263137, 42.907771, 10.1], [-9.262924, 42.907217, 12.5], [-9.262952, 42.906984, 16.3], [-9.26326, 42.906569, 19.8], [-9.263323, 42.906321, 22.2], [-9.263133, 42.905985, 20.5], [-9.2631, 42.905819, 18.8], [-9.263212, 42.905711, 19.8], [-9.263127, 42.905201, 16.7], [-9.26334, 42.904881, 16.1], [-9.263327, 42.904753, 15.0], [-9.262916, 42.90466, 11.1], [-9.262888, 42.904534, 10.3], [-9.262445, 42.904468, 11.0], [-9.262866, 42.903957, 15.3], [-9.263467, 42.903667, 20.4], [-9.263424, 42.903232, 25.7], [-9.263417, 42.902988, 29.3], [-9.263344, 42.902495, 33.4], [-9.263439, 42.901765, 40.6], [-9.263435, 42.901472, 43.1], [-9.263245, 42.901144, 45.4], [-9.263318, 42.90057, 50.2], [-9.26342, 42.899866, 56.8], [-9.263427, 42.899496, 57.3], [-9.263308, 42.899016, 56.4], [-9.263312, 42.898477, 59.9], [-9.263452, 42.897867, 59.0], [-9.263693, 42.897114, 65.6], [-9.263984, 42.896284, 72.6], [-9.264044, 42.895869, 71.0], [-9.263932, 42.895145, 75.7], [-9.263923, 42.894542, 79.3], [-9.264243, 42.894103, 82.3], [-9.264612, 42.893926, 83.8], [-9.265229, 42.89388, 85.6], [-9.26611, 42.893757, 91.2], [-9.266967, 42.893552, 94.3], [-9.267832, 42.89342, 97.8], [-9.267792, 42.893044, 99.4], [-9.267803, 42.892645, 100.9], [-9.267897, 42.89219, 102.2], [-9.267864, 42.891558, 106.2], [-9.267827, 42.89062, 110.2], [-9.267906, 42.889823, 111.3], [-9.268312, 42.889282, 117.5], [-9.268682, 42.888659, 119.2], [-9.269171, 42.888231, 119.4], [-9.26983, 42.888047, 120.0], [-9.270467, 42.888075, 120.5], [-9.270866, 42.88761, 121.0], [-9.271386, 42.886767, 123.6], [-9.271656, 42.885737, 128.3], [-9.271883, 42.884562, 130.5], [-9.271854, 42.884003, 127.4], [-9.271546, 42.883378, 125.2], [-9.271649, 42.882845, 121.3], [-9.271649, 42.882498, 121.1]]}}]}